FunctionalAssessment,ADL,MMSE,Reward,Nb Actions for Group 1 (Equal Choice for Recourse),Nb Actions for Group 2 (Equal Choice for Recourse),Average Number of Actions (Equal Choice for Recourse),Difference in Number of Actions (Equal Choice for Recourse),Mean Gower Distance
4.3106,1.4228,2.2063,1102.75,1.0,1.0,1.0,0.0,0.1974
,,,,,,,,
10.0,10.0,13.6485,,,,,,
2.656,2.6682,3.3578,1212.12,2.0,2.0,2.0,0.0,0.3875
,,,,,,,,
1.6456,3.1381,2.3686,1107.39,1.0,1.0,1.0,0.0,0.1762
,,,,,,,,
1.5077,3.8852,4.5397,1099.01,1.0,1.0,1.0,0.0,0.2181
,,,,,,,,
2.7772,1.8746,6.389,1102.22,1.0,1.0,1.0,0.0,0.2152
,,,,,,,,
0.3355,5.0098,6.8853,1100.43,1.0,1.0,1.0,0.0,0.2399
,,,,,,,,
1.635,2.9382,4.3213,1104.24,1.0,1.0,1.0,0.0,0.1916
,,,,,,,,
1.6915,3.763,6.0677,1098.79,1.0,1.0,1.0,0.0,0.2369
,,,,,,,,
2.6609,2.7779,2.4116,1105.88,1.0,1.0,1.0,0.0,0.1952
,,,,,,,,
2.3825,4.1348,0.0,1104.45,1.0,1.0,1.0,0.0,0.2004
,,,,,,,,
3.5277,1.9834,0.7359,1107.4,1.0,1.0,1.0,0.0,0.1768
,,,,,,,,
2.8548,1.9481,2.7052,1106.27,1.0,1.0,1.0,0.0,0.1787
,,,,,,,,
2.9123,1.9244,1.1328,1109.15,1.0,1.0,1.0,0.0,0.1621
,,,,,,,,
2.6342,2.0289,7.1462,1103.74,1.0,1.0,1.0,0.0,0.2242
,,,,,,,,
2.0757,2.9808,2.3813,1107.49,1.0,1.0,1.0,0.0,0.1842
,,,,,,,,
2.6358,2.5746,0.775,1108.95,1.0,1.0,1.0,0.0,0.1701
,,,,,,,,
2.6721,2.2122,0.346,1109.74,1.0,1.0,1.0,0.0,0.1554
,,,,,,,,
2.8699,2.564,0.8809,1108.77,1.0,1.0,1.0,0.0,0.1776
,,,,,,,,
1.469,3.083,4.5445,1106.64,1.0,1.0,1.0,0.0,0.1935
,,,,,,,,
2.9176,2.0676,1.323,1109.48,1.0,1.0,1.0,0.0,0.1687
,,,,,,,,
2.8651,1.6611,4.4023,1107.67,1.0,1.0,1.0,0.0,0.189
,,,,,,,,
2.9272,1.9372,0.3284,1111.0,1.0,1.0,1.0,0.0,0.154
,,,,,,,,
4.354,1.6768,0.8137,1107.66,1.0,1.0,1.0,0.0,0.191
,,,,,,,,
4.3913,1.6864,0.0,1108.51,1.0,1.0,1.0,0.0,0.1832
,,,,,,,,
3.5262,1.7435,0.0,1110.49,1.0,1.0,1.0,0.0,0.1612
,,,,,,,,
2.8709,1.975,0.8841,1110.46,1.0,1.0,1.0,0.0,0.1597
,,,,,,,,
3.4654,1.7636,0.0,1110.46,1.0,1.0,1.0,0.0,0.1601
,,,,,,,,
3.537,1.7084,0.89,1109.67,1.0,1.0,1.0,0.0,0.1703
,,,,,,,,
4.5384,1.4504,0.0,1108.82,1.0,1.0,1.0,0.0,0.1798
,,,,,,,,
1.1542,4.0853,4.2506,1105.92,1.0,1.0,1.0,0.0,0.2102
,,,,,,,,
3.5159,1.727,0.8974,1109.67,1.0,1.0,1.0,0.0,0.1703
,,,,,,,,
3.4789,1.7395,1.7934,1108.83,1.0,1.0,1.0,0.0,0.1797
,,,,,,,,
2.4957,3.1462,1.7317,1107.54,1.0,1.0,1.0,0.0,0.194
,,,,,,,,
3.6027,2.0523,0.0,1109.45,1.0,1.0,1.0,0.0,0.1728
,,,,,,,,
1.694,3.7377,3.1994,1106.44,1.0,1.0,1.0,0.0,0.2044
,,,,,,,,
4.2407,1.6745,1.7097,1107.2,1.0,1.0,1.0,0.0,0.1978
,,,,,,,,
3.0047,2.3532,0.0,1109.98,1.0,1.0,1.0,0.0,0.1652
,,,,,,,,
2.7775,2.3046,1.7739,1109.07,1.0,1.0,1.0,0.0,0.177
,,,,,,,,
3.4495,2.0257,0.0,1109.59,1.0,1.0,1.0,0.0,0.1677
,,,,,,,,
3.5304,1.752,0.0,1110.34,1.0,1.0,1.0,0.0,0.1616
,,,,,,,,
2.5934,1.7579,3.4806,1108.86,1.0,1.0,1.0,0.0,0.1741
,,,,,,,,
4.324,1.454,1.7372,1107.58,1.0,1.0,1.0,0.0,0.1935
,,,,,,,,
1.1453,3.1183,8.8582,1103.29,1.0,1.0,1.0,0.0,0.2322
,,,,,,,,
10.0,1.35,0.0,1102.14,1.0,1.0,1.0,0.0,0.2493
,,,,,,,,
4.3354,1.422,0.0,1109.1,1.0,1.0,1.0,0.0,0.1735
,,,,,,,,
4.3527,1.4399,0.0,1108.98,1.0,1.0,1.0,0.0,0.1746
,,,,,,,,
5.7527,1.4828,0.0,1105.91,1.0,1.0,1.0,0.0,0.2121
,,,,,,,,
4.2699,1.4425,1.5099,1107.98,1.0,1.0,1.0,0.0,0.1891
,,,,,,,,
10.0,1.4794,0.8536,1101.35,1.0,1.0,1.0,0.0,0.2628
,,,,,,,,
10.0,1.4699,0.0,1102.23,1.0,1.0,1.0,0.0,0.253
,,,,,,,,
10.0,1.4705,0.0,1102.23,1.0,1.0,1.0,0.0,0.253
,,,,,,,,
10.0,1.4486,0.0,1102.28,1.0,1.0,1.0,0.0,0.2524
,,,,,,,,
10.0,1.4806,0.0,1102.19,1.0,1.0,1.0,0.0,0.2534
,,,,,,,,
10.0,1.4753,0.0,1102.21,1.0,1.0,1.0,0.0,0.2532
,,,,,,,,
10.0,1.4849,0.0,1102.18,1.0,1.0,1.0,0.0,0.2535
,,,,,,,,
10.0,1.4711,0.8954,1101.33,1.0,1.0,1.0,0.0,0.263
,,,,,,,,
10.0,1.4771,0.0,1102.21,1.0,1.0,1.0,0.0,0.2532
,,,,,,,,
10.0,1.4803,0.0,1102.2,1.0,1.0,1.0,0.0,0.2533
,,,,,,,,
8.8984,1.4615,0.0,1102.45,1.0,1.0,1.0,0.0,0.2506
,,,,,,,,
10.0,1.4597,0.8893,1101.37,1.0,1.0,1.0,0.0,0.2626
,,,,,,,,
10.0,1.4786,0.0,1102.2,1.0,1.0,1.0,0.0,0.2533
,,,,,,,,
8.8594,1.4695,0.8976,1101.55,1.0,1.0,1.0,0.0,0.2606
,,,,,,,,
7.3319,1.4852,0.0,1103.58,1.0,1.0,1.0,0.0,0.238
,,,,,,,,
10.0,1.4789,0.8253,1101.38,1.0,1.0,1.0,0.0,0.2625
,,,,,,,,
4.1259,1.4543,0.0,1109.8,1.0,1.0,1.0,0.0,0.1689
,,,,,,,,
8.5552,1.4722,0.0,1102.6,1.0,1.0,1.0,0.0,0.2489
,,,,,,,,
4.4003,1.4842,0.0,1109.05,1.0,1.0,1.0,0.0,0.1772
,,,,,,,,
9.1354,1.4834,0.0,1102.15,1.0,1.0,1.0,0.0,0.2521
,,,,,,,,
8.2579,1.4728,0.8672,1101.91,1.0,1.0,1.0,0.0,0.2566
,,,,,,,,
8.8592,1.4462,0.0,1102.34,1.0,1.0,1.0,0.0,0.2499
,,,,,,,,
7.3597,1.487,0.0,1103.38,1.0,1.0,1.0,0.0,0.2384
,,,,,,,,
5.597,1.4772,0.0,1106.26,1.0,1.0,1.0,0.0,0.2082
,,,,,,,,
9.497,1.4766,0.8961,1101.35,1.0,1.0,1.0,0.0,0.2628
,,,,,,,,
5.3097,1.4694,0.0,1106.91,1.0,1.0,1.0,0.0,0.201
,,,,,,,,
5.8324,1.4718,0.0,1105.61,1.0,1.0,1.0,0.0,0.2137
,,,,,,,,
10.0,1.4665,0.8904,1101.35,1.0,1.0,1.0,0.0,0.2628
,,,,,,,,
9.6246,1.4768,0.8897,1101.33,1.0,1.0,1.0,0.0,0.263
,,,,,,,,
10.0,1.4834,1.7655,1100.43,1.0,1.0,1.0,0.0,0.273
,,,,,,,,
4.1596,1.4772,0.0,1109.66,1.0,1.0,1.0,0.0,0.1705
,,,,,,,,
3.8342,1.7857,0.0,1109.6,1.0,1.0,1.0,0.0,0.1711
,,,,,,,,
5.5999,1.1896,0.8908,1105.67,1.0,1.0,1.0,0.0,0.2093
,,,,,,,,
4.1362,1.4504,0.0,1109.79,1.0,1.0,1.0,0.0,0.169
,,,,,,,,
4.1242,1.4528,0.0,1109.81,1.0,1.0,1.0,0.0,0.1688
,,,,,,,,
5.3421,1.1951,0.894,1106.71,1.0,1.0,1.0,0.0,0.2032
,,,,,,,,
5.0143,1.474,0.8921,1106.7,1.0,1.0,1.0,0.0,0.2033
,,,,,,,,
4.1294,1.4658,1.7001,1108.06,1.0,1.0,1.0,0.0,0.1882
,,,,,,,,
4.4046,1.4577,0.0,1109.12,1.0,1.0,1.0,0.0,0.1765
,,,,,,,,
4.3681,1.4719,0.0,1109.0,1.0,1.0,1.0,0.0,0.1759
,,,,,,,,
3.5349,1.7583,0.0,1110.26,1.0,1.0,1.0,0.0,0.1619
,,,,,,,,
4.1425,1.48,0.0,1109.69,1.0,1.0,1.0,0.0,0.1701
,,,,,,,,
3.8373,1.7756,0.0,1109.62,1.0,1.0,1.0,0.0,0.1709
,,,,,,,,
5.3106,1.1734,1.7935,1105.94,1.0,1.0,1.0,0.0,0.2118
,,,,,,,,
3.5506,1.7738,0.0,1110.19,1.0,1.0,1.0,0.0,0.1628
,,,,,,,,
3.8629,1.7737,0.0,1109.56,1.0,1.0,1.0,0.0,0.1716
,,,,,,,,
3.5497,1.7793,0.0,1110.34,1.0,1.0,1.0,0.0,0.1629
,,,,,,,,
4.1169,1.454,0.0,1109.67,1.0,1.0,1.0,0.0,0.1686
,,,,,,,,
5.2903,1.1837,1.7257,1106.03,1.0,1.0,1.0,0.0,0.2108
,,,,,,,,
4.1524,1.4453,0.8805,1108.88,1.0,1.0,1.0,0.0,0.1791
,,,,,,,,
4.1229,1.4785,0.8686,1108.87,1.0,1.0,1.0,0.0,0.1792
,,,,,,,,
3.803,1.7881,0.0,1109.57,1.0,1.0,1.0,0.0,0.1703
,,,,,,,,
3.5206,2.3605,0.0,1108.64,1.0,1.0,1.0,0.0,0.1799
,,,,,,,,
3.4935,1.769,0.8913,1109.61,1.0,1.0,1.0,0.0,0.171
,,,,,,,,
3.5509,1.7466,0.8732,1109.55,1.0,1.0,1.0,0.0,0.1717
,,,,,,,,
4.1074,1.4797,1.7844,1107.99,1.0,1.0,1.0,0.0,0.189
,,,,,,,,
3.4953,1.7376,0.0,1110.59,1.0,1.0,1.0,0.0,0.1601
,,,,,,,,
3.5541,1.7445,0.8507,1109.56,1.0,1.0,1.0,0.0,0.1715
,,,,,,,,
4.1349,1.4571,0.8907,1108.88,1.0,1.0,1.0,0.0,0.1791
,,,,,,,,
4.1282,1.4696,1.7483,1108.0,1.0,1.0,1.0,0.0,0.1889
,,,,,,,,
4.1487,1.4523,1.7671,1107.82,1.0,1.0,1.0,0.0,0.1891
,,,,,,,,
2.9413,2.3593,0.0,1110.28,1.0,1.0,1.0,0.0,0.1635
,,,,,,,,
3.5094,1.75,0.8879,1109.63,1.0,1.0,1.0,0.0,0.1708
,,,,,,,,
4.7314,1.4669,1.753,1106.38,1.0,1.0,1.0,0.0,0.205
,,,,,,,,
4.1104,1.4727,0.8978,1108.74,1.0,1.0,1.0,0.0,0.179
,,,,,,,,
3.8159,1.7703,1.7913,1107.74,1.0,1.0,1.0,0.0,0.19
,,,,,,,,
2.9481,2.3344,0.0,1110.33,1.0,1.0,1.0,0.0,0.163
,,,,,,,,
3.5607,1.7794,0.0,1110.3,1.0,1.0,1.0,0.0,0.1633
,,,,,,,,
3.2729,1.7537,2.5616,1108.54,1.0,1.0,1.0,0.0,0.1829
,,,,,,,,
3.5327,1.7295,0.8721,1109.48,1.0,1.0,1.0,0.0,0.1706
,,,,,,,,
3.5475,2.0364,0.0,1109.48,1.0,1.0,1.0,0.0,0.1707
,,,,,,,,
2.654,2.6267,0.8932,1109.06,1.0,1.0,1.0,0.0,0.1736
,,,,,,,,
3.525,1.7523,0.897,1109.57,1.0,1.0,1.0,0.0,0.1714
,,,,,,,,
3.8646,1.7615,2.676,1106.26,1.0,1.0,1.0,0.0,0.201
,,,,,,,,
2.9008,2.0451,1.6834,1109.56,1.0,1.0,1.0,0.0,0.1716
,,,,,,,,
3.517,1.7742,0.8831,1109.55,1.0,1.0,1.0,0.0,0.1717
,,,,,,,,
2.9307,1.9732,0.8933,1110.3,1.0,1.0,1.0,0.0,0.1615
,,,,,,,,
2.9217,2.3616,0.0,1110.16,1.0,1.0,1.0,0.0,0.1631
,,,,,,,,
2.9416,2.0633,0.8951,1110.2,1.0,1.0,1.0,0.0,0.1645
,,,,,,,,
3.5108,1.7612,0.0,1110.32,1.0,1.0,1.0,0.0,0.1613
,,,,,,,,
2.9388,2.2814,0.0,1110.34,1.0,1.0,1.0,0.0,0.1611
,,,,,,,,
2.8619,2.364,0.0,1110.46,1.0,1.0,1.0,0.0,0.1615
,,,,,,,,
3.5307,2.0419,0.0,1109.49,1.0,1.0,1.0,0.0,0.1705
,,,,,,,,
3.5147,2.0649,0.0,1109.48,1.0,1.0,1.0,0.0,0.1707
,,,,,,,,
3.5405,1.7641,1.7203,1108.68,1.0,1.0,1.0,0.0,0.1813
,,,,,,,,
3.5502,1.7352,1.755,1108.7,1.0,1.0,1.0,0.0,0.1811
,,,,,,,,
3.7979,1.7792,0.8771,1108.69,1.0,1.0,1.0,0.0,0.1796
,,,,,,,,
4.1388,1.4634,2.6426,1106.94,1.0,1.0,1.0,0.0,0.1989
,,,,,,,,
3.4854,2.3354,0.0,1108.97,1.0,1.0,1.0,0.0,0.1781
,,,,,,,,
4.4286,1.4832,1.7502,1107.07,1.0,1.0,1.0,0.0,0.1974
,,,,,,,,
3.2603,1.7866,0.854,1110.19,1.0,1.0,1.0,0.0,0.1646
,,,,,,,,
2.6218,2.3817,0.836,1110.19,1.0,1.0,1.0,0.0,0.1646
,,,,,,,,
4.1305,1.4543,1.7523,1107.88,1.0,1.0,1.0,0.0,0.1885
,,,,,,,,
3.1956,2.0281,1.7569,1108.78,1.0,1.0,1.0,0.0,0.1802
,,,,,,,,
2.943,2.0744,0.8546,1110.2,1.0,1.0,1.0,0.0,0.1644
,,,,,,,,
4.3872,1.4893,1.7629,1107.31,1.0,1.0,1.0,0.0,0.1966
,,,,,,,,
2.9086,2.0737,0.8807,1110.26,1.0,1.0,1.0,0.0,0.1638
,,,,,,,,
3.2236,2.0715,0.8855,1109.47,1.0,1.0,1.0,0.0,0.1726
,,,,,,,,
3.5149,1.7599,1.7537,1108.72,1.0,1.0,1.0,0.0,0.1809
,,,,,,,,
2.9257,2.3635,0.0,1109.98,1.0,1.0,1.0,0.0,0.1633
,,,,,,,,
3.534,1.7213,1.7898,1108.43,1.0,1.0,1.0,0.0,0.1806
,,,,,,,,
3.529,1.7083,2.5721,1108.02,1.0,1.0,1.0,0.0,0.1887
,,,,,,,,
2.9672,2.0599,0.881,1109.83,1.0,1.0,1.0,0.0,0.165
,,,,,,,,
3.5483,1.7709,1.7725,1108.59,1.0,1.0,1.0,0.0,0.1823
,,,,,,,,
2.6544,2.3136,0.8919,1110.24,1.0,1.0,1.0,0.0,0.164
,,,,,,,,
3.5584,1.9764,1.7506,1108.02,1.0,1.0,1.0,0.0,0.1887
,,,,,,,,
4.4042,1.4536,1.7683,1107.04,1.0,1.0,1.0,0.0,0.196
,,,,,,,,
2.9163,2.0451,0.8373,1110.37,1.0,1.0,1.0,0.0,0.1626
,,,,,,,,
2.9354,2.0401,0.8937,1110.11,1.0,1.0,1.0,0.0,0.1636
,,,,,,,,
3.2689,1.7452,1.78,1109.36,1.0,1.0,1.0,0.0,0.1738
,,,,,,,,
4.0962,1.7809,1.7599,1107.04,1.0,1.0,1.0,0.0,0.1978
,,,,,,,,
2.9055,2.0794,1.7619,1109.38,1.0,1.0,1.0,0.0,0.1736
,,,,,,,,
3.5422,1.7534,1.7803,1108.65,1.0,1.0,1.0,0.0,0.1817
,,,,,,,,
2.9364,2.0403,0.8943,1110.11,1.0,1.0,1.0,0.0,0.1636
,,,,,,,,
4.7246,1.4286,2.6272,1105.79,1.0,1.0,1.0,0.0,0.2134
,,,,,,,,
2.6404,1.3865,4.3956,1108.7,1.0,1.0,1.0,0.0,0.1741
,,,,,,,,
3.5269,1.7616,1.76,1108.68,1.0,1.0,1.0,0.0,0.1813
,,,,,,,,
3.5277,1.761,0.893,1109.55,1.0,1.0,1.0,0.0,0.1717
,,,,,,,,
3.4863,1.7421,0.8889,1109.39,1.0,1.0,1.0,0.0,0.1699
,,,,,,,,
2.9465,2.0726,0.8879,1110.16,1.0,1.0,1.0,0.0,0.1649
,,,,,,,,
2.6432,2.3504,0.8905,1110.17,1.0,1.0,1.0,0.0,0.1648
,,,,,,,,
3.526,1.7609,1.7751,1108.66,1.0,1.0,1.0,0.0,0.1815
,,,,,,,,
3.4344,1.7444,1.7675,1108.82,1.0,1.0,1.0,0.0,0.1782
,,,,,,,,
4.1532,1.4633,1.6945,1108.02,1.0,1.0,1.0,0.0,0.1887
,,,,,,,,
3.8281,1.9938,1.729,1107.0,1.0,1.0,1.0,0.0,0.1965
,,,,,,,,
2.6159,2.6495,0.8941,1109.25,1.0,1.0,1.0,0.0,0.1732
,,,,,,,,
2.6034,4.0921,0.0,1105.86,1.0,1.0,1.0,0.0,0.2055
,,,,,,,,
2.6271,2.2983,0.8791,1110.04,1.0,1.0,1.0,0.0,0.1626
,,,,,,,,
4.1437,1.4416,2.6601,1107.13,1.0,1.0,1.0,0.0,0.1986
,,,,,,,,
2.9309,2.0529,0.8885,1110.09,1.0,1.0,1.0,0.0,0.1638
,,,,,,,,
2.93,3.7519,0.0,1106.58,1.0,1.0,1.0,0.0,0.2047
,,,,,,,,
4.1475,1.9448,1.7346,1106.65,1.0,1.0,1.0,0.0,0.2039
,,,,,,,,
3.4858,1.7672,0.8678,1109.39,1.0,1.0,1.0,0.0,0.1704
,,,,,,,,
2.8964,3.1868,0.0,1108.14,1.0,1.0,1.0,0.0,0.1873
,,,,,,,,
2.9006,2.0491,0.8962,1110.16,1.0,1.0,1.0,0.0,0.163
,,,,,,,,
2.9664,2.0564,0.8882,1110.16,1.0,1.0,1.0,0.0,0.1649
,,,,,,,,
3.2225,1.9997,1.7614,1108.3,1.0,1.0,1.0,0.0,0.1801
,,,,,,,,
2.9302,2.0679,0.8704,1109.9,1.0,1.0,1.0,0.0,0.1641
,,,,,,,,
3.8011,1.7383,1.7719,1108.04,1.0,1.0,1.0,0.0,0.1884
,,,,,,,,
4.1265,1.4533,2.6669,1106.98,1.0,1.0,1.0,0.0,0.1985
,,,,,,,,
2.9077,2.0517,0.8681,1109.54,1.0,1.0,1.0,0.0,0.1629
,,,,,,,,
3.4792,1.7789,1.7501,1108.44,1.0,1.0,1.0,0.0,0.1804
,,,,,,,,
3.5385,1.7445,0.8835,1109.57,1.0,1.0,1.0,0.0,0.1714
,,,,,,,,
3.2097,2.0297,1.7874,1107.58,1.0,1.0,1.0,0.0,0.181
,,,,,,,,
2.8745,2.0426,0.8964,1110.26,1.0,1.0,1.0,0.0,0.162
,,,,,,,,
5.0067,1.1609,2.6502,1105.51,1.0,1.0,1.0,0.0,0.2129
,,,,,,,,
3.5147,1.4048,3.4924,1107.97,1.0,1.0,1.0,0.0,0.1892
,,,,,,,,
3.1413,2.0634,1.634,1108.38,1.0,1.0,1.0,0.0,0.1783
,,,,,,,,
4.6763,1.4438,2.6585,1105.84,1.0,1.0,1.0,0.0,0.2129
,,,,,,,,
2.5661,2.6154,4.8591,1102.43,1.0,1.0,1.0,0.0,0.2148
,,,,,,,,
3.804,1.7785,1.7107,1107.61,1.0,1.0,1.0,0.0,0.1891
,,,,,,,,
2.6528,2.3678,0.8828,1110.1,1.0,1.0,1.0,0.0,0.1655
,,,,,,,,
2.856,2.0549,2.461,1108.43,1.0,1.0,1.0,0.0,0.1792
,,,,,,,,
2.6304,2.3457,0.8871,1109.75,1.0,1.0,1.0,0.0,0.1643
,,,,,,,,
1.7131,2.8668,3.4852,1107.85,1.0,1.0,1.0,0.0,0.1825
,,,,,,,,
4.1177,1.4679,2.6758,1107.11,1.0,1.0,1.0,0.0,0.1988
,,,,,,,,
2.809,2.0211,2.4372,1108.62,1.0,1.0,1.0,0.0,0.1766
,,,,,,,,
4.1153,1.4739,2.6414,1106.98,1.0,1.0,1.0,0.0,0.1985
,,,,,,,,
3.4613,1.7334,1.6268,1108.93,1.0,1.0,1.0,0.0,0.1771
,,,,,,,,
3.7756,1.7358,1.7712,1107.97,1.0,1.0,1.0,0.0,0.1876
,,,,,,,,
3.4378,1.7615,2.6394,1108.03,1.0,1.0,1.0,0.0,0.1886
,,,,,,,,
2.583,2.3108,1.7373,1109.42,1.0,1.0,1.0,0.0,0.1713
,,,,,,,,
2.9172,1.959,0.8638,1110.41,1.0,1.0,1.0,0.0,0.1603
,,,,,,,,
3.469,1.7737,2.5858,1107.66,1.0,1.0,1.0,0.0,0.1893
,,,,,,,,
2.9332,2.0553,1.7431,1109.39,1.0,1.0,1.0,0.0,0.1734
,,,,,,,,
4.1348,1.4288,2.623,1106.9,1.0,1.0,1.0,0.0,0.1975
,,,,,,,,
2.846,2.0275,1.4726,1109.48,1.0,1.0,1.0,0.0,0.1672
,,,,,,,,
2.6099,2.6165,4.0989,1104.72,1.0,1.0,1.0,0.0,0.2076
,,,,,,,,
2.6267,2.8907,0.8763,1108.27,1.0,1.0,1.0,0.0,0.1806
,,,,,,,,
2.7696,2.2699,1.7164,1108.46,1.0,1.0,1.0,0.0,0.1751
,,,,,,,,
2.6142,2.3031,0.8777,1109.44,1.0,1.0,1.0,0.0,0.1624
,,,,,,,,
1.8736,2.5949,7.7053,1100.76,1.0,1.0,1.0,0.0,0.2255
,,,,,,,,
-0.4359,8.5951,8.4834,1090.44,1.0,1.0,1.0,0.0,0.3251
,,,,,,,,
4.355,1.2647,1.5435,1108.23,1.0,1.0,1.0,0.0,0.1863
,,,,,,,,
3.4971,1.7516,2.4124,1107.68,1.0,1.0,1.0,0.0,0.1874
,,,,,,,,
3.8673,1.737,2.6321,1106.86,1.0,1.0,1.0,0.0,0.1998
,,,,,,,,
2.8373,2.0032,0.8578,1110.66,1.0,1.0,1.0,0.0,0.1593
,,,,,,,,
2.6383,2.3378,0.8899,1110.21,1.0,1.0,1.0,0.0,0.1643
,,,,,,,,
3.4981,1.7183,2.4462,1108.03,1.0,1.0,1.0,0.0,0.1868
,,,,,,,,
4.322,1.4736,1.7327,1107.38,1.0,1.0,1.0,0.0,0.194
,,,,,,,,
2.5718,2.1026,3.3942,1104.15,1.0,1.0,1.0,0.0,0.1831
,,,,,,,,
4.3131,1.4776,1.6048,1107.52,1.0,1.0,1.0,0.0,0.1925
,,,,,,,,
4.3372,1.4333,2.6414,1106.44,1.0,1.0,1.0,0.0,0.2032
,,,,,,,,
2.6019,2.1936,3.1815,1104.86,1.0,1.0,1.0,0.0,0.1843
,,,,,,,,
2.4526,2.8853,0.8613,1109.22,1.0,1.0,1.0,0.0,0.1753
,,,,,,,,
1.7063,3.0599,6.0583,1104.74,1.0,1.0,1.0,0.0,0.2166
,,,,,,,,
2.0307,2.4375,8.8488,1098.32,1.0,1.0,1.0,0.0,0.2376
,,,,,,,,
3.3291,1.7556,1.7379,1108.8,1.0,1.0,1.0,0.0,0.1753
,,,,,,,,
2.6376,2.2829,1.7327,1108.6,1.0,1.0,1.0,0.0,0.172
,,,,,,,,
4.2304,1.3958,1.6588,1107.83,1.0,1.0,1.0,0.0,0.1883
,,,,,,,,
1.7732,2.8123,5.5238,1100.38,1.0,1.0,1.0,0.0,0.2052
,,,,,,,,
2.5376,2.9216,2.3362,1102.81,1.0,1.0,1.0,0.0,0.1952
,,,,,,,,
2.359,2.8898,0.9409,1105.18,1.0,1.0,1.0,0.0,0.1736
,,,,,,,,
4.3461,1.4647,1.6619,1107.43,1.0,1.0,1.0,0.0,0.1936
,,,,,,,,
4.2719,1.6352,2.2499,1106.64,1.0,1.0,1.0,0.0,0.2034
,,,,,,,,
3.4209,1.7874,2.4011,1107.96,1.0,1.0,1.0,0.0,0.1862
,,,,,,,,
1.3607,4.0928,3.3183,1101.28,1.0,1.0,1.0,0.0,0.2063
,,,,,,,,
2.6521,2.2844,1.6568,1109.56,1.0,1.0,1.0,0.0,0.1716
,,,,,,,,
3.1999,2.115,2.4478,1107.39,1.0,1.0,1.0,0.0,0.1906
,,,,,,,,
1.6692,3.0081,6.6034,1102.14,1.0,1.0,1.0,0.0,0.22
,,,,,,,,
1.5894,3.0906,3.8344,1106.03,1.0,1.0,1.0,0.0,0.1894
,,,,,,,,
2.7661,1.9906,1.632,1110.1,1.0,1.0,1.0,0.0,0.1656
,,,,,,,,
2.7732,2.6528,2.3804,1107.06,1.0,1.0,1.0,0.0,0.1942
,,,,,,,,
1.3736,4.1994,5.9346,1100.38,1.0,1.0,1.0,0.0,0.2388
,,,,,,,,
3.3354,1.0448,8.0583,,,,,,
1.0178,2.6474,13.6003,1221.4,2.0,2.0,2.0,0.0,0.2416
,,,,,,,,
1.5434,3.1311,2.6456,1107.38,1.0,1.0,1.0,0.0,0.176
,,,,,,,,
0.7818,1.5843,14.4426,,,,,,
7.4265,1.472,1.9386,1227.91,2.0,2.0,2.0,0.0,0.2439
,,,,,,,,
2.4721,3.0461,2.2531,1107.17,1.0,1.0,1.0,0.0,0.1961
,,,,,,,,
2.6347,2.8736,1.4482,1107.87,1.0,1.0,1.0,0.0,0.1867
,,,,,,,,
3.4605,1.7769,2.6278,1107.69,1.0,1.0,1.0,0.0,0.1896
,,,,,,,,
0.1631,4.3355,10.2586,1098.6,1.0,1.0,1.0,0.0,0.2506
,,,,,,,,
2.8891,2.4606,0.5635,1109.56,1.0,1.0,1.0,0.0,0.1715
,,,,,,,,
2.9438,1.9608,2.2188,1107.22,1.0,1.0,1.0,0.0,0.1762
,,,,,,,,
2.8997,2.029,1.5017,1109.62,1.0,1.0,1.0,0.0,0.1691
,,,,,,,,
3.7439,1.3195,3.6841,1103.54,1.0,1.0,1.0,0.0,0.1951
,,,,,,,,
3.4705,1.7676,1.2345,1109.33,1.0,1.0,1.0,0.0,0.1741
,,,,,,,,
2.2075,2.8117,4.212,1100.69,1.0,1.0,1.0,0.0,0.2033
,,,,,,,,
4.4037,1.6657,2.5904,1105.84,1.0,1.0,1.0,0.0,0.2117
,,,,,,,,
2.627,2.3075,0.8612,1110.31,1.0,1.0,1.0,0.0,0.1627
,,,,,,,,
2.7453,2.1326,6.269,1102.1,1.0,1.0,1.0,0.0,0.2208
,,,,,,,,
2.5179,2.452,4.9063,1103.34,1.0,1.0,1.0,0.0,0.2089
,,,,,,,,
1.5864,2.4241,10.6193,1100.68,1.0,1.0,1.0,0.0,0.2419
,,,,,,,,
3.48,1.6413,3.3408,1107.29,1.0,1.0,1.0,0.0,0.1938
,,,,,,,,
2.0054,2.3844,8.1631,1100.5,1.0,1.0,1.0,0.0,0.2279
,,,,,,,,
1.006,3.5422,7.0312,,,,,,
2.482,1.4421,2.9074,1104.89,1.0,1.0,1.0,0.0,0.1877
,,,,,,,,
2.5552,1.9325,6.4559,1103.59,1.0,1.0,1.0,0.0,0.2114
,,,,,,,,
3.7876,1.2307,7.9808,1098.88,1.0,1.0,1.0,0.0,0.241
,,,,,,,,
2.9187,1.2569,6.6341,,,,,,
1.735,2.8172,4.2702,1225.96,2.0,2.0,2.0,0.0,0.1965
,,,,,,,,
2.557,1.9355,3.2575,1109.16,1.0,1.0,1.0,0.0,0.176
,,,,,,,,
1.0716,3.152,10.0961,1096.0,1.0,1.0,1.0,0.0,0.2434
,,,,,,,,
0.5656,3.2606,9.2575,1102.06,1.0,1.0,1.0,0.0,0.2224
,,,,,,,,
2.8666,2.3187,2.7827,1107.53,1.0,1.0,1.0,0.0,0.1912
,,,,,,,,
2.815,2.2194,2.2138,1108.6,1.0,1.0,1.0,0.0,0.1804
,,,,,,,,
2.5471,2.1464,8.1707,1100.7,1.0,1.0,1.0,0.0,0.2364
,,,,,,,,
2.8229,2.4785,3.5949,1106.08,1.0,1.0,1.0,0.0,0.2038
,,,,,,,,
2.4306,3.1482,1.5853,1107.36,1.0,1.0,1.0,0.0,0.1905
,,,,,,,,
2.9044,2.0737,1.7415,1109.23,1.0,1.0,1.0,0.0,0.1732
,,,,,,,,
3.7024,1.9763,2.5895,1106.47,1.0,1.0,1.0,0.0,0.202
,,,,,,,,
2.6526,1.7033,4.1449,1108.56,1.0,1.0,1.0,0.0,0.1815
,,,,,,,,
2.6231,1.8306,3.1095,1109.32,1.0,1.0,1.0,0.0,0.1731
,,,,,,,,
2.6432,2.1773,2.4364,1109.1,1.0,1.0,1.0,0.0,0.1767
,,,,,,,,
2.8474,2.9353,3.0668,,,,,,
1.3073,3.1278,8.9577,1220.12,2.0,2.0,2.0,0.0,0.2254
,,,,,,,,
2.6296,2.3144,1.6656,1106.18,1.0,1.0,1.0,0.0,0.1719
,,,,,,,,
0.5099,3.0496,9.3496,1098.36,1.0,1.0,1.0,0.0,0.2153
,,,,,,,,
3.7672,1.4143,5.0649,1103.34,1.0,1.0,1.0,0.0,0.214
,,,,,,,,
0.8131,4.8069,6.5126,1099.98,1.0,1.0,1.0,0.0,0.2455
,,,,,,,,
2.7295,2.3477,1.0533,1107.36,1.0,1.0,1.0,0.0,0.169
,,,,,,,,
2.5969,2.5508,4.8763,1104.25,1.0,1.0,1.0,0.0,0.2139
,,,,,,,,
2.6696,1.9335,2.307,1105.81,1.0,1.0,1.0,0.0,0.1686
,,,,,,,,
1.4721,3.5444,2.4459,1106.78,1.0,1.0,1.0,0.0,0.1838
,,,,,,,,
2.3496,2.3095,5.4158,1103.44,1.0,1.0,1.0,0.0,0.2055
,,,,,,,,
2.77,1.5386,4.6895,1103.36,1.0,1.0,1.0,0.0,0.1857
,,,,,,,,
0.2904,2.8784,13.1483,,,,,,
2.6193,2.9109,7.012,1227.19,2.0,2.0,2.0,0.0,0.2443
,,,,,,,,
0.4512,2.2429,12.8979,,,,,,
4.2347,3.0836,5.5693,1224.6,2.0,2.0,2.0,0.0,0.2533
,,,,,,,,
2.7922,1.9507,4.3045,1104.7,1.0,1.0,1.0,0.0,0.1948
,,,,,,,,
2.8587,2.4705,-0.1383,1108.9,1.0,1.0,1.0,0.0,0.1662
,,,,,,,,
3.7486,1.9725,1.9704,1107.19,1.0,1.0,1.0,0.0,0.1964
,,,,,,,,
0.3691,2.3428,13.0308,,,,,,
3.0096,3.2147,8.3872,1347.53,3.0,3.0,3.0,0.0,0.242
3.1137,1.7418,6.0938,,,,,,
,,,,,,,,
2.5827,1.9723,3.0465,1109.2,1.0,1.0,1.0,0.0,0.1755
,,,,,,,,
2.8355,2.229,3.0894,1107.49,1.0,1.0,1.0,0.0,0.191
,,,,,,,,
0.5609,3.4178,10.9352,1099.51,1.0,1.0,1.0,0.0,0.2434
,,,,,,,,
1.1707,3.7102,8.2567,1100.58,1.0,1.0,1.0,0.0,0.2439
,,,,,,,,
2.9386,2.1241,1.9419,1108.57,1.0,1.0,1.0,0.0,0.1779
,,,,,,,,
1.9685,3.0712,2.5354,1100.76,1.0,1.0,1.0,0.0,0.1855
,,,,,,,,
1.4342,3.1516,7.2858,1100.9,1.0,1.0,1.0,0.0,0.2249
,,,,,,,,
1.6556,2.1589,11.6909,1099.17,1.0,1.0,1.0,0.0,0.2462
,,,,,,,,
2.6259,2.2777,4.0897,1105.94,1.0,1.0,1.0,0.0,0.1977
,,,,,,,,
2.367,2.9831,1.1714,1107.87,1.0,1.0,1.0,0.0,0.1792
,,,,,,,,
2.8685,1.9207,2.3476,1108.98,1.0,1.0,1.0,0.0,0.1743
,,,,,,,,
2.5857,1.7306,4.2469,1108.24,1.0,1.0,1.0,0.0,0.1816
,,,,,,,,
2.6723,2.114,2.5373,1108.72,1.0,1.0,1.0,0.0,0.1767
,,,,,,,,
2.8221,1.7592,3.4472,1107.04,1.0,1.0,1.0,0.0,0.1802
,,,,,,,,
2.602,2.3203,2.7366,1108.26,1.0,1.0,1.0,0.0,0.1832
,,,,,,,,
1.9478,2.9598,3.2991,1106.16,1.0,1.0,1.0,0.0,0.19
,,,,,,,,
2.6873,2.4314,3.9103,1101.72,1.0,1.0,1.0,0.0,0.202
,,,,,,,,
2.6352,1.7413,4.1042,1107.07,1.0,1.0,1.0,0.0,0.1817
,,,,,,,,
2.5376,2.3659,6.0758,1102.09,1.0,1.0,1.0,0.0,0.2199
,,,,,,,,
2.577,1.9362,5.0751,1104.66,1.0,1.0,1.0,0.0,0.1968
,,,,,,,,
2.0241,1.8671,10.258,1103.22,1.0,1.0,1.0,0.0,0.2342
,,,,,,,,
1.9071,2.8572,6.3732,,,,,,
2.8013,2.7317,7.8088,1344.57,3.0,3.0,3.0,0.0,0.2398
2.6953,2.4264,7.5093,,,,,,
,,,,,,,,
2.858,1.8034,3.2409,1107.95,1.0,1.0,1.0,0.0,0.1803
,,,,,,,,
2.6336,1.9105,2.5879,1109.39,1.0,1.0,1.0,0.0,0.1701
,,,,,,,,
2.6223,2.0099,2.098,1108.55,1.0,1.0,1.0,0.0,0.1673
,,,,,,,,
2.6696,1.9479,3.7922,1106.12,1.0,1.0,1.0,0.0,0.1856
,,,,,,,,
2.8425,1.5023,4.4085,1105.75,1.0,1.0,1.0,0.0,0.1835
,,,,,,,,
4.2286,1.3466,2.8454,1104.66,1.0,1.0,1.0,0.0,0.1999
,,,,,,,,
2.3979,2.9056,0.7023,1106.47,1.0,1.0,1.0,0.0,0.1726
,,,,,,,,
1.566,2.6521,9.1581,1099.99,1.0,1.0,1.0,0.0,0.2338
,,,,,,,,
2.5578,2.1582,3.2054,1108.2,1.0,1.0,1.0,0.0,0.1822
,,,,,,,,
2.5574,2.3845,3.0026,1105.7,1.0,1.0,1.0,0.0,0.1868
,,,,,,,,
0.5847,3.8894,7.7474,,,,,,
2.2463,2.7141,5.356,1103.93,1.0,1.0,1.0,0.0,0.2197
,,,,,,,,
2.4357,3.9011,1.7223,1105.57,1.0,1.0,1.0,0.0,0.2142
,,,,,,,,
1.734,2.302,5.9769,,,,,,
1.169,3.6993,9.6588,1224.43,2.0,2.0,2.0,0.0,0.2067
1.8789,3.1272,1.0882,,,,,,
,,,,,,,,
2.5789,1.5056,5.7293,1107.4,1.0,1.0,1.0,0.0,0.1909
,,,,,,,,
2.7275,2.2458,4.9594,1101.26,1.0,1.0,1.0,0.0,0.2092
,,,,,,,,
3.7623,1.3216,6.0548,1100.43,1.0,1.0,1.0,0.0,0.222
,,,,,,,,
2.9517,1.7023,3.1923,1105.69,1.0,1.0,1.0,0.0,0.1792
,,,,,,,,
2.0766,2.9597,2.5639,1104.01,1.0,1.0,1.0,0.0,0.1857
,,,,,,,,
2.5887,1.5702,4.3194,1108.94,1.0,1.0,1.0,0.0,0.1775
,,,,,,,,
2.6293,1.6882,5.0531,1103.9,1.0,1.0,1.0,0.0,0.1904
,,,,,,,,
0.8571,2.5214,12.2333,,,,,,
3.4854,3.2634,11.502,,,,,,
1.3867,3.1482,6.0351,1348.17,3.0,3.0,3.0,0.0,0.2981
3.7626,5.4399,13.0337,,,,,,
,,,,,,,,
3.1111,2.587,6.7188,,,,,,
2.3203,2.7771,8.6428,1344.98,3.0,3.0,3.0,0.0,0.2385
2.4367,2.4193,5.4487,,,,,,
,,,,,,,,
1.0776,2.9119,7.7776,,,,,,
1.0188,3.3864,5.6201,1098.75,1.0,1.0,1.0,0.0,0.2067
,,,,,,,,
1.9934,2.3287,8.7931,1100.34,1.0,1.0,1.0,0.0,0.2326
,,,,,,,,
2.3619,2.905,6.6514,,,,,,
2.485,2.2675,6.083,1221.0,2.0,2.0,2.0,0.0,0.2265
,,,,,,,,
2.7948,2.269,2.8533,1103.46,1.0,1.0,1.0,0.0,0.1884
,,,,,,,,
1.7477,2.8345,4.2092,1104.06,1.0,1.0,1.0,0.0,0.1905
,,,,,,,,
1.7382,2.9098,3.0745,1105.28,1.0,1.0,1.0,0.0,0.1799
,,,,,,,,
1.3058,1.5529,12.2095,,,,,,
2.7087,2.2665,-0.1618,1107.52,1.0,1.0,1.0,0.0,0.1891
,,,,,,,,
1.695,2.968,3.7859,,,,,,
2.9704,1.6592,7.252,,,,,,
1.6617,1.5378,10.4399,1479.84,4.0,4.0,4.0,0.0,0.224
3.9397,3.6263,3.5826,,,,,,
,,,,,,,,
2.5957,2.5753,0.8605,1109.44,1.0,1.0,1.0,0.0,0.17
,,,,,,,,
2.6068,2.2495,4.2346,,,,,,
2.7538,3.4134,5.6652,1223.1100000000001,2.0,2.0,2.0,0.0,0.2254
,,,,,,,,
2.733,1.6486,4.9946,1101.13,1.0,1.0,1.0,0.0,0.1915
,,,,,,,,
2.51,2.5916,4.8796,,,,,,
0.5106,4.1025,13.0998,1224.17,2.0,2.0,2.0,0.0,0.2475
,,,,,,,,
3.1697,1.9377,3.3762,1102.69,1.0,1.0,1.0,0.0,0.1947
,,,,,,,,
2.7737,2.3303,0.0,1110.62,1.0,1.0,1.0,0.0,0.158
,,,,,,,,
3.3161,1.7543,2.304,1108.02,1.0,1.0,1.0,0.0,0.1812
,,,,,,,,
2.527,2.3334,4.5529,1099.65,1.0,1.0,1.0,0.0,0.2017
,,,,,,,,
2.4577,2.7153,7.3071,,,,,,
2.8671,4.0687,11.4546,,,,,,
3.738,5.1562,11.1655,1470.51,4.0,4.0,4.0,0.0,0.3277
4.7689,5.285,4.1293,,,,,,
,,,,,,,,
2.7767,1.8615,3.916,1107.85,1.0,1.0,1.0,0.0,0.1873
,,,,,,,,
2.7098,1.2657,6.66,1103.68,1.0,1.0,1.0,0.0,0.1974
,,,,,,,,
2.2923,2.9233,4.2196,1102.62,1.0,1.0,1.0,0.0,0.2091
,,,,,,,,
2.6831,2.7666,1.4982,1107.68,1.0,1.0,1.0,0.0,0.1853
,,,,,,,,
2.2973,3.0376,2.5676,1102.28,1.0,1.0,1.0,0.0,0.1943
,,,,,,,,
2.929,1.8775,2.5279,1108.62,1.0,1.0,1.0,0.0,0.1767
,,,,,,,,
1.7853,2.8595,4.4238,,,,,,
2.589,1.9252,4.1594,1223.95,2.0,2.0,2.0,0.0,0.1907
,,,,,,,,
3.3374,1.8444,1.7683,1108.93,1.0,1.0,1.0,0.0,0.1786
,,,,,,,,
3.1603,1.9381,0.7941,1106.44,1.0,1.0,1.0,0.0,0.1657
,,,,,,,,
3.087,1.8304,3.3151,1107.88,1.0,1.0,1.0,0.0,0.1884
,,,,,,,,
3.2109,1.9203,1.8045,1103.28,1.0,1.0,1.0,0.0,0.1778
,,,,,,,,
2.9991,2.2073,0.0,1110.55,1.0,1.0,1.0,0.0,0.1606
,,,,,,,,
3.3699,1.4827,3.5023,1107.8,1.0,1.0,1.0,0.0,0.1876
,,,,,,,,
2.0292,2.9237,2.1539,1106.28,1.0,1.0,1.0,0.0,0.1786
,,,,,,,,
3.1352,2.0793,0.4688,1109.69,1.0,1.0,1.0,0.0,0.1657
,,,,,,,,
1.0358,4.1027,3.1561,1102.88,1.0,1.0,1.0,0.0,0.195
,,,,,,,,
2.842,2.3229,2.1323,1108.49,1.0,1.0,1.0,0.0,0.1834
,,,,,,,,
1.4709,2.6995,8.6329,1099.72,1.0,1.0,1.0,0.0,0.227
,,,,,,,,
2.681,1.9378,2.5374,1109.07,1.0,1.0,1.0,0.0,0.1716
,,,,,,,,
2.426,2.6293,7.4331,,,,,,
2.3722,4.0002,10.6602,1341.92,3.0,3.0,3.0,0.0,0.2809
4.7331,3.1299,4.9473,,,,,,
,,,,,,,,
2.6673,2.0803,2.3768,1102.88,1.0,1.0,1.0,0.0,0.1738
,,,,,,,,
1.9212,3.0402,2.4872,1107.52,1.0,1.0,1.0,0.0,0.1826
,,,,,,,,
2.801,2.0075,1.6908,1109.91,1.0,1.0,1.0,0.0,0.1677
,,,,,,,,
2.4367,3.0413,0.846,1108.31,1.0,1.0,1.0,0.0,0.1793
,,,,,,,,
2.5735,2.6167,4.4594,1101.07,1.0,1.0,1.0,0.0,0.2106
,,,,,,,,
1.1377,3.4411,5.1294,,,,,,
2.393,1.933,4.0716,1101.57,1.0,1.0,1.0,0.0,0.1905
