age,workclass,fnlwgt,education,educational-num,marital-status,occupation,relationship,race,sex,capital-gain,capital-loss,hours-per-week,native-country
47,2,306183,15,10,0,7,3,0,1,0,0,44,38
26,2,303973,11,9,4,8,2,0,1,0,1602,15,25
26,2,301298,15,10,4,2,3,0,0,0,0,50,38
34,2,347166,15,10,2,0,0,0,0,0,0,40,38
22,2,314525,9,13,4,9,1,0,0,0,0,40,38
31,2,363130,11,9,4,7,4,1,0,0,0,18,38
35,1,433602,11,9,4,11,3,1,0,0,0,38,38
24,2,329530,6,5,2,11,0,0,0,0,0,45,25
47,1,319205,15,10,0,0,4,0,1,0,0,40,38
72,3,473748,15,10,2,3,0,0,0,0,0,25,38
27,2,660870,9,13,4,9,1,0,1,0,0,60,38
44,5,296326,9,13,4,0,1,0,0,0,0,40,38
32,4,337696,15,10,2,11,0,0,0,0,0,50,38
26,2,337940,4,3,4,13,1,0,0,0,0,40,25
18,4,454950,15,10,4,0,3,0,1,0,0,40,38
31,2,433788,15,10,2,13,0,0,0,0,0,40,38
42,2,297335,7,12,3,3,4,1,1,0,0,31,24
17,2,313444,2,8,4,11,3,0,1,0,0,20,38
28,2,410351,15,10,4,2,1,0,0,0,0,30,38
20,2,303565,15,10,4,5,3,1,0,0,0,40,10
22,2,362589,7,12,4,11,1,0,1,0,0,15,38
38,2,299810,11,9,2,5,0,1,0,0,0,40,38
47,1,336274,11,9,0,7,1,0,1,0,0,40,38
43,2,373403,8,11,2,2,0,0,0,0,0,40,38
20,2,291407,1,7,4,5,3,1,0,0,0,40,38
52,2,416129,13,1,2,7,1,0,0,0,0,40,7
21,2,348092,11,9,4,7,1,1,0,0,0,40,13
23,2,408988,15,10,4,0,4,0,1,0,0,38,38
23,2,343019,0,6,4,7,1,0,1,0,0,40,38
23,2,359759,11,9,4,2,3,1,0,0,0,40,29
36,1,382635,9,13,0,0,4,0,1,0,0,35,15
34,2,344073,11,9,5,0,1,0,0,0,0,40,38
24,2,303296,15,10,2,0,5,1,1,0,0,40,24
61,2,477209,5,4,2,4,0,0,0,0,0,54,38
33,1,557359,11,9,2,5,0,1,0,0,0,40,38
36,2,301227,4,3,5,8,4,1,1,0,0,35,25
17,2,413557,1,7,4,0,3,0,1,0,0,32,38
21,2,301199,15,10,4,6,3,0,1,0,0,40,38
28,2,451742,11,9,0,3,1,0,1,0,0,40,38
20,1,312427,11,9,2,10,0,1,0,0,0,30,32
23,2,345577,9,13,4,0,1,0,1,0,0,46,38
36,2,473547,11,9,2,2,0,1,0,0,0,30,38
29,2,337953,11,9,2,11,0,0,0,0,0,40,38
18,2,391585,11,9,4,6,2,0,1,0,0,40,38
57,2,329792,5,4,0,13,4,0,0,0,0,75,38
36,2,389725,15,10,0,0,1,0,0,0,0,45,38
24,2,314165,15,10,4,3,3,0,0,0,0,20,38
59,2,656036,9,13,5,0,4,0,0,0,0,60,38
22,2,369084,15,10,4,2,3,0,0,0,0,40,38
29,2,425830,7,12,4,11,1,0,0,0,0,40,38
29,2,340534,11,9,4,0,1,0,1,0,0,44,38
37,2,295127,15,10,0,7,1,0,0,0,0,47,38
74,4,392886,11,9,6,4,1,0,1,0,0,14,38
28,2,480861,11,9,2,6,0,0,0,0,0,45,38
50,2,330543,13,1,2,7,0,0,0,0,0,40,25
32,5,317647,11,9,4,13,3,0,0,0,0,40,38
24,2,461678,15,10,2,4,0,0,0,0,0,50,38
42,2,318255,11,9,0,0,4,0,1,0,0,40,38
25,2,405281,15,10,4,2,1,0,0,0,0,40,38
47,2,431245,5,4,2,2,0,0,0,0,0,40,38
38,4,344480,11,9,2,2,0,0,0,4064,0,40,38
22,2,369549,15,10,4,7,1,1,1,0,0,30,38
21,2,321426,15,10,4,11,4,0,1,0,0,49,38
29,1,302422,8,11,4,10,1,0,0,0,1564,56,38
38,5,364958,11,9,2,0,0,0,0,3464,0,40,38
58,2,314153,11,9,2,2,0,0,0,0,0,40,38
38,2,391040,8,11,5,12,4,0,1,0,0,20,38
53,1,324021,15,10,0,7,1,0,1,0,0,40,38
29,2,334096,11,9,4,5,1,0,1,0,0,25,38
38,2,435638,15,10,4,2,1,0,0,0,1876,40,38
52,2,312446,11,9,2,2,0,0,0,0,0,40,38
53,2,361405,11,9,2,9,0,0,0,0,0,40,38
37,2,359796,15,10,0,11,1,1,0,0,0,40,38
32,2,303942,11,9,2,6,0,0,0,0,0,40,38
26,2,389856,11,9,4,13,1,0,0,0,0,40,38
30,1,346122,7,12,2,10,0,0,0,5013,0,45,38
38,1,329980,11,9,4,2,1,0,0,0,1876,40,1
30,2,415266,11,9,2,12,0,0,0,0,0,40,38
23,2,329174,11,9,4,0,1,0,0,0,0,40,38
22,2,361608,11,9,4,0,1,0,1,0,0,40,38
34,2,421200,11,9,2,2,0,1,0,0,0,40,38
90,2,313749,9,13,4,9,3,0,1,0,0,10,38
31,2,295922,15,10,4,0,1,0,0,0,0,40,38
24,2,396099,15,10,4,0,1,0,1,0,0,40,38
24,2,295073,11,9,4,5,1,1,0,0,0,50,38
40,4,814850,6,5,0,7,1,1,1,0,0,20,38
21,2,654141,11,9,4,2,1,1,0,0,0,32,38
52,2,374883,8,11,4,4,1,0,0,0,0,50,38
30,2,339773,11,9,4,6,1,0,0,0,0,45,38
47,2,365516,12,14,0,9,4,0,1,0,0,40,38
50,2,421132,11,9,2,2,0,0,0,0,0,40,38
58,2,407138,5,4,2,6,0,0,0,2936,0,50,25
73,2,573446,15,10,2,9,0,0,0,0,0,15,38
25,1,348986,11,9,4,5,2,1,0,0,0,40,38
17,2,321880,0,6,4,7,3,1,0,0,0,15,38
19,2,389942,11,9,4,11,1,0,0,0,0,40,38
26,3,384276,15,10,2,3,0,0,0,0,0,60,38
72,4,298945,9,13,6,4,1,0,0,0,0,40,38
42,2,478373,7,12,0,9,1,0,1,0,0,40,38
23,2,406641,15,10,4,5,2,0,1,0,0,18,38
40,0,346532,15,10,2,0,0,1,0,0,0,40,38
35,2,397307,12,14,4,3,1,0,1,0,0,55,38
58,2,293399,1,7,6,6,1,0,1,0,0,40,38
35,2,393673,15,10,4,12,2,0,1,0,0,40,38
33,2,547886,9,13,5,3,4,1,1,0,0,40,38
38,4,423616,11,9,2,11,5,0,1,0,0,24,38
31,2,348491,9,13,4,3,1,1,1,0,0,40,38
43,2,412379,15,10,4,7,4,0,1,0,0,28,38
38,2,357173,11,9,2,2,0,0,0,0,0,40,38
40,2,382499,11,9,0,0,4,0,1,0,0,50,38
57,2,322691,8,11,2,2,0,0,0,0,0,40,38
30,2,633742,15,10,4,2,1,1,0,0,0,45,38
31,2,397467,11,9,2,2,0,0,0,0,0,40,38
42,2,360879,15,10,2,2,0,0,0,0,0,40,38
39,2,352188,9,13,4,0,1,0,0,0,0,40,38
21,2,447488,4,3,4,6,2,0,0,0,0,38,25
29,2,308944,11,9,3,2,1,0,0,0,0,40,38
27,2,302422,15,10,4,6,3,0,0,0,0,40,38
37,4,377798,15,10,0,2,1,0,0,0,0,50,38
30,2,399522,1,7,3,5,4,0,1,0,0,40,38
44,2,344920,9,13,4,0,1,0,1,0,1617,20,38
34,2,443546,11,9,2,2,0,0,0,0,0,40,38
38,2,363395,15,10,4,11,4,1,1,0,0,40,38
25,2,410009,15,10,4,0,4,0,1,0,0,40,38
53,2,309466,11,9,0,2,1,0,0,0,0,40,38
55,2,353881,5,4,2,13,0,0,0,0,0,50,38
26,4,334267,15,10,4,4,1,0,0,0,0,40,38
51,0,321494,11,9,4,7,1,0,0,0,0,40,38
25,2,297154,11,9,2,5,0,0,0,2407,0,40,38
35,2,350169,11,9,0,6,4,0,1,0,0,38,23
42,4,373403,11,9,2,4,0,0,0,0,0,50,38
42,2,445382,7,12,0,2,1,0,0,0,0,40,38
55,2,327406,15,10,0,11,1,0,0,0,0,65,38
37,2,635913,9,13,4,3,1,1,0,0,0,60,38
43,2,328570,15,10,0,6,4,1,1,0,0,38,38
29,2,301031,11,9,2,13,0,1,0,0,0,40,38
18,2,324011,6,5,4,4,3,0,0,0,0,20,38
36,2,355053,11,9,5,7,4,1,1,0,0,28,38
20,2,353696,15,10,4,0,3,0,0,0,0,28,38
19,2,456736,15,10,4,7,1,0,0,0,0,35,38
43,2,342567,9,13,3,0,4,0,1,0,0,40,38
19,2,304643,15,10,4,11,3,0,0,0,0,20,38
27,5,315640,12,14,4,9,1,1,0,0,0,20,2
37,2,910398,9,13,4,11,1,1,1,0,0,40,38
37,2,393360,15,10,4,10,3,1,0,0,0,30,38
24,2,349691,15,10,4,11,2,1,1,0,0,40,38
23,2,376416,9,13,4,0,1,0,0,0,0,40,38
28,2,308709,9,13,4,11,1,0,1,0,0,48,38
44,2,408717,11,9,0,11,1,0,0,3674,0,50,38
32,2,352089,11,9,0,0,1,0,1,0,0,38,38
32,2,329993,15,10,2,13,0,0,0,0,0,50,38
35,1,668319,9,13,2,3,0,0,0,0,1740,80,38
40,2,379917,8,11,4,13,1,0,0,0,0,32,38
32,2,309513,11,9,2,2,0,0,0,0,0,50,38
21,2,442131,11,9,4,5,3,0,1,0,0,40,38
24,2,315476,7,12,4,2,3,0,0,0,0,40,38
34,2,684015,4,3,4,5,3,0,0,0,0,40,7
31,5,1033222,15,10,2,6,0,0,0,0,0,40,38
46,4,317253,11,9,2,2,0,0,0,0,0,25,38
64,2,387669,3,2,2,13,0,0,0,0,0,40,38
22,2,385540,0,6,4,7,1,0,0,0,0,40,25
47,1,330080,1,7,3,2,1,1,0,0,0,40,38
38,2,383239,0,6,2,2,0,0,0,3103,0,40,38
34,1,454076,8,11,2,7,0,0,0,0,0,40,38
32,2,340917,11,9,4,5,1,0,0,0,0,40,38
23,2,434894,11,9,2,5,0,1,0,0,0,40,38
29,2,485944,9,13,4,11,3,1,0,0,0,40,38
25,2,324372,11,9,4,5,3,1,0,0,0,40,38
58,2,372181,11,9,0,11,4,0,1,0,0,40,38
46,2,318331,11,9,2,6,0,0,0,0,0,40,38
33,4,295591,3,2,3,2,1,0,0,0,0,40,25
40,2,316820,5,4,2,11,0,0,0,4064,0,40,38
17,2,297246,1,7,4,8,3,0,1,0,0,9,38
34,2,353213,7,12,5,2,1,0,0,0,0,60,38
19,2,366088,6,5,4,6,3,0,0,0,0,40,38
29,2,327779,15,10,2,5,0,0,0,0,0,20,38
43,5,308498,11,9,3,3,4,0,1,0,0,40,38
33,2,397995,9,13,4,9,1,0,0,0,0,40,38
19,2,377405,15,10,4,3,1,0,1,0,0,20,38
60,2,372838,11,9,2,2,0,0,0,0,0,40,38
19,2,389143,15,10,4,11,3,0,0,0,0,40,38
45,2,295046,11,9,2,11,0,0,0,0,0,60,38
24,2,314819,15,10,4,2,1,0,0,2174,0,40,38
52,2,320877,11,9,2,6,0,1,0,0,0,40,38
34,2,299383,11,9,4,2,1,1,0,0,0,40,38
43,2,358677,8,11,0,2,1,1,0,0,0,40,38
33,2,377283,9,13,5,11,1,0,1,0,0,50,38
34,2,511361,15,10,4,7,3,1,0,0,0,40,38
28,2,375482,9,13,4,11,1,0,0,0,0,40,38
30,1,370990,12,14,4,9,1,0,1,0,0,40,38
40,2,566537,13,1,2,7,0,0,0,0,1672,40,25
48,2,425199,15,10,0,11,4,0,0,0,0,45,38
18,2,294720,1,7,4,7,3,0,0,0,0,12,38
61,2,373099,5,4,2,2,0,0,0,0,0,40,38
27,2,363053,6,5,4,8,4,0,1,0,0,24,25
25,2,323229,9,13,4,0,1,0,0,0,0,40,38
34,2,442656,1,7,4,11,4,0,1,0,0,65,12
37,2,390243,11,9,4,13,1,1,0,0,0,45,38
60,2,389254,11,9,2,11,0,0,0,0,0,40,38
25,2,294406,8,11,4,9,1,0,1,0,0,30,38
25,2,403788,11,9,4,5,1,1,0,0,0,36,38
21,2,346693,5,4,4,4,4,0,0,0,0,40,38
31,2,310773,15,10,5,11,4,0,1,0,0,40,25
31,2,594187,11,9,2,6,0,0,0,0,0,40,38
23,2,306601,9,13,4,2,1,1,0,0,0,40,25
20,2,396722,15,10,4,11,1,0,1,0,0,40,38
29,5,382272,9,13,4,2,1,0,0,0,0,40,38
33,4,656488,8,11,0,12,4,1,0,0,0,50,38
42,2,409902,11,9,4,3,4,1,1,0,0,25,38
22,2,359759,15,10,4,11,1,1,0,0,0,20,29
58,2,519006,11,9,2,2,0,0,0,0,0,52,38
45,4,328051,12,14,4,9,1,0,1,0,0,60,38
39,2,299828,4,3,5,11,4,1,1,0,0,30,32
49,2,558752,15,10,0,0,1,0,1,3674,0,40,38
21,2,315476,15,10,4,2,3,0,0,0,0,25,38
30,2,315640,12,14,4,9,1,1,0,0,0,45,19
65,3,338316,15,10,2,11,0,0,0,0,0,40,38
33,0,319560,8,11,0,2,4,1,1,0,0,40,38
40,0,391744,11,9,4,0,4,1,1,0,0,40,38
28,1,327533,11,9,2,10,0,0,0,3908,0,40,38
59,2,304779,5,4,2,6,0,0,0,0,0,40,38
33,1,511289,8,11,2,10,0,0,0,0,0,48,38
56,4,323639,12,14,2,3,0,0,0,0,0,25,38
54,2,326156,15,10,2,2,0,0,0,0,0,40,38
33,4,520078,7,12,0,11,4,1,0,0,0,60,38
27,2,406662,11,9,4,0,1,0,0,4416,0,40,38
34,5,377017,12,14,4,9,4,0,0,0,0,40,38
23,2,322674,15,10,4,5,1,0,0,0,0,40,38
25,5,295912,15,10,4,2,1,0,0,0,0,20,38
48,2,300168,2,8,5,0,3,1,1,0,0,40,38
53,2,335481,11,9,2,0,5,1,1,0,0,32,38
43,4,311177,15,10,4,13,1,1,0,0,0,30,38
30,4,455995,1,7,4,2,1,0,0,0,0,45,38
33,2,291414,1,7,2,5,0,0,0,0,0,40,38
20,2,494784,11,9,4,11,2,1,1,0,0,35,38
41,2,327606,2,8,5,2,1,1,0,0,0,40,38
30,2,323069,11,9,4,0,1,0,1,0,0,30,38
40,2,306225,11,9,0,2,1,1,1,0,0,40,23
31,2,369027,11,9,2,13,0,1,0,0,0,37,38
58,4,321171,11,9,2,5,0,0,0,0,0,40,38
36,3,298624,15,10,2,3,0,0,0,0,0,30,38
36,2,353263,9,13,4,9,1,0,1,0,0,45,38
25,2,361307,9,13,4,11,3,0,1,0,0,40,38
35,2,342824,11,9,4,12,1,0,1,1151,0,40,38
30,2,324120,11,9,2,5,0,0,0,0,0,50,38
47,2,311395,15,10,0,6,1,1,0,0,0,40,38
23,0,361278,15,10,4,5,1,0,1,0,0,20,38
37,2,371576,15,10,5,6,1,1,0,0,0,40,38
24,2,403865,15,10,2,2,0,0,0,0,0,56,38
21,2,376929,4,3,4,8,1,0,1,0,0,40,25
33,2,295589,9,13,4,9,1,1,0,0,0,50,38
29,2,351731,15,10,2,9,0,0,0,0,0,40,38
33,2,554986,15,10,5,3,4,0,1,0,0,40,38
25,2,312157,15,10,4,9,1,0,1,0,0,40,38
41,2,343121,11,9,0,0,4,0,1,0,0,36,38
22,2,333838,11,9,4,0,1,0,0,0,0,40,38
55,2,342121,11,9,4,3,1,0,0,0,0,54,38
26,2,292803,15,10,4,7,3,0,1,0,0,24,38
41,2,303510,11,9,2,3,0,0,0,0,0,40,38
30,2,337908,7,12,2,0,5,1,1,0,0,20,38
20,2,385077,2,8,4,6,3,0,0,0,0,40,38
29,2,423158,15,10,4,12,1,0,1,0,0,40,38
19,2,292136,15,10,4,12,1,0,1,0,0,30,38
33,5,296282,11,9,2,2,0,0,0,0,0,40,38
18,2,301948,11,9,4,10,3,0,0,34095,0,3,38
62,2,345780,8,11,0,7,1,0,0,0,0,40,38
23,2,302195,9,13,2,9,0,0,0,0,0,40,38
27,2,394927,9,13,2,11,0,0,0,0,0,55,38
52,2,308764,15,10,0,3,4,0,1,0,0,40,38
28,2,328949,14,15,2,9,0,0,0,0,0,60,38
35,2,399455,11,9,3,7,4,0,1,0,0,52,38
35,2,403037,11,9,5,0,4,0,1,0,0,40,38
17,2,295991,0,6,4,0,3,0,1,0,0,20,38
21,2,292264,11,9,4,2,1,0,0,0,0,35,38
18,2,329054,1,7,4,0,3,0,1,0,0,15,38
18,2,310175,2,8,4,7,3,0,1,0,0,12,38
20,2,637080,15,10,4,11,1,0,0,0,0,25,38
34,5,334744,11,9,2,6,0,0,0,0,0,65,38
26,4,318644,14,15,4,9,3,0,0,0,0,20,38
27,2,294451,1,7,2,4,0,0,0,0,0,40,38
40,2,352080,15,10,2,2,0,1,0,0,0,40,38
36,2,447346,11,9,2,11,0,0,0,0,0,50,38
44,2,421449,11,9,0,0,4,0,1,0,0,40,38
79,2,333230,11,9,3,9,1,0,0,0,0,6,38
34,1,353270,8,11,4,2,3,0,1,0,0,40,38
54,2,302146,11,9,5,7,4,1,1,0,0,20,38
32,4,319280,7,12,4,11,1,0,0,0,0,80,38
39,2,318416,0,6,5,7,3,1,1,0,0,12,38
42,0,348059,7,12,5,9,4,0,1,0,0,40,38
34,1,303129,11,9,0,13,1,1,0,0,0,40,38
25,2,462869,11,9,4,5,2,0,0,0,0,40,25
21,2,314182,11,9,4,7,1,0,1,0,0,40,38
39,2,316211,9,13,4,9,1,0,0,0,0,40,38
20,2,420973,15,10,4,0,3,0,1,0,0,20,38
25,2,307643,11,9,2,13,0,0,0,0,0,40,38
39,4,327120,11,9,2,2,0,0,0,0,0,40,31
38,2,498785,11,9,2,5,0,0,0,0,0,40,38
24,2,310380,15,10,3,0,3,1,1,0,0,45,38
45,2,337825,11,9,2,2,0,0,0,0,0,45,38
26,2,304283,11,9,2,6,0,0,0,0,0,40,38
31,4,312055,11,9,2,3,0,0,0,0,0,70,38
22,2,308205,4,3,4,4,2,0,0,0,0,40,25
39,2,421633,15,10,0,10,4,1,1,0,0,30,38
24,1,310355,9,13,2,9,0,0,0,0,0,20,10
58,5,300623,11,9,0,0,4,0,1,0,0,40,38
31,2,331065,9,13,4,3,1,0,1,0,1408,40,38
23,2,543028,11,9,4,11,3,1,0,0,0,40,38
25,2,323229,9,13,2,13,0,0,0,0,0,40,38
32,2,857532,11,9,4,6,3,1,0,0,0,40,38
38,2,393945,8,11,0,12,1,0,1,0,0,36,38
35,2,331395,15,10,4,3,1,0,0,0,0,50,38
23,2,442274,2,8,4,0,4,0,0,0,0,40,38
38,2,295127,15,10,2,6,0,0,0,0,0,40,38
39,2,315291,11,9,4,0,4,1,1,0,0,40,38
48,2,440706,5,4,2,6,0,0,0,0,0,40,38
43,2,459342,11,9,0,0,1,0,1,0,0,40,38
22,2,401335,15,10,4,7,4,1,1,0,0,30,38
17,1,292285,1,7,4,9,3,0,1,0,0,25,38
22,2,400966,15,10,4,0,3,0,1,0,0,40,38
22,2,325179,15,10,4,9,3,0,0,0,0,50,38
58,2,298601,6,5,2,6,0,1,0,3781,0,40,38
58,2,343957,9,13,0,11,1,0,0,0,0,50,38
31,2,345277,9,13,0,9,1,0,1,0,0,40,38
44,2,297991,7,12,4,3,1,1,1,0,0,50,38
56,2,301835,4,3,5,6,1,0,0,0,0,40,38
29,2,377414,7,12,0,12,1,0,1,0,0,40,38
51,2,320513,5,4,3,2,1,1,0,0,0,50,5
46,2,364913,1,7,2,13,0,1,0,0,0,40,38
41,4,366483,11,9,2,4,0,0,0,0,0,36,25
31,2,328118,15,10,4,7,1,0,1,0,0,20,38
36,2,312206,11,9,2,9,0,0,0,0,0,60,38
29,0,440647,15,10,4,0,2,0,0,0,0,40,38
51,2,300816,9,13,4,0,4,0,0,0,0,20,38
37,2,356250,11,9,2,2,0,1,0,0,0,40,34
39,2,465334,1,7,0,4,4,0,0,0,0,1,38
43,2,341204,15,10,0,0,1,0,1,0,0,40,38
50,1,363405,15,10,6,0,4,0,1,0,0,40,38
56,2,359972,15,10,0,2,1,0,0,0,0,40,38
20,2,316043,1,7,4,7,3,1,0,594,0,20,38
19,2,292583,11,9,4,7,3,0,1,0,0,30,38
44,2,335223,11,9,2,5,0,0,0,0,0,40,38
43,1,330174,11,9,2,2,0,0,0,0,0,40,38
19,2,354104,11,9,4,5,3,0,0,0,0,30,38
65,2,330144,15,10,2,3,0,0,0,0,0,40,38
46,1,301124,12,14,4,9,1,0,1,0,1564,45,38
25,2,308144,9,13,4,2,1,0,0,0,0,40,25
31,0,351141,11,9,2,12,0,0,0,0,0,40,38
29,5,309620,12,14,2,9,0,1,0,0,0,20,35
25,2,356017,1,7,4,7,1,0,0,0,0,99,38
24,2,345066,11,9,4,5,1,1,1,0,0,50,38
31,0,469263,11,9,0,2,4,1,0,0,0,50,38
51,4,381769,11,9,2,4,0,0,0,0,0,50,38
55,2,327589,11,9,0,6,1,0,1,0,0,40,38
39,2,318452,1,7,2,9,0,0,0,0,0,60,38
27,2,467936,15,10,2,0,0,0,0,0,0,48,25
31,2,302679,2,8,2,9,0,0,0,0,0,55,38
34,3,314375,15,10,2,11,0,0,0,0,0,60,38
36,2,310531,0,6,5,5,4,1,0,0,0,40,38
31,1,357954,7,12,4,12,1,0,0,0,0,20,38
25,2,391192,15,10,4,11,3,0,0,0,0,24,38
64,2,349826,15,10,2,3,0,0,0,0,0,40,38
32,2,342458,9,13,4,9,1,0,0,0,0,40,38
39,2,305597,11,9,2,2,0,0,0,0,0,40,38
38,2,341943,11,9,0,3,4,0,1,0,0,40,38
30,2,349148,9,13,4,9,1,0,0,0,0,70,38
33,2,314068,8,11,0,12,4,0,1,0,0,40,38
64,5,550848,0,6,2,3,0,0,0,0,0,40,38
34,2,304872,6,5,0,7,4,0,1,0,0,40,38
26,2,306513,15,10,4,5,3,0,0,0,0,40,38
47,2,302711,1,7,0,0,4,0,1,0,0,40,38
44,5,307468,8,11,2,10,0,0,0,0,0,50,38
31,5,358461,15,10,4,7,1,1,0,0,0,40,38
25,2,364631,11,9,4,11,3,0,1,0,0,40,25
33,2,317660,15,10,2,2,0,0,0,0,0,40,38
54,4,406468,11,9,2,11,0,1,0,0,0,40,38
26,2,379246,15,10,4,7,1,0,1,0,0,40,38
60,0,608441,11,9,2,13,0,1,0,0,0,40,38
39,1,423605,2,8,2,13,0,0,0,0,1848,40,26
66,4,298045,9,13,2,3,0,0,0,0,0,30,38
29,2,383402,15,10,0,7,1,0,1,0,0,35,38
46,1,377622,11,9,2,7,0,0,0,0,0,40,38
51,2,357949,9,13,0,9,1,0,1,0,0,16,38
21,2,293968,15,10,3,11,3,1,1,0,0,20,38
33,2,433375,3,2,2,2,0,0,0,0,0,35,25
27,2,321577,11,9,4,6,3,1,1,0,0,40,38
57,2,477867,11,9,2,13,0,0,0,0,0,40,38
18,2,376647,11,9,4,5,3,0,0,2176,0,25,38
51,1,548361,9,13,2,9,0,0,0,0,0,26,38
28,2,297742,15,10,4,6,3,0,1,0,0,40,38
33,2,318982,9,13,2,2,0,0,0,0,0,38,38
67,1,312052,5,4,2,10,0,1,0,0,0,40,38
57,2,342906,6,5,2,11,0,1,0,0,0,55,38
17,3,413557,6,5,4,11,3,0,1,0,0,40,38
28,2,469864,9,13,4,9,1,1,0,0,0,40,38
27,2,706026,1,7,2,5,0,0,0,0,0,40,38
28,2,308136,11,9,4,7,3,0,0,0,0,40,38
39,2,294919,11,9,0,13,3,0,0,0,0,60,38
46,4,525848,1,7,2,13,0,1,0,0,0,48,38
29,2,354496,12,14,4,9,1,0,1,0,0,40,38
38,4,589838,11,9,2,2,0,0,0,0,0,47,38
56,2,392160,11,9,6,11,4,0,1,0,0,25,25
38,2,304001,11,9,2,2,0,0,0,0,0,40,38
20,4,306710,11,9,4,4,3,0,0,0,0,40,38
28,2,389713,11,9,0,10,1,0,0,0,0,40,38
43,2,498079,9,13,0,3,4,0,1,0,0,40,38
34,2,302770,15,10,2,11,0,0,0,0,0,60,38
75,2,314209,8,11,6,0,1,0,1,0,0,20,3
22,2,345066,0,6,4,7,4,1,1,0,0,40,38
22,2,293136,15,10,4,7,3,0,1,0,0,30,38
27,2,299536,15,10,2,0,5,0,1,0,0,55,38
23,2,549349,15,10,4,12,3,0,0,0,0,40,38
43,2,477983,11,9,2,5,0,1,0,0,0,40,38
58,2,316000,11,9,2,3,0,0,0,0,0,40,38
43,2,302041,11,9,4,0,1,1,1,0,0,40,38
18,2,434430,11,9,4,9,1,0,0,0,0,30,38
37,2,549174,11,9,2,2,0,0,0,0,0,50,38
26,2,369166,15,10,4,4,2,0,1,0,0,65,38
54,2,398212,11,9,2,13,0,1,0,5013,0,40,38
33,5,313729,12,14,4,9,1,0,0,0,0,60,38
37,4,352882,11,9,0,3,1,1,1,0,0,70,34
47,2,340982,15,10,2,6,0,1,0,3103,0,40,29
55,2,750972,5,4,2,2,0,0,0,0,0,41,38
31,1,378426,14,15,2,9,0,0,0,0,0,99,3
25,2,307643,7,12,2,2,0,0,0,3103,0,45,38
44,2,367749,3,2,4,6,1,0,1,0,0,40,7
32,2,373263,11,9,2,3,5,0,1,0,0,40,38
21,2,451996,11,9,4,11,3,0,0,0,0,40,38
33,2,419895,4,3,0,5,4,0,0,0,0,40,25
37,2,401998,11,9,6,6,4,0,1,0,0,20,38
37,2,393673,12,14,4,9,4,0,1,0,0,40,38
30,2,446894,11,9,2,5,0,0,0,0,0,30,38
29,2,309463,6,5,2,2,0,0,0,0,0,40,38
50,2,334421,14,15,4,9,2,1,1,0,1590,25,2
40,2,390369,11,9,0,2,3,0,0,0,0,40,38
38,2,313914,9,13,5,4,4,0,1,0,0,45,38
24,2,404416,15,10,4,5,1,0,0,0,0,40,38
35,2,301614,11,9,2,7,0,0,0,0,0,60,38
23,2,324960,11,9,4,2,2,0,0,0,0,40,38
25,2,338013,15,10,0,12,1,0,1,0,0,40,38
25,1,476599,9,13,4,9,1,0,1,0,0,40,38
24,4,375313,15,10,4,9,1,1,0,0,0,40,38
32,1,409282,11,9,2,2,0,0,0,0,0,40,38
43,2,318415,15,10,0,6,4,1,1,0,0,40,38
34,2,356882,15,10,2,11,0,0,0,0,0,45,38
59,2,329059,9,13,4,2,1,0,0,0,0,50,38
48,2,501671,11,9,0,6,1,1,0,0,0,48,38
18,2,395567,11,9,4,5,3,0,0,0,0,40,38
31,2,328734,11,9,4,0,4,0,1,0,2238,40,38
35,4,346605,15,10,0,7,4,0,1,0,0,20,38
38,5,352628,9,13,0,9,1,0,1,0,0,40,38
28,2,334032,8,11,4,11,1,0,0,0,0,50,38
19,2,331556,0,6,4,7,1,0,1,0,0,40,38
44,2,328561,8,11,2,0,2,0,1,0,0,20,38
40,2,293485,11,9,0,8,4,0,1,0,0,32,38
28,2,375655,9,13,4,11,4,0,0,0,0,50,38
22,2,436798,15,10,2,12,0,0,0,0,0,40,38
19,2,456736,11,9,4,11,1,0,0,2907,0,30,38
64,2,298301,11,9,2,7,0,0,0,0,0,40,38
28,2,377869,15,10,2,11,5,0,1,4064,0,25,38
43,2,972354,15,10,2,7,0,0,0,0,0,48,38
40,1,321187,9,13,4,9,4,0,1,0,0,45,38
50,4,334273,9,13,2,11,0,0,0,0,0,8,38
31,2,326104,9,13,2,4,0,0,0,0,0,45,38
26,2,544319,15,10,2,7,0,0,0,0,0,40,38
39,2,379350,0,6,2,2,0,0,0,0,0,40,38
25,2,441210,11,9,4,9,3,0,0,0,0,40,38
24,2,359828,9,13,2,9,0,0,0,0,0,44,38
40,2,409902,11,9,4,6,3,1,1,0,0,40,38
39,4,497525,0,6,5,2,1,1,0,0,0,40,38
33,2,589155,15,10,2,6,0,0,0,0,0,50,38
20,2,314539,11,9,4,6,3,0,0,0,0,40,38
34,5,334422,15,10,0,10,4,1,0,0,0,47,38
32,2,420895,11,9,2,13,0,0,0,0,0,40,38
24,2,488541,15,10,4,7,4,1,1,0,0,35,38
23,2,335067,9,13,4,9,1,0,0,0,0,30,38
43,2,390369,7,12,2,5,0,0,0,0,0,40,38
37,2,340599,1,7,5,7,4,1,1,0,0,40,38
34,2,301591,11,9,4,3,4,0,1,0,0,35,38
25,2,629900,9,13,2,9,5,1,1,0,0,40,38
47,2,464945,11,9,4,13,1,0,0,0,0,45,38
24,2,326931,6,5,4,13,4,1,0,0,0,40,7
21,2,311376,15,10,4,3,2,0,1,0,0,40,38
25,2,344991,15,10,2,2,0,0,0,0,0,40,38
45,2,340341,15,10,0,0,4,0,1,0,0,40,38
62,1,407669,5,4,6,7,1,1,1,0,0,35,38
58,2,373344,3,2,2,4,0,0,0,0,0,40,38
41,2,309932,11,9,2,2,0,0,0,0,0,50,38
28,2,375313,11,9,2,6,0,1,0,0,0,40,29
45,1,326064,15,10,0,0,4,1,1,6497,0,35,38
51,2,292110,11,9,4,0,1,0,1,0,0,35,38
29,2,349116,11,9,5,11,4,0,1,0,0,25,38
69,2,361561,14,15,2,9,0,0,0,0,0,3,38
18,2,446839,11,9,4,11,1,0,0,0,0,30,38
29,2,360401,15,10,4,5,3,0,0,0,1719,48,38
55,2,306164,11,9,2,7,0,1,0,0,0,40,38
28,2,291374,2,8,4,11,4,1,1,0,0,40,38
34,2,483777,11,9,4,5,1,1,0,0,0,40,38
53,2,402016,11,9,2,5,0,0,0,0,0,52,38
48,2,449354,11,9,2,0,0,0,0,4386,0,45,38
46,1,354962,11,9,2,6,0,1,0,0,0,40,38
28,2,295163,2,8,0,4,1,0,0,0,0,40,38
22,2,306967,15,10,4,0,1,0,1,0,0,25,38
31,2,339482,3,2,2,6,0,0,0,0,0,40,25
21,2,321369,0,6,4,2,3,0,0,0,0,40,38
27,2,313479,9,13,4,9,3,0,0,0,0,50,38
62,2,343982,0,6,6,0,3,1,1,0,0,40,38
25,2,485496,11,9,4,6,1,1,1,0,0,40,38
18,2,335065,5,4,4,11,3,0,0,0,0,30,25
23,2,314645,7,12,4,0,1,0,1,0,0,15,38
60,2,291904,0,6,0,7,1,1,1,0,0,40,38
38,2,349198,7,12,2,12,0,0,0,0,0,21,38
31,2,305619,15,10,2,0,0,0,0,0,0,40,38
36,2,370156,11,9,0,0,4,0,1,0,0,38,38
47,2,348886,11,9,2,2,0,0,0,0,0,40,38
27,2,329426,9,13,4,3,1,0,0,0,0,45,38
23,2,410439,11,9,4,0,3,0,0,0,0,25,38
30,2,402539,11,9,4,0,4,0,1,0,0,40,38
19,2,351802,11,9,4,6,3,0,0,0,0,35,38
48,0,483261,15,10,4,0,1,1,0,0,0,40,38
31,2,373185,15,10,4,2,4,0,0,0,0,42,25
36,2,298753,15,10,0,3,1,0,1,0,0,60,38
20,2,380544,7,12,4,13,3,0,0,0,0,20,38
41,2,469454,15,10,2,2,0,0,0,0,0,40,38
48,2,317360,15,10,0,0,1,0,1,0,0,50,38
51,2,392286,11,9,2,13,0,0,0,0,0,40,38
25,2,345121,0,6,5,7,3,0,1,0,0,25,38
26,2,292303,11,9,4,5,3,0,1,0,0,40,38
34,2,394447,9,13,4,9,1,0,0,2463,0,50,9
20,2,332931,15,10,4,7,3,0,1,0,0,40,38
31,4,389765,5,4,2,9,0,0,0,0,0,60,38
22,2,306868,11,9,4,5,1,0,0,0,0,30,38
29,2,410351,7,12,2,2,0,0,0,0,0,43,38
24,2,456367,11,9,2,2,0,0,0,0,0,40,38
58,2,317479,11,9,0,6,1,1,1,0,0,40,38
29,2,337953,8,11,2,11,0,0,0,2885,0,40,38
43,1,598995,9,13,0,9,4,1,1,0,0,42,38
19,2,331433,11,9,4,10,1,0,0,0,0,32,38
54,2,295525,15,10,0,10,4,0,1,0,0,40,38
37,2,412296,11,9,2,2,0,0,0,0,0,35,25
44,2,320277,9,13,4,9,1,0,0,0,0,40,38
26,1,391074,0,6,4,5,3,1,0,0,0,40,38
27,2,302406,12,14,2,9,0,0,0,0,0,55,38
21,2,306850,11,9,4,13,3,0,0,0,0,40,38
37,2,348796,9,13,0,7,1,0,0,0,0,40,38
25,1,311603,9,13,4,9,1,0,1,0,0,55,38
27,1,331046,9,13,4,9,1,0,1,0,0,45,38
49,4,343742,0,6,4,2,1,1,0,0,0,32,38
35,2,323120,7,12,4,6,1,0,1,0,0,44,38
24,2,376755,15,10,4,7,4,0,1,0,0,20,38
30,2,504725,0,6,4,11,2,0,0,0,0,18,12
37,2,387430,15,10,2,0,0,0,0,0,0,37,38
39,4,597843,12,14,4,9,1,0,1,0,0,50,3
22,2,496856,15,10,2,3,5,0,1,0,0,40,38
32,5,438711,15,10,2,9,5,1,1,0,0,40,38
29,1,370675,12,14,4,9,1,0,1,0,0,50,38
24,2,309055,15,10,4,11,1,0,1,0,0,15,38
19,2,311974,11,9,4,6,3,0,0,0,0,40,25
20,2,379525,15,10,4,7,3,0,1,0,0,10,38
20,2,691830,11,9,4,11,3,1,1,0,0,35,38
21,2,342575,15,10,4,11,3,1,1,0,0,35,38
22,2,403519,11,9,2,6,0,0,0,0,0,40,38
42,2,342865,11,9,2,11,0,0,0,0,0,40,38
24,2,325596,8,11,2,6,0,0,0,0,0,45,38
22,2,450695,11,9,4,7,1,0,0,0,0,30,38
40,2,374137,11,9,0,0,3,0,0,0,0,40,38
45,2,350440,11,9,2,3,0,1,0,0,0,40,38
59,2,340591,0,6,2,5,0,0,0,3942,0,40,38
64,2,631947,0,6,2,0,0,0,0,0,0,40,38
23,2,291407,15,10,4,11,3,1,0,0,0,25,38
54,2,338089,12,14,5,3,1,0,0,0,0,40,38
33,2,292465,6,5,2,6,0,0,0,0,0,50,38
62,5,312286,14,15,0,9,1,0,1,0,0,35,38
19,2,340094,15,10,4,11,3,0,1,0,0,20,38
42,4,320744,11,9,2,11,0,0,0,3908,0,45,38
24,2,302195,9,13,4,11,1,0,0,0,0,45,38
35,2,413648,4,3,4,4,4,0,0,0,0,36,38
39,2,453686,9,13,0,9,1,0,0,0,0,40,38
38,2,316211,11,9,0,2,3,0,0,0,0,40,38
46,2,324550,11,9,2,2,0,0,0,0,0,40,38
44,2,467799,11,9,2,2,0,0,0,0,0,40,38
38,2,304651,11,9,2,0,0,0,0,0,0,45,38
51,2,332243,9,13,0,9,1,0,0,0,0,45,38
21,2,325923,15,10,4,12,3,0,0,0,0,35,38
70,2,298470,9,13,6,11,1,0,0,0,0,30,38
25,2,322585,11,9,4,11,1,0,0,0,0,45,38
34,2,398988,9,13,4,11,1,0,0,0,0,40,38
33,2,488720,4,3,2,5,2,0,0,0,0,40,25
20,2,436253,15,10,4,7,3,0,0,0,0,35,38
53,2,427320,9,13,0,7,1,1,0,3325,0,40,38
73,2,349347,5,4,2,5,0,0,0,0,0,25,38
33,2,301867,15,10,4,0,4,1,1,0,0,35,38
24,2,511231,11,9,4,7,3,1,0,0,0,40,38
27,2,321456,15,10,2,10,0,0,0,0,0,40,38
23,5,309055,15,10,4,0,3,0,1,0,0,20,38
20,2,434710,15,10,4,0,1,0,1,0,0,20,38
32,2,356689,11,9,0,0,4,0,0,3887,0,40,38
40,2,310101,15,10,5,11,1,1,1,0,0,40,38
38,3,320811,11,9,2,3,0,0,0,0,0,50,38
34,2,361497,1,7,2,13,0,0,0,0,0,40,38
42,5,436006,15,10,2,0,0,1,0,0,0,40,38
43,2,339767,15,10,2,7,5,0,1,0,0,20,8
31,2,354464,11,9,2,7,0,0,0,0,0,40,38
53,2,548580,15,10,2,2,0,0,0,0,0,40,12
54,2,377701,11,9,2,7,0,0,0,0,0,32,25
21,2,457162,15,10,4,11,3,1,0,0,0,17,38
42,2,334522,11,9,2,5,0,1,0,0,0,40,38
23,2,365881,9,13,4,3,1,0,0,0,0,25,38
32,5,481096,4,3,4,6,3,0,1,0,0,10,38
61,1,313852,9,13,0,9,1,0,1,0,0,40,38
39,2,341672,8,11,2,12,0,1,0,0,0,40,29
29,2,334277,9,13,4,11,1,0,0,0,0,45,38
36,4,358373,9,13,4,9,1,1,1,0,0,30,38
32,2,375833,1,7,4,2,2,0,0,0,0,40,38
24,2,318612,15,10,4,3,1,0,0,0,1504,40,38
36,1,339772,11,9,5,3,1,1,0,0,0,40,38
37,2,334291,9,13,4,3,1,0,0,0,0,50,38
47,2,323212,15,10,5,9,1,0,1,0,0,50,38
22,2,401762,11,9,4,0,1,0,1,0,0,55,38
39,2,341741,13,1,4,7,1,0,1,0,0,12,38
26,5,413846,9,13,4,3,1,0,0,0,0,40,38
23,2,444554,11,9,4,5,3,0,0,0,0,50,38
34,2,360689,15,10,2,3,0,0,0,0,1628,48,38
31,2,344200,15,10,2,11,0,0,0,0,0,40,38
38,2,318610,15,10,0,0,4,1,1,0,0,40,38
37,2,454915,0,6,0,2,1,0,0,0,0,40,38
21,2,301915,1,7,5,11,1,1,1,0,0,30,25
32,1,318647,11,9,2,10,0,0,0,0,0,36,38
37,2,358753,1,7,2,2,0,0,0,5013,0,40,38
64,2,321166,9,13,0,11,1,0,1,0,0,5,38
22,2,315974,15,10,4,11,1,0,1,0,0,40,38
37,2,319831,11,9,2,13,0,0,0,0,0,55,38
18,2,374969,0,6,4,13,1,0,0,0,0,56,38
29,2,342989,11,9,4,0,3,0,1,0,0,40,38
60,5,358893,9,13,0,9,1,0,1,0,2339,40,38
37,1,297449,11,9,2,10,0,0,0,0,0,40,38
39,0,432555,11,9,2,0,0,1,0,0,1628,40,38
63,4,404547,11,9,2,2,0,0,0,0,0,30,38
20,2,406641,11,9,4,0,1,0,1,0,0,30,38
35,2,340428,7,12,4,0,1,0,1,0,0,35,38
22,2,537222,9,13,4,11,1,0,0,0,0,25,38
28,2,395022,8,11,0,9,4,0,1,0,0,40,38
31,2,557853,9,13,2,9,0,0,0,5013,0,32,38
60,2,308608,11,9,2,11,0,0,0,0,0,50,38
51,2,355551,11,9,4,2,4,0,1,0,0,45,25
29,2,309778,9,13,4,2,1,0,0,0,0,40,38
51,3,318351,11,9,0,0,1,0,1,0,1741,40,38
43,3,303211,11,9,4,3,3,0,0,0,0,40,38
30,2,302473,11,9,4,0,3,0,1,0,0,40,38
31,4,349148,15,10,2,6,0,0,0,0,0,48,38
48,2,320421,11,9,2,11,0,0,0,0,0,50,38
44,2,346081,11,9,0,9,1,0,0,0,0,40,38
37,2,433491,11,9,4,7,3,0,0,0,0,40,38
22,2,450920,7,12,4,0,1,1,1,0,0,40,38
36,1,298717,11,9,2,3,0,0,0,0,0,40,38
73,4,300404,15,10,2,11,0,0,0,0,0,6,38
24,2,308239,9,13,4,11,3,0,0,0,0,4,38
36,2,358373,11,9,5,6,1,1,1,0,0,36,38
18,2,338836,11,9,4,7,3,0,0,0,0,20,38
34,2,318886,11,9,2,4,0,1,0,0,0,40,38
67,3,325373,5,4,2,2,0,0,0,0,0,48,38
44,2,373050,11,9,2,13,0,0,0,0,0,40,38
34,2,298995,15,10,4,12,1,1,1,0,0,50,38
37,2,305597,11,9,0,2,1,0,0,0,0,40,38
40,2,303291,15,10,2,7,5,0,1,0,0,35,38
59,2,316027,11,9,2,7,0,0,0,0,0,45,4
45,0,359808,7,12,4,3,1,0,0,0,0,40,38
18,2,308739,11,9,4,0,3,0,1,0,0,20,38
27,2,446947,9,13,4,0,4,1,1,0,0,55,38
23,5,386568,15,10,5,9,1,0,1,0,0,20,38
17,2,566049,0,6,4,7,3,0,0,0,0,8,38
24,2,417668,9,13,4,9,3,0,0,0,0,30,38
68,2,339168,9,13,2,13,0,0,0,0,0,30,38
24,2,395297,15,10,4,7,4,0,1,0,0,30,23
32,4,360689,1,7,0,2,1,0,0,0,0,50,38
27,2,302422,11,9,4,0,1,0,0,0,0,40,38
41,5,355756,15,10,4,9,1,0,0,0,0,40,38
35,4,381931,11,9,2,4,0,0,0,0,0,55,38
28,2,315287,15,10,4,9,1,1,0,0,0,40,38
28,2,436198,15,10,2,9,0,0,0,0,0,30,38
64,0,316246,9,13,0,0,1,1,1,0,0,40,38
50,2,474229,11,9,0,6,3,0,0,0,0,40,38
31,2,309170,11,9,4,5,1,0,0,0,0,40,38
39,4,457453,11,9,2,2,0,1,0,0,0,40,38
23,1,324960,11,9,4,4,1,0,0,0,0,40,30
20,2,447488,6,5,4,7,4,0,0,0,0,30,25
64,2,312242,15,10,6,3,1,0,1,0,0,3,38
35,2,474136,11,9,4,2,1,0,0,0,1408,40,38
33,2,549413,15,10,2,0,0,1,0,0,0,40,38
56,2,329059,11,9,2,6,0,0,0,0,0,40,21
32,2,323055,11,9,2,2,0,0,0,0,0,40,38
39,2,342642,11,9,0,11,1,0,0,0,0,60,38
49,2,298659,11,9,2,11,0,0,0,0,0,15,25
45,2,343377,15,10,2,0,0,0,0,0,0,40,38
31,2,387116,15,10,4,0,1,1,1,0,0,36,22
26,2,291586,9,13,4,13,3,0,0,0,0,20,38
41,2,694105,11,9,4,2,4,0,0,0,0,40,38
55,5,294395,8,11,6,9,4,0,1,6849,0,40,38
19,2,318822,15,10,4,0,2,0,1,0,0,40,38
20,2,350824,15,10,4,11,3,0,1,0,0,20,38
28,2,311446,11,9,0,0,1,0,1,0,0,40,38
21,2,313873,4,3,4,5,1,0,0,0,0,40,25
27,2,335764,1,7,2,11,3,1,0,0,0,35,38
43,4,349341,9,13,0,3,1,0,0,0,0,60,38
27,2,401723,11,9,4,0,1,1,1,0,0,40,38
23,2,370548,11,9,2,5,0,0,0,0,0,27,38
22,2,313730,7,12,4,4,1,1,1,0,0,40,38
39,0,410034,11,9,2,0,0,0,0,0,0,40,38
38,2,309122,0,6,0,6,1,0,1,0,0,40,38
49,2,315437,11,9,5,11,1,0,1,0,0,40,38
26,3,316688,15,10,4,11,2,0,0,0,0,40,38
21,2,307315,15,10,4,0,4,0,0,0,0,40,38
18,2,322999,15,10,4,7,3,0,1,0,0,20,38
39,2,343476,11,9,2,2,0,0,0,0,0,30,38
19,2,356272,15,10,4,0,1,0,1,0,0,25,38
28,1,401886,11,9,4,0,2,0,0,0,0,20,38
19,2,386492,15,10,4,5,3,0,0,0,0,16,38
30,4,523095,15,10,4,2,1,0,0,0,0,45,38
45,0,311671,8,11,2,10,0,0,0,3908,0,40,38
21,2,334693,15,10,4,11,1,0,1,0,0,50,38
30,2,361742,15,10,2,3,0,0,0,0,0,50,38
32,2,398988,9,13,4,3,1,0,0,0,0,40,38
44,2,889965,11,9,2,5,5,0,1,3137,0,30,38
22,2,416165,15,10,4,0,3,0,1,0,0,40,38
33,1,292217,11,9,0,10,4,0,0,0,0,40,38
38,0,365430,11,9,0,2,4,0,0,0,0,40,38
18,2,318190,1,7,4,7,3,0,0,0,0,15,38
73,2,301210,3,2,2,13,0,0,0,0,1735,20,38
20,2,421474,15,10,4,11,3,0,0,0,0,20,38
35,2,377798,9,13,4,9,1,0,0,0,0,50,38
27,2,420351,11,9,4,13,3,0,0,0,0,40,38
26,2,381618,6,5,2,2,0,0,0,0,0,45,38
31,2,351187,11,9,0,7,4,0,0,0,0,40,38
25,2,294400,5,4,2,2,0,0,0,0,0,60,38
31,2,463601,11,9,4,5,2,1,0,0,0,40,38
51,2,317396,15,10,0,0,4,0,1,0,0,40,38
23,2,664670,11,9,4,2,3,1,0,0,0,40,38
39,2,303677,15,10,0,3,4,0,1,0,0,15,38
32,2,426467,3,2,4,2,1,0,0,3674,0,40,12
67,4,354405,11,9,6,7,1,0,1,0,0,20,38
43,2,350379,4,3,0,8,4,0,1,0,0,40,25
38,2,452353,15,10,0,0,4,0,1,0,0,40,38
66,1,376506,10,16,0,9,1,0,1,3273,0,40,38
35,2,336793,9,13,4,0,2,0,0,0,0,40,38
33,2,323619,15,10,4,0,4,0,1,0,0,40,38
23,2,419554,11,9,2,3,0,0,0,0,0,54,38
24,2,361278,15,10,4,0,1,0,1,0,0,40,38
61,2,353031,11,9,2,13,0,0,0,0,0,60,38
19,2,501144,15,10,4,11,2,1,1,0,0,40,38
45,2,358259,15,10,4,2,1,0,0,0,0,50,38
25,2,350850,5,4,2,4,0,0,0,0,0,50,38
41,2,407425,2,8,0,6,1,1,1,0,0,40,38
21,2,479296,11,9,4,7,2,0,0,0,0,40,38
51,2,299831,8,11,4,9,3,0,1,0,0,40,38
50,4,343748,15,10,2,2,0,0,0,0,0,35,38
25,1,375170,15,10,4,0,3,1,1,0,0,35,38
37,2,709445,11,9,5,2,2,1,0,0,0,40,38
26,2,322614,13,1,3,6,1,0,0,0,1719,40,25
25,2,431861,11,9,2,13,0,0,0,0,0,40,38
25,4,305449,15,10,4,6,3,0,0,0,0,40,38
52,2,311931,4,3,2,11,5,0,1,0,0,15,7
44,2,367749,9,13,4,9,1,0,1,0,0,45,25
24,2,295763,9,13,4,3,3,0,1,0,0,50,38
18,2,318082,15,10,4,11,3,0,0,0,0,35,38
22,2,413110,11,9,4,7,2,1,1,0,0,15,38
38,1,414791,11,9,2,13,0,0,0,0,0,40,38
44,5,395078,11,9,0,0,1,0,1,0,0,40,38
17,2,345403,0,6,4,7,3,0,0,0,0,40,38
23,5,389792,9,13,4,3,3,0,0,0,0,30,38
51,2,334679,8,11,6,9,4,1,1,0,0,40,38
38,2,303092,11,9,2,3,0,0,0,0,0,40,38
27,2,310483,9,13,0,9,1,0,0,0,0,50,38
34,2,295922,15,10,4,6,1,0,0,0,0,40,8
36,2,469056,11,9,0,11,4,1,1,0,0,25,38
25,2,309098,8,11,4,9,1,0,0,0,0,40,38
27,2,493689,9,13,4,12,1,1,1,0,0,40,9
21,2,364685,1,7,4,12,3,0,1,0,0,35,38
28,2,791084,15,10,4,2,3,0,0,0,0,50,38
24,2,588484,11,9,4,5,3,0,0,594,0,40,38
44,2,304530,15,10,0,2,1,0,0,0,0,55,38
45,2,474617,11,9,0,11,4,1,0,5455,0,40,38
26,2,359854,9,13,4,8,2,0,1,0,0,35,25
42,2,529216,11,9,5,13,2,1,0,0,0,40,38
19,2,321817,1,7,4,7,3,0,1,0,0,40,38
36,2,356824,11,9,0,11,1,0,1,0,0,40,38
32,4,455995,9,13,0,3,1,0,0,0,0,50,38
26,2,365289,11,9,0,6,1,0,0,0,0,40,38
31,2,382368,1,7,2,2,0,0,0,0,0,40,38
31,2,422836,4,3,2,2,0,0,0,0,0,40,7
33,2,405913,15,10,2,9,0,0,0,0,0,40,28
45,5,319666,14,15,0,9,4,0,1,0,0,43,38
26,2,295055,11,9,4,6,3,1,0,0,0,40,38
33,2,357954,11,9,2,5,0,0,0,0,0,35,18
49,2,323798,15,10,0,3,1,0,0,3325,0,50,38
32,2,296897,9,13,4,9,3,1,1,0,0,40,38
45,2,362883,11,9,2,2,0,0,0,5013,0,40,38
41,2,308550,11,9,0,2,4,0,1,0,0,60,38
31,2,293594,11,9,4,0,4,0,1,0,3770,37,32
46,2,306993,4,3,2,5,0,0,0,0,0,40,38
24,2,438839,9,13,4,11,1,0,0,0,0,40,38
40,2,309990,15,10,5,7,4,0,1,0,0,40,38
31,2,595000,11,9,4,5,2,1,1,0,0,35,38
24,2,298227,15,10,2,3,0,0,0,0,0,50,38
25,2,358975,11,9,4,7,1,0,1,0,0,35,38
48,2,498328,0,6,2,13,0,1,0,0,0,40,38
29,2,304595,12,14,4,11,1,0,0,0,0,50,38
27,2,445365,9,13,4,0,1,0,0,0,0,40,38
28,2,419146,5,4,5,5,1,0,0,0,0,40,25
34,2,329170,15,10,4,0,1,0,1,6849,0,70,38
53,4,297796,0,6,2,4,0,0,0,0,0,40,38
37,4,410919,11,9,4,2,3,0,0,0,0,35,38
32,2,398019,5,4,4,8,1,0,1,0,0,15,25
59,2,653215,1,7,6,13,4,0,1,0,0,40,38
21,5,337766,15,10,4,9,3,0,0,0,0,20,38
33,2,312923,0,6,2,7,0,0,0,0,0,80,25
21,2,320425,15,10,4,9,3,0,0,0,0,30,38
37,2,328301,15,10,4,12,4,0,1,4934,0,60,38
32,2,353994,9,13,2,3,2,1,1,0,0,40,2
17,2,309504,0,6,4,11,4,0,1,0,0,24,38
33,2,379798,11,9,2,2,0,0,0,0,0,40,38
43,2,307767,11,9,2,2,0,0,0,0,0,40,38
34,2,581071,11,9,5,0,1,0,0,0,0,48,38
24,2,375698,15,10,4,0,1,0,1,0,0,40,23
32,4,350624,2,8,2,2,0,0,0,0,0,40,38
19,2,304299,11,9,4,11,4,0,1,0,0,40,38
27,2,360527,11,9,2,3,0,0,0,0,0,40,38
35,3,340110,15,10,2,11,0,0,0,0,0,50,38
17,2,350995,2,8,4,7,3,0,0,0,0,16,38
36,4,344351,11,9,4,13,3,0,0,0,0,40,38
29,2,324505,15,10,5,0,1,0,0,0,0,40,38
37,2,349116,11,9,4,11,1,1,0,0,0,44,38
31,2,409622,9,13,2,6,0,1,0,0,0,36,25
32,2,295282,11,9,2,2,0,0,0,0,0,48,38
38,5,354591,11,9,4,7,4,1,1,114,0,38,38
42,1,1125613,11,9,0,7,1,1,0,0,0,40,38
33,2,348592,11,9,4,2,1,0,0,0,0,40,38
47,1,358668,9,13,0,9,1,0,0,0,0,48,38
18,2,400616,15,10,4,0,3,0,0,0,0,40,38
47,2,418961,8,11,0,11,4,1,1,0,0,25,38
56,1,391926,11,9,2,3,0,0,0,0,0,40,38
21,2,811615,11,9,4,7,1,1,1,0,0,50,38
31,2,437825,3,2,2,4,0,0,0,0,0,40,25
24,2,354691,2,8,4,2,1,0,0,0,0,40,38
26,2,357933,15,10,4,0,3,0,1,0,0,15,38
31,2,420749,7,12,2,2,0,0,0,0,0,40,38
18,2,338632,1,7,4,7,3,0,0,0,0,16,38
26,2,314177,11,9,4,11,1,1,0,0,0,40,38
24,1,354351,11,9,2,2,0,0,0,0,0,60,38
50,2,299215,11,9,2,0,0,1,0,0,0,40,38
27,2,306747,9,13,0,5,3,1,0,0,0,40,38
19,2,425816,15,10,4,11,4,1,1,0,0,40,38
73,2,333676,11,9,2,4,0,0,0,0,0,50,38
31,2,303942,15,10,2,11,0,0,0,0,0,50,38
60,5,313946,11,9,2,7,0,0,0,0,0,40,38
33,2,322873,11,9,0,11,1,0,1,0,0,50,38
60,2,320376,5,4,2,6,5,0,1,0,0,40,38
46,0,330901,15,10,2,3,0,1,0,0,0,40,38
35,2,360743,9,13,4,0,1,1,0,0,0,55,38
45,2,363087,11,9,5,6,4,1,1,0,0,40,38
22,2,303170,15,10,4,8,3,0,1,0,0,28,38
56,2,311249,11,9,6,0,4,1,1,0,0,38,38
47,1,328610,11,9,2,2,0,0,0,0,0,40,38
25,0,339956,15,10,2,10,0,1,0,0,0,40,38
25,2,457070,5,4,0,2,3,0,0,0,0,45,38
28,2,408473,2,8,4,11,1,1,0,0,0,40,38
25,2,349190,7,12,4,5,3,0,0,0,0,20,38
51,2,508891,11,9,0,6,3,1,0,0,0,40,38
53,2,329222,9,13,2,2,0,1,0,0,1740,40,24
22,2,408383,15,10,4,13,3,0,0,0,0,40,38
27,2,358636,15,10,2,2,0,0,0,2829,0,70,38
37,2,301614,9,13,4,6,2,0,0,0,0,40,38
28,2,441620,9,13,4,7,1,0,0,0,0,43,25
27,2,384774,5,4,0,12,1,0,1,0,0,50,38
21,2,411068,15,10,4,0,3,0,1,0,0,35,38
56,2,360770,3,2,2,6,0,1,0,0,0,40,5
30,2,541343,0,6,2,7,0,1,0,0,0,40,38
25,2,391591,2,8,4,2,1,0,0,0,0,40,38
35,2,538583,1,7,5,13,1,1,0,0,0,40,38
30,2,316471,9,13,4,0,1,0,0,0,0,50,38
42,0,557644,11,9,4,0,4,0,1,0,0,40,38
19,6,344858,11,9,4,4,3,0,0,0,0,20,38
18,2,334676,11,9,4,5,3,0,0,0,0,25,38
24,2,313956,9,13,2,9,0,0,0,0,0,40,38
25,2,476334,15,10,2,2,0,0,0,0,0,40,38
54,2,343333,9,13,6,0,1,0,1,0,0,80,38
35,2,343403,15,10,4,11,1,0,1,0,0,40,38
22,2,316304,15,10,4,4,3,0,0,0,0,50,38
45,2,338105,15,10,2,2,0,1,0,0,0,40,39
45,2,408773,15,10,2,6,0,0,0,0,0,40,38
50,2,301024,9,13,5,11,1,0,0,0,0,40,38
63,2,355459,2,8,6,8,4,1,1,0,0,35,38
40,2,315321,11,9,0,3,4,0,1,0,625,52,38
30,2,381153,11,9,4,2,1,0,0,0,0,40,38
35,4,295279,9,13,0,11,1,0,0,0,0,37,38
31,2,446358,15,10,2,6,0,0,0,0,0,40,25
36,2,292570,11,9,4,0,3,0,1,3325,0,40,38
23,2,410439,11,9,0,9,3,0,0,0,0,20,38
35,2,328466,6,5,2,7,0,0,0,0,0,40,25
53,2,324568,1,7,2,2,0,0,0,0,0,45,38
22,2,401451,15,10,2,13,0,0,0,0,0,48,38
41,1,351350,15,10,0,10,4,0,1,0,0,40,38
19,2,376240,11,9,4,6,3,0,0,0,0,42,38
24,2,300275,11,9,4,5,1,0,0,0,0,40,38
45,2,380922,11,9,2,2,0,0,0,0,0,60,38
66,4,293114,11,9,2,4,0,0,0,1409,0,40,38
54,2,340476,11,9,5,11,4,0,1,0,0,35,38
20,2,318036,11,9,4,7,1,0,0,0,0,40,38
47,2,459189,11,9,2,13,0,0,0,0,0,40,38
48,1,452402,10,16,4,9,4,1,1,0,0,15,38
22,2,374116,11,9,4,8,3,0,1,0,0,36,38
31,2,509364,4,3,4,6,1,0,0,0,0,45,25
33,5,913447,15,10,0,7,4,1,1,0,0,40,38
26,2,335533,11,9,4,2,3,0,0,0,0,20,38
36,2,326886,11,9,2,2,0,0,0,0,0,40,38
27,4,365110,9,13,4,9,1,0,1,0,0,20,38
30,2,341187,5,4,5,13,1,0,0,0,0,35,38
29,2,412435,11,9,2,3,5,0,1,0,0,40,27
25,2,315130,9,13,4,12,1,0,1,0,0,10,38
31,2,403468,15,10,5,7,4,0,1,0,0,50,25
47,0,402975,15,10,2,3,0,1,0,0,0,40,38
40,2,438427,15,10,4,11,1,1,1,0,0,40,38
36,2,296999,15,10,0,2,1,0,1,0,0,37,38
34,2,378723,0,6,5,3,4,0,1,0,0,45,38
47,2,481987,11,9,2,7,0,0,0,0,0,40,38
33,0,373043,11,9,4,13,1,1,0,0,0,34,10
51,2,306790,11,9,0,2,1,0,0,0,0,40,38
35,4,462890,0,6,2,13,0,1,0,0,0,50,38
23,2,297152,15,10,4,0,3,1,1,0,0,25,38
42,2,385591,11,9,2,3,0,0,0,0,0,50,38
24,2,314440,11,9,4,6,1,0,1,0,0,40,38
39,2,680390,11,9,5,6,4,0,1,0,0,24,38
29,2,335015,11,9,2,2,0,0,0,0,0,48,38
58,2,301867,11,9,2,4,0,0,0,0,0,40,38
42,2,444134,11,9,2,13,0,0,0,0,0,40,38
68,2,357233,11,9,6,5,2,0,1,0,0,10,38
70,2,315868,9,13,0,0,1,0,0,0,0,40,38
23,2,403107,4,3,4,7,3,0,0,0,0,40,7
33,2,388672,8,11,2,2,0,0,0,0,0,60,38
23,2,315476,11,9,4,13,3,0,0,0,0,30,38
21,2,296158,11,9,4,2,3,0,0,0,0,35,38
23,1,314819,11,9,4,13,3,0,0,0,0,40,38
39,2,387430,11,9,4,7,1,0,0,0,0,18,38
29,3,446724,9,13,2,3,0,0,0,0,0,35,38
20,2,316702,15,10,4,11,3,0,0,0,0,40,38
43,3,320984,15,10,2,6,0,0,0,0,0,50,38
40,2,309311,11,9,2,4,0,0,0,0,0,40,38
18,2,394954,15,10,4,0,1,0,1,0,0,40,38
38,2,296317,11,9,2,6,0,0,0,0,0,40,25
24,2,390348,11,9,4,13,1,0,0,0,0,40,38
31,2,291702,11,9,2,2,0,0,0,0,0,40,38
17,1,308901,1,7,4,0,3,0,1,0,0,15,38
28,4,414599,7,12,4,3,1,0,0,0,0,21,12
53,2,340723,14,15,4,9,1,0,1,0,0,40,38
21,2,331611,15,10,2,7,0,0,0,0,0,50,38
28,2,354095,15,10,4,11,1,0,1,0,0,40,38
28,2,437994,15,10,4,7,1,1,0,0,0,60,38
41,2,328447,3,2,2,2,0,0,0,0,0,35,25
25,2,390316,6,5,2,2,0,0,0,0,0,40,25
29,2,351324,9,13,4,11,3,0,1,0,0,40,38
39,2,300760,11,9,0,12,4,0,1,0,0,50,38
39,2,325374,15,10,4,0,1,0,0,0,0,40,38
55,2,354923,7,12,0,0,4,0,1,0,0,40,38
50,0,306707,11,9,4,0,4,1,1,0,0,12,38
20,2,334105,15,10,4,7,3,0,1,0,0,10,38
30,2,370183,11,9,2,12,0,0,0,0,0,40,38
39,2,451059,6,5,2,5,0,0,0,0,0,40,38
53,2,347446,6,5,2,6,0,1,0,0,0,40,38
47,2,329144,11,9,2,11,0,0,0,4386,0,45,38
29,2,413297,7,12,4,11,1,0,0,0,0,45,25
29,2,393264,9,13,4,9,1,0,0,0,0,40,38
27,2,367390,15,10,4,2,4,0,0,0,0,50,38
47,2,362654,11,9,2,6,0,0,0,0,0,40,38
22,6,302347,11,9,4,5,3,0,0,4416,0,40,38
18,2,332763,11,9,4,3,2,0,1,0,0,40,38
26,2,336404,11,9,2,10,0,0,0,0,0,40,38
29,2,439263,11,9,2,10,0,0,0,0,0,35,28
36,1,379672,8,11,0,3,4,0,1,0,0,60,38
30,2,299223,15,10,0,11,4,1,1,0,0,40,38
35,2,407068,3,2,3,7,1,0,0,0,0,40,12
24,5,324637,15,10,4,7,1,0,0,0,0,40,38
30,2,327112,1,7,5,11,1,0,0,0,0,40,38
27,2,1490400,15,10,2,3,0,0,0,0,0,40,38
56,1,305767,11,9,2,7,0,1,0,0,0,40,2
68,2,351711,15,10,2,0,0,0,0,0,0,40,38
34,2,320077,9,13,0,9,1,0,1,0,0,50,38
42,2,358677,11,9,0,7,4,1,0,0,0,35,38
41,2,304605,11,9,2,2,0,0,0,0,0,40,1
44,0,320071,11,9,2,2,0,0,0,0,0,40,38
20,2,299399,15,10,4,11,3,0,1,0,0,20,38
50,5,307392,12,14,0,9,4,0,1,0,0,40,38
28,2,332249,15,10,4,9,1,0,0,0,0,25,38
39,1,357173,7,12,0,9,1,0,0,0,0,59,38
31,2,408208,11,9,4,6,1,1,0,0,0,30,38
37,2,373895,15,10,5,5,1,1,0,0,0,35,38
23,2,386019,6,5,4,4,4,0,0,0,0,70,38
24,2,321666,7,12,4,6,3,0,0,0,0,20,38
50,2,341797,11,9,0,2,1,0,0,0,0,40,38
36,5,422275,4,3,2,7,0,0,0,0,0,40,25
31,1,402089,11,9,0,0,4,0,1,0,0,40,38
43,2,313181,11,9,0,0,2,1,0,0,0,38,38
26,2,403788,7,12,4,7,3,1,0,0,0,40,38
35,2,319831,11,9,0,2,1,0,0,0,0,60,38
25,1,334133,12,14,4,9,3,0,0,0,0,20,38
56,1,435836,12,14,0,9,1,0,1,0,0,40,38
22,2,339644,11,9,3,0,2,0,1,0,0,40,38
43,2,323713,11,9,2,6,0,0,0,0,0,40,38
41,1,575442,15,10,0,2,1,0,0,0,0,40,38
37,2,386461,4,3,0,6,4,0,0,0,0,45,25
35,1,329759,11,9,2,2,0,0,0,0,0,40,38
36,2,465326,11,9,2,4,0,0,0,0,0,40,38
29,2,632593,11,9,2,2,0,1,0,0,0,40,38
42,5,381581,11,9,0,0,1,0,0,0,0,40,38
30,4,345122,15,10,0,9,4,0,0,0,0,50,38
32,2,296466,8,11,2,2,0,0,0,0,0,40,38
21,2,410439,15,10,4,11,3,0,0,0,0,24,38
33,5,357691,12,14,2,10,0,1,0,0,0,40,38
50,2,421561,15,10,0,3,1,0,0,0,0,40,38
27,2,312485,11,9,4,5,3,0,0,0,0,32,38
19,2,323605,5,4,4,7,1,0,0,0,0,60,38
26,3,366662,11,9,4,11,3,0,0,0,0,50,38
36,1,318972,15,10,0,0,4,0,1,0,0,65,38
37,2,342642,15,10,2,2,0,0,0,0,0,40,38
30,2,347166,11,9,4,3,1,0,0,0,0,60,38
36,1,305714,11,9,4,7,4,1,1,0,0,70,38
35,2,385412,9,13,4,0,1,0,1,0,0,40,38
34,2,532379,15,10,2,2,0,0,0,0,0,40,38
29,2,423024,4,3,2,4,0,0,0,0,0,40,25
17,2,318918,0,6,4,4,3,0,0,0,0,30,38
40,2,400061,15,10,2,6,0,1,0,0,0,40,38
23,5,368739,9,13,4,9,1,0,1,0,0,40,38
32,2,339482,4,3,5,4,2,0,0,0,0,60,25
25,2,306908,11,9,2,6,0,0,0,0,0,40,38
40,5,345969,7,12,2,0,0,0,0,0,0,40,38
35,4,372525,9,13,4,3,1,0,0,0,0,40,38
18,2,404868,1,7,4,11,3,1,1,0,1602,20,38
45,4,341117,15,10,0,9,1,0,1,0,0,50,38
22,2,495288,11,9,4,0,3,0,1,0,0,38,38
35,2,420040,11,9,0,0,1,0,0,0,0,40,38
33,2,342458,11,9,4,2,1,0,0,0,0,40,38
29,2,353352,8,11,4,2,2,0,0,0,0,40,38
54,2,447555,0,6,2,13,0,1,0,0,0,40,38
19,2,301606,15,10,4,7,3,1,0,0,0,35,38
23,2,352606,11,9,0,8,4,0,1,0,0,40,38
44,2,858091,11,9,4,7,4,1,1,0,0,40,38
24,2,376474,11,9,2,5,0,0,0,0,0,65,38
53,1,321770,11,9,3,13,2,0,1,0,0,35,38
46,2,411595,4,3,6,6,4,0,1,0,0,40,25
23,2,352139,15,10,4,7,1,0,1,0,0,24,38
40,2,374367,8,11,5,11,1,1,0,0,0,44,38
35,2,330664,15,10,4,11,1,0,0,0,0,40,38
39,2,306504,11,9,2,13,0,0,0,0,0,40,38
30,1,325658,11,9,2,3,0,0,0,0,0,40,38
21,2,309348,15,10,4,7,1,0,1,0,0,18,38
49,2,379779,9,13,0,3,1,0,1,0,0,40,38
34,2,379412,11,9,2,2,0,0,0,0,0,50,38
34,2,347166,10,16,4,9,1,0,0,0,0,50,38
43,2,325461,15,10,0,12,1,0,0,0,0,45,38
44,2,377018,8,11,2,2,0,0,0,0,0,40,38
30,0,356689,9,13,2,0,0,0,0,0,0,30,23
42,2,341757,15,10,4,6,1,0,1,0,0,40,38
