capital-gain,hours-per-week,educational-num,Reward,Group 1 Proportion (Equal Effectiveness),Group 2 Proportion (Equal Effectiveness),Average Success Rate (Equal Effectiveness),Proportions Difference (Equal Effectiveness),Mean Gower Distance
544.0,-2.0,3.0,,,,,,
2495.0,-5.0,2.0,1069.43,0.97,0.97,0.97,0.0,0.1941
9567,2.0,1.0,,,,,,
,,,,,,,,
10150,-1.0,2.0,,,,,,
1542.0,5.0,0.0,,,,,,
-1198.0,-1.0,0.0,1087.32,0.96,0.96,0.96,0.0,0.0607
0.0,3.0,0.0,,,,,,
,,,,,,,,
7802,-5.0,2.0,,,,,,
4890.0,-5.0,0.0,,,,,,
-2945.0,-1.0,0.0,1071.34,0.87,0.82,0.84,0.05,0.0932
-163.0,-1.0,15.0,,,,,,
,,,,,,,,
8163,15.0,1.0,,,,,,
5951.0,15.0,0.0,1054.74,0.95,0.96,0.95,0.01,0.1704
,,,,,,,,
900.0,0.0,1.0,,,,,,
8925,-2.0,0.0,1059.84,0.98,0.97,0.97,0.01,0.1158
,,,,,,,,
-15121.0,-13.0,0.0,,,,,,
5974.0,-3.0,1.0,,,,,,
120.0,0.0,0.0,1079.25,0.97,0.97,0.97,0.0,0.1229
9880,0.0,1.0,,,,,,
,,,,,,,,
8212,2.0,1.0,,,,,,
1296.0,0.0,1.0,,,,,,
-498.0,1.0,0.0,1078.64,0.93,0.93,0.93,0.0,0.1469
1085.0,-3.0,3.0,,,,,,
,,,,,,,,
8778,2.0,0.0,,,,,,
-1537.0,0.0,0.0,1070.34,0.98,0.98,0.98,0.0,0.0181
,,,,,,,,
-5098.0,7.0,0.0,,,,,,
9141,36.0,1.0,1056.86,1.0,1.0,1.0,0.0,0.1838
,,,,,,,,
9288,25.0,4.0,,,,,,
2947.0,0.0,0.0,,,,,,
2253.0,3.0,2.0,1077.89,0.99,1.0,0.99,0.01,0.1512
4307.0,1.0,3.0,,,,,,
,,,,,,,,
8152,1.0,2.0,,,,,,
2740.0,3.0,0.0,,,,,,
-806.0,0.0,0.0,1080.92,0.92,0.93,0.93,0.01,0.0586
1300.0,3.0,0.0,,,,,,
,,,,,,,,
7819,0.0,0.0,,,,,,
-831.0,1.0,0.0,1073.53,0.92,0.91,0.92,0.01,0.0546
1442.0,1.0,4.0,,,,,,
,,,,,,,,
-12188.0,-7.0,0.0,,,,,,
3303.0,4.0,7.0,,,,,,
1803.0,-3.0,4.0,1084.49,0.77,0.74,0.76,0.03,0.1162
1299.0,-1.0,4.0,,,,,,
7089.0,26.0,13.0,,,,,,
,,,,,,,,
4258.0,10.0,2.0,,,,,,
7671,-8.0,0.0,1057.29,0.84,0.76,0.8,0.08,0.097
-947.0,-6.0,0.0,,,,,,
,,,,,,,,
2555.0,0.0,1.0,,,,,,
7600.0,0.0,2.0,1071.1,0.98,0.98,0.98,0.0,0.1539
8577,11.0,0.0,,,,,,
,,,,,,,,
-1321.0,15.0,0.0,,,,,,
1503.0,8.0,0.0,,,,,,
6072.0,-4.0,5.0,1084.09,1.0,1.0,1.0,0.0,0.0899
8819,9.0,13.0,,,,,,
,,,,,,,,
9949,9.0,4.0,,,,,,
3201.0,-1.0,2.0,,,,,,
3217.0,3.0,2.0,1096.94,0.97,0.98,0.97,0.01,0.1183
0.0,4.0,0.0,,,,,,
-272.0,4.0,0.0,,,,,,
,,,,,,,,
8455,2.0,4.0,,,,,,
1713.0,0.0,2.0,,,,,,
1947.0,2.0,0.0,1088.24,0.96,0.96,0.96,0.0,0.0911
2296.0,2.0,0.0,,,,,,
,,,,,,,,
9245,1.0,0.0,,,,,,
-2073.0,2.0,0.0,1067.06,0.98,0.97,0.97,0.01,0.0206
,,,,,,,,
2800.0,0.0,0.0,,,,,,
4174.0,-1.0,0.0,,,,,,
2858.0,4.0,0.0,1083.31,0.97,0.97,0.97,0.0,0.0592
9740,2.0,3.0,,,,,,
,,,,,,,,
7972,10.0,1.0,,,,,,
5556.0,-1.0,7.0,,,,,,
858.0,2.0,4.0,1077.58,0.92,0.91,0.92,0.01,0.1276
2689.0,7.0,0.0,,,,,,
,,,,,,,,
9644,3.0,5.0,,,,,,
5944.0,2.0,2.0,,,,,,
5532.0,3.0,1.0,1078.71,0.97,0.97,0.97,0.0,0.1434
2618.0,0.0,0.0,,,,,,
,,,,,,,,
9694,6.0,1.0,,,,,,
2529.0,0.0,2.0,1076.03,0.97,0.97,0.97,0.0,0.1464
2858.0,2.0,0.0,,,,,,
,,,,,,,,
8561,4.0,1.0,,,,,,
2865.0,0.0,0.0,,,,,,
2734.0,-3.0,0.0,1097.82,0.96,0.97,0.96,0.01,0.0896
2472.0,0.0,2.0,,,,,,
0.0,2.0,0.0,,,,,,
,,,,,,,,
8848,5.0,1.0,,,,,,
2453.0,1.0,0.0,,,,,,
-1383.0,3.0,0.0,1090.09,0.97,0.97,0.97,0.0,0.0652
99.0,0.0,0.0,,,,,,
,,,,,,,,
1637.0,3.0,3.0,,,,,,
5749.0,-3.0,1.0,,,,,,
1191.0,-3.0,1.0,1075.02,0.98,0.98,0.98,0.0,0.2157
8607,15.0,1.0,,,,,,
,,,,,,,,
3261.0,6.0,2.0,,,,,,
773.0,1.0,0.0,,,,,,
638.0,-2.0,0.0,1082.36,1.0,1.0,1.0,0.0,0.0988
8935,34.0,9.0,,,,,,
,,,,,,,,
10522,0.0,0.0,,,,,,
2657.0,0.0,1.0,1060.61,0.98,0.98,0.98,0.0,0.118
,,,,,,,,
2385.0,15.0,3.0,,,,,,
2470.0,0.0,1.0,,,,,,
1934.0,5.0,1.0,1074.58,0.96,0.96,0.96,0.0,0.2107
8520,0.0,1.0,,,,,,
,,,,,,,,
7647,4.0,1.0,,,,,,
4033.0,-1.0,1.0,,,,,,
0.0,3.0,0.0,1071.46,0.8,0.71,0.76,0.09,0.1167
2935.0,-2.0,0.0,,,,,,
,,,,,,,,
9352,12.0,2.0,,,,,,
2979.0,5.0,1.0,,,,,,
2642.0,-2.0,1.0,1082.81,0.98,0.98,0.98,0.0,0.2218
5960.0,2.0,1.0,,,,,,
,,,,,,,,
8283,2.0,0.0,,,,,,
2197.0,1.0,1.0,1079.33,0.97,0.97,0.97,0.0,0.0803
-2555.0,1.0,0.0,,,,,,
,,,,,,,,
2101.0,9.0,2.0,,,,,,
778.0,5.0,2.0,,,,,,
409.0,5.0,2.0,1076.09,0.96,0.96,0.96,0.0,0.1902
8309,0.0,3.0,,,,,,
,,,,,,,,
8129,5.0,1.0,,,,,,
1928.0,0.0,3.0,,,,,,
120.0,0.0,1.0,1093.5,0.93,0.94,0.94,0.01,0.154
2045.0,1.0,2.0,,,,,,
-131.0,-2.0,0.0,,,,,,
,,,,,,,,
9048,7.0,0.0,,,,,,
775.0,4.0,2.0,,,,,,
794.0,-2.0,0.0,1082.64,0.98,0.98,0.98,0.0,0.0686
2414.0,5.0,0.0,,,,,,
,,,,,,,,
7869,1.0,2.0,,,,,,
2082.0,-2.0,0.0,,,,,,
2479.0,0.0,0.0,1095.63,0.9,0.88,0.89,0.02,0.0464
0.0,-2.0,0.0,,,,,,
-2610.0,-1.0,0.0,,,,,,
,,,,,,,,
3701.0,23.0,5.0,,,,,,
10128,2.0,2.0,,,,,,
5344.0,1.0,1.0,1093.75,0.97,0.97,0.97,0.0,0.192
2020.0,-1.0,3.0,,,,,,
3834.0,0.0,2.0,,,,,,
,,,,,,,,
8846,12.0,3.0,,,,,,
2847.0,5.0,3.0,,,,,,
1831.0,8.0,1.0,1076.07,0.98,0.98,0.98,0.0,0.196
2873.0,9.0,4.0,,,,,,
,,,,,,,,
8118,5.0,0.0,,,,,,
5071.0,2.0,1.0,1069.81,0.95,0.96,0.95,0.01,0.094
5645.0,-1.0,0.0,,,,,,
,,,,,,,,
8757,3.0,1.0,,,,,,
0.0,6.0,0.0,1070.54,0.96,0.97,0.96,0.01,0.0862
0.0,2.0,0.0,,,,,,
,,,,,,,,
7172.0,5.0,7.0,,,,,,
8207,8.0,0.0,,,,,,
6699.0,2.0,4.0,1097.64,0.96,0.96,0.96,0.0,0.1031
3169.0,2.0,2.0,,,,,,
-98.0,3.0,0.0,,,,,,
,,,,,,,,
8695,3.0,2.0,,,,,,
5824.0,0.0,0.0,1070.66,0.96,0.97,0.96,0.01,0.0791
2691.0,0.0,0.0,,,,,,
,,,,,,,,
6188.0,5.0,5.0,,,,,,
8665,-6.0,8.0,,,,,,
4987.0,0.0,0.0,1085.56,0.97,0.98,0.97,0.01,0.069
1792.0,3.0,0.0,,,,,,
,,,,,,,,
8474,3.0,0.0,1060.06,0.98,0.98,0.98,0.0,0.0384
,,,,,,,,
6721.0,0.0,2.0,,,,,,
8949,10.0,5.0,,,,,,
4361.0,18.0,5.0,1077.68,0.97,0.98,0.97,0.01,0.1414
802.0,6.0,0.0,,,,,,
,,,,,,,,
9345,9.0,2.0,,,,,,
2768.0,2.0,1.0,,,,,,
0.0,1.0,0.0,1096.28,0.97,0.98,0.97,0.01,0.1315
1709.0,3.0,1.0,,,,,,
0.0,2.0,0.0,,,,,,
,,,,,,,,
7782,11.0,3.0,,,,,,
4052.0,2.0,0.0,,,,,,
273.0,2.0,0.0,1079.06,0.92,0.91,0.92,0.01,0.0671
2733.0,6.0,0.0,,,,,,
,,,,,,,,
8492,18.0,1.0,,,,,,
781.0,2.0,0.0,1074.45,0.98,0.99,0.98,0.01,0.1098
5536.0,6.0,0.0,,,,,,
,,,,,,,,
8758,0.0,1.0,,,,,,
3533.0,0.0,1.0,,,,,,
2819.0,1.0,2.0,1096.32,0.96,0.96,0.96,0.0,0.1295
2753.0,3.0,0.0,,,,,,
0.0,6.0,0.0,,,,,,
,,,,,,,,
5538.0,7.0,1.0,,,,,,
8042,0.0,0.0,,,,,,
361.0,1.0,0.0,1094.58,0.94,0.95,0.94,0.01,0.1325
933.0,0.0,1.0,,,,,,
806.0,2.0,1.0,,,,,,
,,,,,,,,
7935,0.0,2.0,,,,,,
-2010.0,9.0,0.0,,,,,,
0.0,2.0,0.0,1095.94,0.89,0.88,0.89,0.01,0.0501
2854.0,-1.0,0.0,,,,,,
1171.0,0.0,0.0,,,,,,
,,,,,,,,
8512,4.0,0.0,1059.88,0.98,0.98,0.98,0.0,0.0419
,,,,,,,,
2995.0,4.0,0.0,,,,,,
2374.0,5.0,1.0,,,,,,
9020,1.0,2.0,1096.18,0.96,0.96,0.96,0.0,0.1324
2291.0,0.0,1.0,,,,,,
1499.0,4.0,0.0,,,,,,
,,,,,,,,
7628.0,2.0,2.0,,,,,,
9822,2.0,1.0,1075.99,0.97,0.97,0.97,0.0,0.1471
2277.0,0.0,0.0,,,,,,
,,,,,,,,
8354,4.0,0.0,,,,,,
764.0,8.0,2.0,,,,,,
571.0,3.0,2.0,1099.46,0.98,0.98,0.98,0.0,0.0889
4435.0,0.0,0.0,,,,,,
0.0,2.0,0.0,,,,,,
,,,,,,,,
8898,3.0,6.0,,,,,,
6630.0,-1.0,1.0,,,,,,
6512.0,-17.0,0.0,1075.84,0.96,0.97,0.96,0.01,0.1484
714.0,0.0,2.0,,,,,,
,,,,,,,,
8596,16.0,0.0,,,,,,
4947.0,3.0,0.0,,,,,,
-399.0,3.0,0.0,1084.73,0.99,1.0,0.99,0.01,0.0308
0.0,1.0,0.0,,,,,,
,,,,,,,,
8258,0.0,2.0,1049.46,0.94,0.96,0.95,0.02,0.1974
,,,,,,,,
8040,5.0,1.0,,,,,,
3462.0,-1.0,3.0,,,,,,
2236.0,7.0,1.0,1080.92,0.93,0.94,0.94,0.01,0.2057
2620.0,0.0,1.0,,,,,,
,,,,,,,,
8206,0.0,0.0,,,,,,
2684.0,1.0,2.0,1077.61,0.94,0.95,0.94,0.01,0.0718
1709.0,0.0,0.0,,,,,,
,,,,,,,,
8526,13.0,1.0,,,,,,
2011.0,2.0,1.0,,,,,,
2660.0,0.0,1.0,1096.01,0.98,0.98,0.98,0.0,0.1578
3774.0,0.0,0.0,,,,,,
7377.0,-4.0,7.0,,,,,,
,,,,,,,,
8990,9.0,3.0,,,,,,
6990.0,0.0,4.0,,,,,,
5951.0,3.0,1.0,1075.87,0.97,0.98,0.97,0.01,0.1983
2256.0,4.0,1.0,,,,,,
,,,,,,,,
4064.0,3.0,5.0,,,,,,
2464.0,0.0,1.0,,,,,,
3961.0,1.0,1.0,1094.46,0.97,0.97,0.97,0.0,0.1778
6733.0,6.0,4.0,,,,,,
10288,0.0,3.0,,,,,,
,,,,,,,,
7727,8.0,0.0,,,,,,
0.0,3.0,0.0,1064.86,0.9,0.89,0.9,0.01,0.0315
,,,,,,,,
9300,2.0,2.0,,,,,,
2495.0,0.0,1.0,1076.43,0.97,0.97,0.97,0.0,0.1384
2133.0,0.0,0.0,,,,,,
,,,,,,,,
7878,2.0,0.0,,,,,,
549.0,0.0,1.0,,,,,,
-718.0,2.0,0.0,1087.08,0.92,0.91,0.92,0.01,0.0604
2275.0,0.0,0.0,,,,,,
,,,,,,,,
8591,5.0,3.0,,,,,,
7043.0,3.0,0.0,1065.11,0.97,0.97,0.97,0.0,0.1136
,,,,,,,,
7633,4.0,2.0,,,,,,
2572.0,0.0,1.0,,,,,,
0.0,2.0,0.0,1069.45,0.8,0.71,0.76,0.09,0.1567
2439.0,3.0,1.0,,,,,,
,,,,,,,,
8250,3.0,1.0,1047.54,0.93,0.93,0.93,0.0,0.2297
,,,,,,,,
10032,14.0,6.0,,,,,,
2726.0,1.0,0.0,,,,,,
4344.0,3.0,2.0,1089.1,0.98,0.98,0.98,0.0,0.0959
2948.0,0.0,0.0,,,,,,
,,,,,,,,
8519,4.0,1.0,,,,,,
5685.0,1.0,0.0,1065.89,0.96,0.97,0.96,0.01,0.1282
,,,,,,,,
9255,5.0,1.0,,,,,,
2720.0,0.0,2.0,1072.48,0.97,0.97,0.97,0.0,0.1454
5166.0,0.0,0.0,,,,,,
,,,,,,,,
8974,0.0,0.0,,,,,,
4070.0,2.0,0.0,1079.05,0.98,0.98,0.98,0.0,0.0201
0.0,3.0,0.0,,,,,,
,,,,,,,,
8063,9.0,2.0,,,,,,
0.0,1.0,0.0,1065.94,0.94,0.94,0.94,0.0,0.1153
,,,,,,,,
8113,11.0,2.0,,,,,,
5739.0,11.0,2.0,,,,,,
4998.0,-1.0,0.0,1096.74,0.94,0.94,0.94,0.0,0.0991
2867.0,0.0,0.0,,,,,,
1681.0,0.0,0.0,,,,,,
,,,,,,,,
9147,0.0,1.0,,,,,,
1691.0,3.0,1.0,1072.8,0.96,0.96,0.96,0.0,0.1454
1744.0,0.0,0.0,,,,,,
,,,,,,,,
9198,11.0,2.0,,,,,,
7195.0,3.0,2.0,,,,,,
6622.0,0.0,2.0,1084.57,0.97,0.98,0.97,0.01,0.1656
5475.0,3.0,0.0,,,,,,
,,,,,,,,
4626.0,8.0,2.0,,,,,,
7831,3.0,0.0,,,,,,
0.0,3.0,0.0,1087.3,0.93,0.92,0.93,0.01,0.067
2727.0,0.0,0.0,,,,,,
,,,,,,,,
8458,4.0,2.0,,,,,,
5130.0,5.0,0.0,1071.69,0.96,0.97,0.96,0.01,0.1314
162.0,0.0,3.0,,,,,,
,,,,,,,,
8024,11.0,0.0,,,,,,
5353.0,3.0,0.0,1076.21,0.94,0.94,0.94,0.0,0.0329
0.0,2.0,0.0,,,,,,
,,,,,,,,
8837,1.0,1.0,,,,,,
0.0,3.0,0.0,1078.77,0.96,0.96,0.96,0.0,0.0806
0.0,2.0,0.0,,,,,,
,,,,,,,,
8306,2.0,0.0,1058.34,0.98,0.98,0.98,0.0,0.0345
,,,,,,,,
8101,21.0,5.0,,,,,,
7440.0,9.0,1.0,,,,,,
2831.0,0.0,0.0,1079.62,0.96,0.96,0.96,0.0,0.1195
2217.0,3.0,0.0,,,,,,
,,,,,,,,
8445,0.0,0.0,,,,,,
5744.0,0.0,0.0,1072.72,0.98,0.98,0.98,0.0,0.0237
,,,,,,,,
8107,6.0,6.0,,,,,,
4713.0,6.0,1.0,,,,,,
3651.0,9.0,1.0,1091.92,0.94,0.94,0.94,0.0,0.1955
2592.0,3.0,3.0,,,,,,
3791.0,3.0,1.0,,,,,,
,,,,,,,,
8665,2.0,2.0,,,,,,
2948.0,0.0,0.0,1075.12,0.96,0.96,0.96,0.0,0.0741
0.0,2.0,0.0,,,,,,
,,,,,,,,
8222,22.0,9.0,,,,,,
5554.0,4.0,0.0,,,,,,
2802.0,0.0,0.0,1091.05,0.98,0.99,0.98,0.01,0.047
1845.0,1.0,0.0,,,,,,
,,,,,,,,
8508,9.0,3.0,1050.59,0.97,0.98,0.97,0.01,0.2068
,,,,,,,,
8998,8.0,1.0,,,,,,
2592.0,0.0,3.0,1072.1,0.97,0.98,0.97,0.01,0.1381
2597.0,0.0,0.0,,,,,,
,,,,,,,,
9762,3.0,0.0,,,,,,
2691.0,0.0,0.0,1072.61,0.98,0.98,0.98,0.0,0.0258
,,,,,,,,
8126,3.0,0.0,,,,,,
418.0,0.0,0.0,1068.22,0.95,0.96,0.95,0.01,0.0193
,,,,,,,,
10299,6.0,2.0,,,,,,
2667.0,2.0,2.0,,,,,,
2923.0,0.0,1.0,1095.27,0.97,0.98,0.97,0.01,0.1516
2935.0,1.0,4.0,,,,,,
0.0,2.0,0.0,,,,,,
,,,,,,,,
8715,2.0,0.0,1058.27,0.98,0.98,0.98,0.0,0.0358
,,,,,,,,
9294,3.0,1.0,,,,,,
1548.0,0.0,0.0,1075.68,0.97,0.97,0.97,0.0,0.1535
5945.0,3.0,1.0,,,,,,
,,,,,,,,
3367.0,5.0,1.0,,,,,,
8351,0.0,1.0,1061.8,0.96,0.96,0.96,0.0,0.2201
,,,,,,,,
8297,0.0,0.0,1062.52,0.98,0.98,0.98,0.0,0.0277
,,,,,,,,
4060.0,7.0,6.0,,,,,,
8046,3.0,0.0,1062.49,0.95,0.96,0.95,0.01,0.08
,,,,,,,,
8272,6.0,3.0,,,,,,
3799.0,12.0,1.0,,,,,,
6982.0,2.0,0.0,1083.46,0.95,0.96,0.95,0.01,0.1657
2483.0,4.0,2.0,,,,,,
,,,,,,,,
10303,15.0,3.0,,,,,,
4399.0,6.0,0.0,,,,,,
0.0,3.0,0.0,1100.39,0.98,0.99,0.98,0.01,0.0603
2837.0,2.0,0.0,,,,,,
0.0,2.0,0.0,,,,,,
,,,,,,,,
8577,6.0,1.0,,,,,,
5459.0,0.0,1.0,,,,,,
0.0,6.0,0.0,1087.33,0.97,0.97,0.97,0.0,0.1204
0.0,3.0,0.0,,,,,,
,,,,,,,,
2995.0,3.0,1.0,,,,,,
7875,6.0,2.0,1068.01,0.92,0.9,0.91,0.02,0.144
0.0,1.0,0.0,,,,,,
,,,,,,,,
7880,2.0,1.0,,,,,,
2550.0,2.0,0.0,1062.49,0.91,0.89,0.9,0.02,0.1202
,,,,,,,,
8033,0.0,2.0,1050.77,0.92,0.92,0.92,0.0,0.1967
,,,,,,,,
5824.0,2.0,1.0,,,,,,
2770.0,0.0,0.0,,,,,,
8067,4.0,2.0,1094.74,0.93,0.94,0.94,0.01,0.1292
2746.0,0.0,1.0,,,,,,
2105.0,0.0,0.0,,,,,,
,,,,,,,,
7145,24.0,10.0,,,,,,
7137.0,4.0,1.0,,,,,,
2369.0,2.0,4.0,1084.3,0.85,0.81,0.83,0.04,0.187
1964.0,3.0,1.0,,,,,,
4907.0,2.0,1.0,,,,,,
,,,,,,,,
8075,18.0,1.0,,,,,,
5539.0,0.0,0.0,1073.56,0.96,0.96,0.96,0.0,0.1052
5151.0,0.0,0.0,,,,,,
,,,,,,,,
8465,13.0,2.0,,,,,,
2850.0,0.0,0.0,1079.7,0.98,0.98,0.98,0.0,0.084
-1222.0,0.0,0.0,,,,,,
,,,,,,,,
9833,8.0,1.0,1046.18,0.97,0.98,0.97,0.01,0.2519
,,,,,,,,
8521,6.0,0.0,,,,,,
0.0,2.0,0.0,1082.8,0.98,0.98,0.98,0.0,0.0219
0.0,3.0,0.0,,,,,,
,,,,,,,,
8412,0.0,1.0,,,,,,
5838.0,0.0,0.0,1066.81,0.96,0.96,0.96,0.0,0.1198
,,,,,,,,
8759,13.0,3.0,,,,,,
1090.0,4.0,1.0,,,,,,
5507.0,8.0,1.0,1094.95,0.98,0.98,0.98,0.0,0.179
2955.0,5.0,1.0,,,,,,
2483.0,0.0,0.0,,,,,,
,,,,,,,,
8203,0.0,1.0,,,,,,
2089.0,0.0,2.0,,,,,,
0.0,1.0,0.0,1085.49,0.92,0.92,0.92,0.0,0.1023
2869.0,0.0,0.0,,,,,,
,,,,,,,,
3028.0,3.0,5.0,,,,,,
8477,2.0,0.0,,,,,,
3339.0,3.0,1.0,1086.68,0.98,0.98,0.98,0.0,0.1445
1456.0,2.0,1.0,,,,,,
,,,,,,,,
8615,0.0,3.0,,,,,,
0.0,1.0,0.0,1065.74,0.96,0.96,0.96,0.0,0.09
,,,,,,,,
10420,11.0,1.0,,,,,,
2400.0,1.0,2.0,1072.78,0.98,0.98,0.98,0.0,0.1518
0.0,3.0,0.0,,,,,,
,,,,,,,,
10348,0.0,1.0,1052.02,0.97,0.97,0.97,0.0,0.2266
,,,,,,,,
4879.0,13.0,6.0,,,,,,
7916,5.0,1.0,1069.03,0.91,0.9,0.91,0.01,0.1309
1317.0,2.0,0.0,,,,,,
,,,,,,,,
9724,13.0,3.0,,,,,,
6514.0,11.0,0.0,1071.98,0.98,0.98,0.98,0.0,0.1616
2855.0,0.0,1.0,,,,,,
,,,,,,,,
7760,8.0,1.0,,,,,,
7044.0,2.0,0.0,,,,,,
5406.0,2.0,0.0,1093.94,0.92,0.92,0.92,0.0,0.1332
4066.0,10.0,5.0,,,,,,
1242.0,5.0,1.0,,,,,,
,,,,,,,,
8349,17.0,4.0,,,,,,
5350.0,12.0,2.0,,,,,,
3215.0,0.0,2.0,1077.74,0.98,0.99,0.98,0.01,0.1595
2172.0,3.0,0.0,,,,,,
,,,,,,,,
8722,0.0,1.0,1051.74,0.96,0.96,0.96,0.0,0.2211
,,,,,,,,
8776,9.0,2.0,,,,,,
5578.0,2.0,0.0,1075.3,0.97,0.98,0.97,0.01,0.1509
1695.0,0.0,1.0,,,,,,
,,,,,,,,
8061,3.0,1.0,,,,,,
2444.0,0.0,1.0,1060.42,0.93,0.93,0.93,0.0,0.2146
,,,,,,,,
2997.0,5.0,0.0,,,,,,
399.0,0.0,0.0,,,,,,
8292,1.0,0.0,1092.43,0.97,0.97,0.97,0.0,0.0183
1120.0,3.0,0.0,,,,,,
,,,,,,,,
10540,2.0,2.0,,,,,,
2937.0,6.0,2.0,,,,,,
1443.0,0.0,0.0,1098.44,0.97,0.98,0.97,0.01,0.0882
0.0,2.0,0.0,,,,,,
5279.0,0.0,0.0,,,,,,
,,,,,,,,
7928,0.0,0.0,,,,,,
1696.0,0.0,0.0,,,,,,
2410.0,2.0,0.0,1097.49,0.92,0.91,0.92,0.01,0.0522
2764.0,1.0,1.0,,,,,,
2823.0,0.0,0.0,,,,,,
,,,,,,,,
10108,2.0,0.0,,,,,,
1464.0,3.0,2.0,1079.97,0.98,0.98,0.98,0.0,0.0785
0.0,3.0,0.0,,,,,,
,,,,,,,,
8507,0.0,1.0,1051.78,0.96,0.96,0.96,0.0,0.2204
,,,,,,,,
10366,0.0,0.0,1062.17,0.98,0.98,0.98,0.0,0.0346
,,,,,,,,
4424.0,0.0,1.0,,,,,,
9834,9.0,0.0,,,,,,
5173.0,0.0,2.0,1098.85,0.98,0.98,0.98,0.0,0.1011
1547.0,8.0,0.0,,,,,,
1706.0,3.0,0.0,,,,,,
,,,,,,,,
10316,9.0,1.0,,,,,,
0.0,3.0,0.0,1067.22,0.98,0.98,0.98,0.0,0.1336
,,,,,,,,
5672.0,11.0,2.0,,,,,,
8747,6.0,0.0,1064.31,0.98,0.98,0.98,0.0,0.1378
,,,,,,,,
2991.0,3.0,1.0,,,,,,
7686.0,2,2.0,,,,,,
4512.0,0.0,0.0,1074.55,0.83,0.76,0.79,0.07,0.108
703.0,0.0,0.0,,,,,,
,,,,,,,,
8819,29.0,4.0,,,,,,
2479.0,9.0,1.0,1072.96,1.0,1.0,1.0,0.0,0.1641
2420.0,0.0,0.0,,,,,,
,,,,,,,,
4217.0,5.0,1.0,,,,,,
8216,8.0,1.0,,,,,,
7092.0,4.0,0.0,1096.46,0.94,0.94,0.94,0.0,0.1048
2231.0,2.0,0.0,,,,,,
865.0,0.0,0.0,,,,,,
,,,,,,,,
991.0,6.0,0.0,,,,,,
8175,8.0,2.0,,,,,,
0.0,1.0,0.0,1086.04,0.94,0.94,0.94,0.0,0.1133
2980.0,0.0,1.0,,,,,,
,,,,,,,,
8599,3.0,1.0,,,,,,
0.0,2.0,0.0,1078.17,0.96,0.97,0.96,0.01,0.0826
0.0,3.0,0.0,,,,,,
,,,,,,,,
2996.0,10.0,3.0,,,,,,
8522,14.0,1.0,,,,,,
5024.0,11.0,3.0,1093.39,0.98,0.98,0.98,0.0,0.2102
3201.0,3.0,2.0,,,,,,
2045.0,0.0,1.0,,,,,,
,,,,,,,,
8522,15.0,4.0,,,,,,
2928.0,3.0,1.0,1076.68,0.98,0.98,0.98,0.0,0.1445
4852.0,0.0,0.0,,,,,,
,,,,,,,,
8503,0.0,1.0,,,,,,
0.0,3.0,0.0,1078.82,0.96,0.96,0.96,0.0,0.0797
2551.0,0.0,0.0,,,,,,
,,,,,,,,
6837.0,15.0,6.0,,,,,,
8804,7.0,1.0,,,,,,
2786.0,2.0,0.0,1097.02,0.97,0.97,0.97,0.0,0.1266
1978.0,3.0,1.0,,,,,,
0.0,1.0,0.0,,,,,,
,,,,,,,,
8872,3.0,2.0,,,,,,
2360.0,5.0,2.0,1072.22,0.96,0.97,0.96,0.01,0.2016
2535.0,0.0,1.0,,,,,,
,,,,,,,,
7969,6.0,0.0,,,,,,
5401.0,0.0,0.0,1069.53,0.93,0.93,0.93,0.0,0.0325
,,,,,,,,
8667,3.0,0.0,,,,,,
0.0,2.0,0.0,1072.76,0.98,0.98,0.98,0.0,0.0229
,,,,,,,,
8393,13.0,6.0,,,,,,
1866.0,3.0,1.0,,,,,,
7330.0,0.0,1.0,1093.87,0.98,0.98,0.98,0.0,0.2006
7140.0,3.0,2.0,,,,,,
5330.0,2.0,1.0,,,,,,
,,,,,,,,
8667,1.0,3.0,,,,,,
2709.0,0.0,1.0,1063.27,0.96,0.96,0.96,0.0,0.1906
,,,,,,,,
9102,19.0,7.0,,,,,,
1788.0,6.0,0.0,,,,,,
1123.0,2.0,1.0,1088.98,0.99,1.0,0.99,0.01,0.0995
2149.0,0.0,0.0,,,,,,
,,,,,,,,
8846,0.0,2.0,,,,,,
0.0,2.0,0.0,1067.64,0.96,0.96,0.96,0.0,0.1031
,,,,,,,,
7704,0.0,0.0,1050.86,0.87,0.8,0.83,0.07,0.0257
,,,,,,,,
8780,11.0,7.0,,,,,,
4829.0,0.0,3.0,,,,,,
2763.0,0.0,1.0,1098.71,0.98,0.98,0.98,0.0,0.1039
0.0,3.0,0.0,,,,,,
0.0,3.0,0.0,,,,,,
,,,,,,,,
5626.0,24.0,2.0,,,,,,
5437.0,12.0,3.0,,,,,,
10437,8.0,1.0,1083.61,0.97,0.98,0.97,0.01,0.1848
2620.0,0.0,0.0,,,,,,
,,,,,,,,
8785,0.0,1.0,1049.67,0.96,0.96,0.96,0.0,0.2214
,,,,,,,,
9794,0.0,1.0,1052.11,0.97,0.97,0.97,0.0,0.2247
,,,,,,,,
8768,11.0,4.0,,,,,,
1046.0,9.0,3.0,1068.77,0.97,0.98,0.97,0.01,0.1966
2909.0,4.0,1.0,,,,,,
,,,,,,,,
10156,3.0,3.0,,,,,,
4703.0,8.0,0.0,,,,,,
2570.0,3.0,0.0,1089.98,0.97,0.97,0.97,0.0,0.0673
2734.0,2.0,0.0,,,,,,
,,,,,,,,
8428,2.0,1.0,,,,,,
4588.0,6.0,0.0,1078.26,0.96,0.96,0.96,0.0,0.0909
0.0,3.0,0.0,,,,,,
,,,,,,,,
8131,19.0,1.0,,,,,,
2962.0,0.0,0.0,1065.46,0.96,0.96,0.96,0.0,0.1467
,,,,,,,,
8835,0.0,0.0,,,,,,
0.0,2.0,0.0,1073.0,0.98,0.98,0.98,0.0,0.0181
,,,,,,,,
8837,0.0,0.0,1062.42,0.98,0.98,0.98,0.0,0.0295
,,,,,,,,
8742,3.0,0.0,1061.93,0.98,0.98,0.98,0.0,0.0393
,,,,,,,,
8369,6.0,1.0,,,,,,
2142.0,0.0,1.0,1062.37,0.97,0.97,0.97,0.0,0.2197
,,,,,,,,
7216.0,6,0.0,,,,,,
0.0,3.0,0.0,1057.03,0.82,0.77,0.79,0.05,0.0273
,,,,,,,,
8757,7.0,0.0,,,,,,
2928.0,3.0,0.0,1082.52,0.98,0.98,0.98,0.0,0.0276
2964.0,0.0,0.0,,,,,,
,,,,,,,,
8626,11.0,1.0,,,,,,
2847.0,5.0,2.0,1061.49,0.97,0.98,0.97,0.01,0.2272
,,,,,,,,
8624,6.0,2.0,,,,,,
0.0,2.0,0.0,1064.96,0.97,0.97,0.97,0.0,0.1129
,,,,,,,,
8833,6.0,1.0,1051.26,0.97,0.97,0.97,0.0,0.2418
,,,,,,,,
4205.0,20.0,3.0,,,,,,
6993.0,5.0,4.0,,,,,,
8144,9.0,1.0,1094.93,0.94,0.94,0.94,0.0,0.1354
2853.0,0.0,0.0,,,,,,
3436.0,3.0,0.0,,,,,,
,,,,,,,,
8472,7.0,2.0,,,,,,
5406.0,0.0,1.0,1062.55,0.97,0.97,0.97,0.0,0.216
,,,,,,,,
8046,3.0,0.0,1059.9,0.95,0.96,0.95,0.01,0.037
,,,,,,,,
8499,3.0,0.0,1061.98,0.98,0.98,0.98,0.0,0.0385
,,,,,,,,
8833,0.0,0.0,1062.43,0.98,0.98,0.98,0.0,0.0294
,,,,,,,,
8543,6.0,0.0,1061.46,0.98,0.98,0.98,0.0,0.0488
,,,,,,,,
8503,6.0,1.0,,,,,,
0.0,1.0,0.0,1067.24,0.97,0.97,0.97,0.0,0.1221
,,,,,,,,
7602,4.0,2.0,,,,,,
1426.0,0.0,0.0,1063.63,0.8,0.71,0.76,0.09,0.0734
0.0,2.0,0.0,,,,,,
,,,,,,,,
8264,2.0,1.0,,,,,,
2576.0,3.0,0.0,,,,,,
6282.0,5.0,1.0,1078.0,0.95,0.96,0.95,0.01,0.1213
0.0,3.0,0.0,,,,,,
,,,,,,,,
8481,0.0,0.0,,,,,,
774.0,0.0,0.0,1070.57,0.98,0.98,0.98,0.0,0.0154
,,,,,,,,
9352,30.0,5.0,,,,,,
2689.0,0.0,0.0,1077.52,1.0,1.0,1.0,0.0,0.0924
0.0,9.0,0.0,,,,,,
,,,,,,,,
8162,0.0,1.0,,,,,,
0.0,3.0,0.0,1064.87,0.92,0.92,0.92,0.0,0.1147
,,,,,,,,
8792,3.0,1.0,,,,,,
0.0,2.0,0.0,1066.34,0.96,0.97,0.96,0.01,0.1192
,,,,,,,,
8858,7.0,2.0,1048.25,0.97,0.97,0.97,0.0,0.2232
,,,,,,,,
7359,9.0,0.0,,,,,,
0.0,3.0,0.0,1061.47,0.84,0.8,0.82,0.04,0.0326
,,,,,,,,
7859,0.0,0.0,1056.87,0.92,0.91,0.92,0.01,0.0262
,,,,,,,,
8365,11.0,3.0,,,,,,
4907.0,7.0,2.0,,,,,,
0.0,3.0,0.0,1084.95,0.97,0.98,0.97,0.01,0.158
2066.0,0.0,1.0,,,,,,
,,,,,,,,
8459,6.0,0.0,,,,,,
2075.0,2.0,1.0,1067.54,0.98,0.98,0.98,0.0,0.1272
,,,,,,,,
8807,5.0,3.0,,,,,,
2047.0,6.0,3.0,,,,,,
0.0,5.0,0.0,1088.33,0.97,0.97,0.97,0.0,0.1004
2597.0,2.0,0.0,,,,,,
,,,,,,,,
8730,9.0,2.0,,,,,,
0.0,3.0,0.0,1066.86,0.97,0.98,0.97,0.01,0.1198
,,,,,,,,
7911,3.0,0.0,1058.82,0.93,0.92,0.93,0.01,0.0365
,,,,,,,,
8206,5.0,0.0,1059.54,0.95,0.96,0.95,0.01,0.0443
,,,,,,,,
8552,0.0,1.0,1051.77,0.96,0.96,0.96,0.0,0.2206
,,,,,,,,
5648.0,14.0,5.0,,,,,,
2777.0,5.0,4.0,,,,,,
2765.0,2.0,0.0,1086.61,0.94,0.95,0.94,0.01,0.0918
8067,0.0,0.0,,,,,,
,,,,,,,,
8368,8.0,6.0,,,,,,
6652.0,0.0,1.0,,,,,,
6000.0,3.0,2.0,1097.13,0.97,0.98,0.97,0.01,0.1144
0.0,2.0,0.0,,,,,,
0.0,3.0,0.0,,,,,,
,,,,,,,,
8792,3.0,2.0,,,,,,
2914.0,3.0,3.0,,,,,,
2370.0,6.0,0.0,1087.01,0.96,0.97,0.96,0.01,0.1059
5470.0,0.0,0.0,,,,,,
,,,,,,,,
8746,37.0,8.0,1050.97,1.0,1.0,1.0,0.0,0.2044
,,,,,,,,
8212,10.0,2.0,,,,,,
2600.0,2.0,0.0,1065.54,0.94,0.94,0.94,0.0,0.1233
,,,,,,,,
8514,5.0,0.0,1061.64,0.98,0.98,0.98,0.0,0.0453
,,,,,,,,
8258,8.0,3.0,,,,,,
7314.0,7.0,1.0,,,,,,
5790.0,4.0,3.0,1084.38,0.96,0.97,0.96,0.01,0.1583
2970.0,0.0,0.0,,,,,,
,,,,,,,,
8688,18.0,3.0,,,,,,
7565.0,0.0,0.0,,,,,,
2565.0,0.0,0.0,1089.88,0.98,0.99,0.98,0.01,0.0704
0.0,3.0,0.0,,,,,,
,,,,,,,,
8013,31.0,0.0,1054.37,0.97,0.98,0.97,0.01,0.1311
,,,,,,,,
8580,3.0,1.0,,,,,,
2897.0,3.0,0.0,1077.96,0.96,0.97,0.96,0.01,0.0868
2945.0,0.0,0.0,,,,,,
,,,,,,,,
8187,8.0,0.0,,,,,,
5582.0,3.0,0.0,1070.72,0.96,0.96,0.96,0.0,0.0416
,,,,,,,,
8886,2.0,3.0,,,,,,
2578.0,6.0,1.0,,,,,,
5110.0,0.0,1.0,1084.57,0.96,0.97,0.96,0.01,0.1547
1295.0,0.0,0.0,,,,,,
,,,,,,,,
8490,8.0,0.0,,,,,,
0.0,6.0,0.0,1082.38,0.98,0.98,0.98,0.0,0.0304
2622.0,2.0,0.0,,,,,,
,,,,,,,,
8368,15.0,2.0,1051.47,0.98,0.98,0.98,0.0,0.2486
,,,,,,,,
2999.0,22.0,1.0,,,,,,
8751,3.0,1.0,1069.83,0.96,0.97,0.96,0.01,0.1726
2970.0,0.0,0.0,,,,,,
,,,,,,,,
8926,6.0,1.0,1051.24,0.97,0.97,0.97,0.0,0.2422
,,,,,,,,
8446,0.0,0.0,1062.49,0.98,0.98,0.98,0.0,0.0282
,,,,,,,,
5114.0,16.0,2.0,,,,,,
8947,3.0,2.0,,,,,,
7114.0,0.0,4.0,1094.46,0.96,0.97,0.96,0.01,0.1568
2262.0,6.0,0.0,,,,,,
1242.0,1.0,3.0,,,,,,
,,,,,,,,
8093,11.0,1.0,1048.89,0.94,0.94,0.94,0.0,0.2563
,,,,,,,,
8113,16.0,2.0,,,,,,
5481.0,0.0,2.0,1074.26,0.95,0.96,0.95,0.01,0.1498
0.0,3.0,0.0,,,,,,
,,,,,,,,
8770,5.0,1.0,1051.44,0.97,0.97,0.97,0.0,0.2382
,,,,,,,,
8731,10.0,2.0,,,,,,
2923.0,5.0,0.0,1078.38,0.97,0.98,0.97,0.01,0.0894
2563.0,0.0,0.0,,,,,,
,,,,,,,,
8820,15.0,0.0,,,,,,
2001.0,7.0,0.0,1069.03,0.99,0.99,0.99,0.0,0.0553
,,,,,,,,
8351,32.0,2.0,,,,,,
0.0,3.0,0.0,1064.55,1.0,1.0,1.0,0.0,0.1578
,,,,,,,,
8314,23.0,11.0,,,,,,
5601.0,2.0,2.0,,,,,,
2143.0,0.0,0.0,1088.03,1.0,1.0,1.0,0.0,0.1394
2982.0,0.0,1.0,,,,,,
,,,,,,,,
2997.0,9.0,3.0,,,,,,
8548,6.0,1.0,1059.92,0.97,0.97,0.97,0.0,0.2146
,,,,,,,,
5735.0,11.0,11.0,,,,,,
8041,2.0,2.0,,,,,,
4607.0,0.0,1.0,1084.6,0.93,0.93,0.93,0.0,0.131
2665.0,0.0,0.0,,,,,,
,,,,,,,,
7766,3.0,3.0,,,,,,
3000.0,3.0,0.0,,,,,,
0.0,3.0,0.0,1086.74,0.91,0.9,0.91,0.01,0.0561
0.0,3.0,0.0,,,,,,
,,,,,,,,
2990.0,0.0,0.0,,,,,,
8407,3.0,0.0,1079.09,0.98,0.98,0.98,0.0,0.0193
2917.0,0.0,0.0,,,,,,
,,,,,,,,
7802,7.0,1.0,,,,,,
2989.0,12.0,1.0,1071.74,0.92,0.91,0.92,0.01,0.1671
0.0,5.0,0.0,,,,,,
,,,,,,,,
2918.0,4.0,4.0,,,,,,
10106,3.0,1.0,,,,,,
0.0,7.0,0.0,1088.15,0.97,0.97,0.97,0.0,0.104
0.0,2.0,0.0,,,,,,
,,,,,,,,
2929.0,6.0,4.0,,,,,,
8027,4.0,1.0,,,,,,
5698.0,3.0,0.0,1094.93,0.91,0.9,0.91,0.01,0.0925
2479.0,8.0,0.0,,,,,,
2850.0,0.0,0.0,,,,,,
,,,,,,,,
8824,6.0,2.0,,,,,,
5657.0,6.0,2.0,1076.04,0.97,0.97,0.97,0.0,0.1462
2970.0,0.0,0.0,,,,,,
,,,,,,,,
8658,1.0,0.0,,,,,,
2213.0,0.0,2.0,,,,,,
5637.0,0.0,0.0,1089.88,0.98,0.97,0.97,0.01,0.0595
2930.0,0.0,0.0,,,,,,
,,,,,,,,
7951,6.0,1.0,,,,,,
2996.0,0.0,0.0,,,,,,
0.0,3.0,0.0,1078.63,0.92,0.9,0.91,0.02,0.0671
2790.0,0.0,0.0,,,,,,
,,,,,,,,
4407.0,22.0,8.0,,,,,,
8417,7.0,3.0,,,,,,
2993.0,3.0,1.0,1095.98,0.97,0.97,0.97,0.0,0.1475
2560.0,0.0,3.0,,,,,,
5681.0,3.0,0.0,,,,,,
,,,,,,,,
2244.0,13.0,3.0,,,,,,
2978.0,6.0,2.0,,,,,,
5108.0,-1.0,2.0,1075.19,0.92,0.91,0.92,0.01,0.1541
7955,0.0,0.0,,,,,,
,,,,,,,,
8591,6.0,2.0,,,,,,
-1616.0,0.0,0.0,,,,,,
5220.0,3.0,1.0,1096.82,0.97,0.97,0.97,0.0,0.1307
2566.0,2.0,1.0,,,,,,
2173.0,0.0,0.0,,,,,,
,,,,,,,,
7993,0.0,0.0,,,,,,
0.0,3.0,0.0,,,,,,
2994.0,0.0,0.0,1081.73,0.92,0.91,0.92,0.01,0.0137
2398.0,0.0,0.0,,,,,,
,,,,,,,,
7717.0,3,2.0,,,,,,
2943.0,3.0,1.0,1061.72,0.84,0.8,0.82,0.04,0.1426
2993.0,0.0,0.0,,,,,,
,,,,,,,,
2427.0,6.0,5.0,,,,,,
8035,6.0,3.0,,,,,,
5590.0,9.0,1.0,1093.52,0.93,0.94,0.94,0.01,0.1537
2806.0,0.0,2.0,,,,,,
2730.0,3.0,0.0,,,,,,
,,,,,,,,
8460,6.0,1.0,,,,,,
2947.0,0.0,0.0,1075.4,0.97,0.97,0.97,0.0,0.1591
5368.0,5.0,1.0,,,,,,
,,,,,,,,
2773.0,9.0,6.0,,,,,,
8593,4.0,0.0,,,,,,
5560.0,0.0,1.0,1082.74,0.98,0.98,0.98,0.0,0.0967
2510.0,0.0,0.0,,,,,,
,,,,,,,,
8477,17.0,2.0,,,,,,
3541.0,0.0,1.0,,,,,,
2999.0,0.0,0.0,1079.32,0.98,0.99,0.98,0.01,0.1225
0.0,6.0,0.0,,,,,,
,,,,,,,,
8602,0.0,2.0,,,,,,
5484.0,12.0,0.0,,,,,,
3915.0,3.0,1.0,1093.88,0.96,0.96,0.96,0.0,0.1785
2467.0,4.0,1.0,,,,,,
1590.0,9.0,2.0,,,,,,
,,,,,,,,
9725,4.0,1.0,,,,,,
5956.0,2.0,0.0,,,,,,
945.0,0.0,1.0,1079.82,0.97,0.97,0.97,0.0,0.1169
2258.0,0.0,0.0,,,,,,
,,,,,,,,
8560,3.0,2.0,,,,,,
2997.0,3.0,1.0,1061.78,0.96,0.97,0.96,0.01,0.2104
,,,,,,,,
10485,9.0,2.0,,,,,,
5243.0,6.0,1.0,1075.98,0.98,0.98,0.98,0.0,0.1584
2996.0,0.0,0.0,,,,,,
,,,,,,,,
8510,13.0,4.0,,,,,,
2308.0,3.0,0.0,1072.24,0.98,0.98,0.98,0.0,0.0755
2995.0,0.0,0.0,,,,,,
,,,,,,,,
8510,3.0,1.0,,,,,,
2902.0,0.0,3.0,,,,,,
0.0,3.0,0.0,1096.35,0.96,0.97,0.96,0.01,0.119
2988.0,2.0,2.0,,,,,,
0.0,3.0,0.0,,,,,,
,,,,,,,,
8517,2.0,1.0,,,,,,
2736.0,3.0,0.0,,,,,,
0.0,3.0,0.0,1100.06,0.96,0.96,0.96,0.0,0.0547
2987.0,0.0,0.0,,,,,,
0.0,2.0,0.0,,,,,,
,,,,,,,,
9837,17.0,5.0,,,,,,
2963.0,4.0,1.0,1072.76,0.98,0.99,0.98,0.01,0.1448
5858.0,1.0,0.0,,,,,,
,,,,,,,,
7723,6.0,2.0,,,,,,
1569.0,6.0,2.0,,,,,,
5972.0,3.0,2.0,1086.98,0.87,0.84,0.85,0.03,0.1654
2629.0,0.0,0.0,,,,,,
2335.0,2.0,1.0,,,,,,
,,,,,,,,
5402.0,10.0,1.0,,,,,,
6660.0,13.0,7.0,,,,,,
8069,5.0,3.0,1093.32,0.93,0.94,0.94,0.01,0.1577
2984.0,9.0,2.0,,,,,,
2584.0,0.0,0.0,,,,,,
,,,,,,,,
7621,6.0,3.0,,,,,,
3630.0,0.0,1.0,1056.82,0.83,0.78,0.8,0.05,0.1421
5499.0,3.0,0.0,,,,,,
,,,,,,,,
9909,3.0,1.0,,,,,,
5248.0,2.0,0.0,1075.02,0.97,0.97,0.97,0.0,0.0898
2925.0,0.0,0.0,,,,,,
,,,,,,,,
8079,0.0,1.0,,,,,,
3000.0,3.0,0.0,1073.13,0.92,0.92,0.92,0.0,0.1495
5164.0,0.0,1.0,,,,,,
,,,,,,,,
8144,0.0,1.0,,,,,,
2999.0,0.0,0.0,1062.47,0.92,0.92,0.92,0.0,0.1146
,,,,,,,,
8035,9.0,1.0,,,,,,
0.0,3.0,0.0,1069.4,0.94,0.94,0.94,0.0,0.0932
2993.0,3.0,0.0,,,,,,
,,,,,,,,
0.0,6.0,0.0,,,,,,
5205.0,0.0,1.0,1075.29,0.97,0.97,0.97,0.0,0.0892
8261,3.0,0.0,,,,,,
,,,,,,,,
3857.0,13.0,2.0,,,,,,
9706,3.0,0.0,,,,,,
2917.0,0.0,1.0,1087.88,0.98,0.98,0.98,0.0,0.1203
2975.0,0.0,0.0,,,,,,
,,,,,,,,
8569,2.0,1.0,,,,,,
3790.0,2.0,0.0,1074.68,0.96,0.96,0.96,0.0,0.0856
2998.0,0.0,0.0,,,,,,
,,,,,,,,
2665.0,2.0,1.0,,,,,,
2110.0,3.0,1.0,,,,,,
9108,3.0,0.0,1099.17,0.98,0.98,0.98,0.0,0.0946
2993.0,0.0,0.0,,,,,,
1602.0,0.0,0.0,,,,,,
,,,,,,,,
8645,8.0,0.0,,,,,,
0.0,3.0,0.0,1078.59,0.98,0.98,0.98,0.0,0.0254
2999.0,0.0,0.0,,,,,,
,,,,,,,,
7494,8.0,0.0,,,,,,
0.0,3.0,0.0,1066.68,0.85,0.8,0.82,0.05,0.0376
2985.0,12.0,0.0,,,,,,
,,,,,,,,
8426,28.0,1.0,,,,,,
4210.0,0.0,0.0,1070.86,0.99,1.0,0.99,0.01,0.1129
2994.0,0.0,0.0,,,,,,
,,,,,,,,
2958.0,10.0,4.0,,,,,,
10263,0.0,1.0,,,,,,
2742.0,4.0,2.0,1085.86,0.97,0.97,0.97,0.0,0.1497
2997.0,0.0,0.0,,,,,,
,,,,,,,,
10304,2.0,2.0,,,,,,
4149.0,0.0,0.0,,,,,,
0.0,3.0,0.0,1100.33,0.97,0.98,0.97,0.01,0.0504
2993.0,0.0,0.0,,,,,,
0.0,2.0,0.0,,,,,,
,,,,,,,,
2722.0,0.0,2.0,,,,,,
8447,3.0,1.0,,,,,,
2985.0,5.0,3.0,1078.77,0.96,0.97,0.96,0.01,0.1522
2313.0,5.0,0.0,,,,,,
,,,,,,,,
8655,9.0,0.0,,,,,,
2990.0,30.0,16.0,1066.1,0.98,0.98,0.98,0.0,0.1559
,,,,,,,,
1916.0,6.0,6.0,,,,,,
2357.0,3.0,1.0,,,,,,
5601.0,0.0,0.0,1095.82,1.0,1.0,1.0,0.0,0.1837
2689.0,9.0,1.0,,,,,,
7823,55.0,16.0,,,,,,
,,,,,,,,
8594,5.0,2.0,,,,,,
0.0,5.0,0.0,1071.01,0.97,0.97,0.97,0.0,0.1979
5496.0,90.0,16.0,,,,,,
,,,,,,,,
2063.0,6.0,5.0,,,,,,
4675.0,6.0,3.0,1071.13,0.98,0.98,0.98,0.0,0.1185
8657,3.0,0.0,,,,,,
,,,,,,,,
803.0,17.0,2.0,,,,,,
5791.0,5.0,3.0,,,,,,
7518.0,2.0,5.0,1095.91,0.98,0.98,0.98,0.0,0.1598
4850.0,-2.0,2.0,,,,,,
9201,7.0,0.0,,,,,,
,,,,,,,,
2449.0,9.0,1.0,,,,,,
8717,87.0,16.0,1052.46,1.0,1.0,1.0,0.0,0.3012
,,,,,,,,
2935.0,5.0,3.0,,,,,,
3293.0,1.0,1.0,,,,,,
9468,2.0,1.0,1093.05,0.97,0.97,0.97,0.0,0.2061
2367.0,7.0,1.0,,,,,,
1007.0,0.0,1.0,,,,,,
,,,,,,,,
625.0,4.0,6.0,,,,,,
5344.0,8.0,2.0,,,,,,
9038,7.0,0.0,1078.06,0.98,0.98,0.98,0.0,0.1469
2520.0,5.0,1.0,,,,,,
,,,,,,,,
5040.0,14.0,6.0,,,,,,
2227.0,2.0,3.0,,,,,,
8000,2.0,2.0,1075.63,0.91,0.89,0.9,0.02,0.1306
1072.0,1.0,0.0,,,,,,
,,,,,,,,
2135.0,12.0,5.0,,,,,,
6791.0,5.0,6.0,,,,,,
3334.0,-3.0,2.0,1093.15,0.96,0.97,0.96,0.01,0.183
8573,3.0,1.0,,,,,,
6787.0,0.0,1.0,,,,,,
,,,,,,,,
4963.0,1.0,4.0,,,,,,
7871,1.0,6.0,,,,,,
6343.0,8.0,6.0,1091.7,0.9,0.89,0.9,0.01,0.146
4715.0,2.0,4.0,,,,,,
4257.0,7.0,3.0,,,,,,
,,,,,,,,
1788.0,6.0,0.0,,,,,,
-522.0,5.0,0.0,,,,,,
7839,1.0,1.0,1076.6,0.9,0.88,0.89,0.02,0.0705
0.0,5.0,0.0,,,,,,
,,,,,,,,
1603.0,13.0,5.0,,,,,,
8921,2.0,1.0,1067.37,0.96,0.97,0.96,0.01,0.1348
4246.0,2.0,0.0,,,,,,
,,,,,,,,
8789,0.0,3.0,,,,,,
5115.0,6.0,0.0,,,,,,
5969.0,1.0,1.0,1077.55,0.96,0.96,0.96,0.0,0.1623
6144.0,2.0,1.0,,,,,,
,,,,,,,,
5095.0,1.0,6.0,,,,,,
7478.0,6.0,0.0,1062.79,0.84,0.79,0.81,0.05,0.0573
-323.0,6.0,0.0,,,,,,
,,,,,,,,
8767,4.0,0.0,,,,,,
2129.0,-1.0,1.0,1068.47,0.98,0.98,0.98,0.0,0.1489
2746.0,0.0,1.0,,,,,,
,,,,,,,,
789.0,3.0,1.0,,,,,,
1224.0,-1.0,0.0,,,,,,
5641.0,-4.0,1.0,1076.76,0.93,0.92,0.93,0.01,0.1184
8011,3.0,0.0,,,,,,
,,,,,,,,
2829.0,16.0,5.0,,,,,,
605.0,4.0,2.0,,,,,,
7480,4.0,0.0,1081.24,0.82,0.74,0.78,0.08,0.1532
2989.0,2.0,3.0,,,,,,
2770.0,-2.0,1.0,,,,,,
,,,,,,,,
9340,1.0,2.0,,,,,,
2967.0,0.0,0.0,1071.23,0.96,0.97,0.96,0.01,0.0872
5043.0,9.0,0.0,,,,,,
,,,,,,,,
8133,26.0,7.0,,,,,,
3663.0,6.0,1.0,1063.98,0.98,0.98,0.98,0.0,0.2503
293.0,98.0,16.0,,,,,,
,,,,,,,,
5910.0,-4.0,4.0,,,,,,
6246.0,6.0,1.0,,,,,,
7586,8.0,3.0,1084.1,0.85,0.82,0.83,0.03,0.201
2832.0,5.0,5.0,,,,,,
6429.0,35.0,16.0,,,,,,
,,,,,,,,
4556.0,23.0,10.0,,,,,,
5222.0,3.0,4.0,,,,,,
6619.0,10.0,2.0,1094.05,0.97,0.97,0.97,0.0,0.186
9395,4.0,2.0,,,,,,
5438.0,14.0,16.0,,,,,,
,,,,,,,,
3480.0,6.0,2.0,,,,,,
1990.0,0.0,0.0,,,,,,
8066,1.0,6.0,1095.62,0.93,0.93,0.93,0.0,0.1105
366.0,3.0,1.0,,,,,,
2247.0,5.0,0.0,,,,,,
,,,,,,,,
4858.0,0.0,5.0,,,,,,
594.0,9.0,6.0,,,,,,
9348,1.0,5.0,1097.68,0.97,0.97,0.97,0.0,0.1135
3487.0,4.0,3.0,,,,,,
2363.0,-2.0,0.0,,,,,,
,,,,,,,,
993.0,0.0,1.0,,,,,,
2969.0,5.0,3.0,,,,,,
5002.0,3.0,1.0,1093.12,0.98,0.97,0.97,0.01,0.1946
8936,1.0,0.0,,,,,,
2284.0,94.0,16.0,,,,,,
,,,,,,,,
2322.0,3.0,0.0,,,,,,
2432.0,11.0,1.0,,,,,,
1503.0,0.0,1.0,1079.45,1.0,1.0,1.0,0.0,0.1571
8226,15.0,14.0,,,,,,
,,,,,,,,
4219.0,7.0,5.0,,,,,,
6323.0,4.0,7.0,,,,,,
7773,11.0,5.0,1092.06,0.92,0.92,0.92,0.0,0.1709
5452.0,8.0,2.0,,,,,,
3396.0,13.0,2.0,,,,,,
,,,,,,,,
5357.0,9.0,2.0,,,,,,
7923,2.0,0.0,,,,,,
6000.0,10.0,0.0,1083.58,0.92,0.91,0.92,0.01,0.1303
5103.0,17.0,16.0,,,,,,
,,,,,,,,
7633,6.0,4.0,,,,,,
5150.0,8.0,4.0,,,,,,
950.0,2.0,1.0,1063.2,0.83,0.78,0.8,0.05,0.227
6203.0,97.0,16.0,,,,,,
,,,,,,,,
2671.0,2.0,0.0,,,,,,
2012.0,0.0,0.0,1071.25,0.87,0.86,0.86,0.01,0.0403
7558,11.0,10.0,,,,,,
,,,,,,,,
678.0,5.0,2.0,,,,,,
2313.0,0.0,1.0,1067.65,0.97,0.97,0.97,0.0,0.1651
8632,3.0,7.0,,,,,,
,,,,,,,,
2402.0,3.0,1.0,,,,,,
4434.0,6.0,4.0,,,,,,
8726,3.0,1.0,1079.91,0.96,0.97,0.96,0.01,0.1526
2274.0,0.0,0.0,,,,,,
,,,,,,,,
4077.0,2.0,2.0,,,,,,
3974.0,10.0,0.0,,,,,,
7172.0,2.0,1.0,1094.2,0.94,0.95,0.94,0.01,0.1401
4449.0,2.0,1.0,,,,,,
8041,0.0,0.0,,,,,,
,,,,,,,,
1941.0,8.0,4.0,,,,,,
4745.0,4.0,1.0,,,,,,
6234.0,0.0,3.0,1095.87,0.98,0.98,0.98,0.0,0.1606
2653.0,2.0,1.0,,,,,,
8605,5.0,0.0,,,,,,
,,,,,,,,
2937.0,5.0,1.0,,,,,,
6095.0,1.0,3.0,1064.55,0.97,0.98,0.97,0.01,0.2123
10227,6.0,1.0,,,,,,
,,,,,,,,
9838,4.0,2.0,,,,,,
5953.0,13.0,7.0,1068.0,0.97,0.97,0.97,0.0,0.1874
5712.0,1.0,1.0,,,,,,
,,,,,,,,
2259.0,3.0,3.0,,,,,,
3511.0,12.0,3.0,,,,,,
8363,5.0,4.0,1095.54,0.97,0.97,0.97,0.0,0.1563
2873.0,5.0,0.0,,,,,,
4345.0,10.0,2.0,,,,,,
,,,,,,,,
2801.0,1.0,4.0,,,,,,
2798.0,5.0,3.0,,,,,,
9441,5.0,0.0,1098.18,0.98,0.98,0.98,0.0,0.1145
4150.0,4.0,2.0,,,,,,
3081.0,-1.0,0.0,,,,,,
,,,,,,,,
7778,8.0,3.0,,,,,,
4607.0,0.0,1.0,,,,,,
2855.0,8.0,2.0,1092.64,0.92,0.92,0.92,0.0,0.1592
1213.0,4.0,3.0,,,,,,
2650.0,2.0,0.0,,,,,,
,,,,,,,,
508.0,5.0,2.0,,,,,,
7769,1.0,7.0,,,,,,
6746.0,7.0,3.0,1071.75,0.91,0.89,0.9,0.02,0.1666
4076.0,1.0,2.0,,,,,,
,,,,,,,,
1765.0,3.0,2.0,,,,,,
7872,0.0,1.0,,,,,,
1411.0,8.0,0.0,1091.96,0.89,0.88,0.89,0.01,0.1299
0.0,4.0,0.0,,,,,,
2322.0,0.0,1.0,,,,,,
,,,,,,,,
8519,3.0,1.0,,,,,,
0.0,2.0,0.0,1068.12,0.96,0.97,0.96,0.01,0.1375
2981.0,26.0,13.0,,,,,,
,,,,,,,,
6703.0,12.0,5.0,,,,,,
7813,7.0,2.0,,,,,,
1901.0,4.0,4.0,1075.28,0.92,0.91,0.92,0.01,0.1412
7165.0,2.0,0.0,,,,,,
,,,,,,,,
2955.0,9.0,1.0,,,,,,
4133.0,0.0,1.0,,,,,,
8844,1.0,2.0,1075.8,0.96,0.96,0.96,0.0,0.1933
5234.0,14.0,7.0,,,,,,
,,,,,,,,
9981,6.0,3.0,,,,,,
5505.0,-1.0,3.0,,,,,,
-770.0,3.0,0.0,1096.93,0.97,0.97,0.97,0.0,0.1285
795.0,2.0,2.0,,,,,,
4822.0,9.0,9.0,,,,,,
,,,,,,,,
538.0,9.0,1.0,,,,,,
2175.0,4.0,2.0,1065.09,0.92,0.91,0.92,0.01,0.1958
7785,6.0,4.0,,,,,,
,,,,,,,,
7955,3.0,2.0,,,,,,
2855.0,3.0,0.0,1062.76,0.91,0.9,0.91,0.01,0.187
2985.0,57.0,16.0,,,,,,
,,,,,,,,
2947.0,2.0,0.0,,,,,,
7940,-2.0,2.0,,,,,,
-1564.0,1.0,0.0,1094.87,0.89,0.87,0.88,0.02,0.0506
2082.0,0.0,0.0,,,,,,
6834.0,0.0,0.0,,,,,,
,,,,,,,,
8405,0.0,3.0,,,,,,
-1409.0,-1.0,0.0,1072.03,0.96,0.96,0.96,0.0,0.0611
-2135.0,1.0,0.0,,,,,,
,,,,,,,,
571.0,2.0,5.0,,,,,,
8525,2.0,1.0,,,,,,
3075.0,8.0,2.0,1095.18,0.96,0.96,0.96,0.0,0.1523
1084.0,4.0,1.0,,,,,,
0.0,1.0,0.0,,,,,,
,,,,,,,,
2847.0,2.0,4.0,,,,,,
6658.0,-3.0,0.0,,,,,,
10106,5.0,4.0,1095.71,0.97,0.97,0.97,0.0,0.1529
591.0,0.0,2.0,,,,,,
7565.0,7.0,1.0,,,,,,
,,,,,,,,
887.0,3.0,1.0,,,,,,
9266,4.0,2.0,,,,,,
6211.0,3.0,1.0,1095.02,0.97,0.97,0.97,0.0,0.1667
6961.0,2.0,3.0,,,,,,
2894.0,-1.0,0.0,,,,,,
,,,,,,,,
1288.0,12.0,2.0,,,,,,
9269,6.0,5.0,,,,,,
2672.0,7.0,3.0,1095.93,0.97,0.97,0.97,0.0,0.1484
6927.0,-2.0,3.0,,,,,,
547.0,3.0,0.0,,,,,,
,,,,,,,,
3861.0,23.0,8.0,,,,,,
4147.0,2.0,3.0,,,,,,
8466,2.0,2.0,1096.84,0.96,0.96,0.96,0.0,0.1192
-696.0,0.0,8.0,,,,,,
5927.0,3.0,0.0,,,,,,
,,,,,,,,
8621,5.0,2.0,,,,,,
3825.0,11.0,0.0,,,,,,
1149.0,10.0,3.0,1080.99,0.97,0.97,0.97,0.0,0.1653
6404.0,27.0,14.0,,,,,,
,,,,,,,,
8117,13.0,1.0,,,,,,
5881.0,0.0,0.0,,,,,,
-17.0,6.0,0.0,1086.44,0.95,0.95,0.95,0.0,0.1163
2731.0,14.0,5.0,,,,,,
,,,,,,,,
5079.0,2.0,9.0,,,,,,
3135.0,2.0,3.0,,,,,,
7838,4.0,1.0,1076.96,0.91,0.9,0.91,0.01,0.1157
15.0,2.0,0.0,,,,,,
,,,,,,,,
1163.0,10.0,3.0,,,,,,
3086.0,-1.0,1.0,,,,,,
8617,16.0,2.0,1094.5,0.98,0.99,0.98,0.01,0.1781
3528.0,0.0,0.0,,,,,,
4570.0,8.0,1.0,,,,,,
,,,,,,,,
2332.0,-3.0,1.0,,,,,,
7781,1.0,2.0,1062.95,0.9,0.88,0.89,0.02,0.1409
0.0,4.0,0.0,,,,,,
,,,,,,,,
0.0,3.0,0.0,,,,,,
8085,2.0,0.0,,,,,,
3038.0,3.0,0.0,1085.16,0.95,0.95,0.95,0.0,0.018
2393.0,0.0,0.0,,,,,,
,,,,,,,,
0.0,5.0,0.0,,,,,,
8664,1.0,0.0,,,,,,
0.0,2.0,0.0,1084.12,0.98,0.97,0.97,0.01,0.0209
5232.0,-3.0,0.0,,,,,,
,,,,,,,,
7531.0,2.0,1.0,,,,,,
2683.0,3.0,0.0,,,,,,
2925.0,8.0,1.0,1076.21,0.96,0.96,0.96,0.0,0.1739
8462,1.0,1.0,,,,,,
,,,,,,,,
441.0,3.0,1.0,,,,,,
3570.0,2.0,0.0,1068.31,0.92,0.91,0.92,0.01,0.083
7967,0.0,0.0,,,,,,
,,,,,,,,
7999,-3.0,1.0,,,,,,
1557.0,0.0,0.0,,,,,,
0.0,3.0,0.0,1075.94,0.89,0.87,0.88,0.02,0.0645
1122.0,3.0,0.0,,,,,,
,,,,,,,,
6434.0,12.0,1.0,,,,,,
7652,7.0,2.0,,,,,,
6368.0,0.0,1.0,1080.97,0.84,0.79,0.81,0.05,0.2216
3118.0,3.0,1.0,,,,,,
1997.0,3.0,1.0,,,,,,
,,,,,,,,
2215.0,6.0,2.0,,,,,,
8880,9.0,2.0,,,,,,
4153.0,6.0,2.0,1077.88,0.97,0.98,0.97,0.01,0.1608
1370.0,2.0,0.0,,,,,,
,,,,,,,,
2962.0,0.0,0.0,,,,,,
-70.0,4.0,0.0,,,,,,
8250,0.0,0.0,1082.79,0.94,0.95,0.94,0.01,0.0146
1273.0,1.0,0.0,,,,,,
,,,,,,,,
2635.0,0.0,1.0,,,,,,
1139.0,0.0,0.0,,,,,,
8994,5.0,0.0,1082.59,0.98,0.98,0.98,0.0,0.0645
897.0,-1.0,0.0,,,,,,
,,,,,,,,
3694.0,19.0,1.0,,,,,,
2254.0,13.0,2.0,,,,,,
10379,5.0,2.0,1093.33,0.97,0.98,0.97,0.01,0.1904
2137.0,3.0,1.0,,,,,,
7257.0,2.0,0.0,,,,,,
,,,,,,,,
644.0,5.0,4.0,,,,,,
10075,4.0,5.0,,,,,,
3439.0,1.0,3.0,1094.36,0.97,0.97,0.97,0.0,0.1798
3540.0,8.0,2.0,,,,,,
7131.0,4.0,1.0,,,,,,
,,,,,,,,
9877,19.0,4.0,,,,,,
6836.0,13.0,3.0,,,,,,
2649.0,1.0,4.0,1095.19,0.99,1.0,0.99,0.01,0.1752
3902.0,0.0,2.0,,,,,,
1248.0,2.0,5.0,,,,,,
,,,,,,,,
4982.0,4.0,4.0,,,,,,
5062.0,11.0,3.0,,,,,,
6765.0,7.0,7.0,1095.53,0.98,0.98,0.98,0.0,0.1674
9643,10.0,4.0,,,,,,
1721.0,12.0,4.0,,,,,,
,,,,,,,,
2904.0,2.0,5.0,,,,,,
3157.0,6.0,1.0,,,,,,
1170.0,3.0,3.0,1084.7,0.82,0.78,0.8,0.04,0.1459
7647.0,5,3.0,,,,,,
6639.0,-3.0,0.0,,,,,,
,,,,,,,,
4056.0,3.0,4.0,,,,,,
9103,3.0,4.0,,,,,,
4555.0,3.0,1.0,1074.72,0.96,0.97,0.96,0.01,0.184
2954.0,0.0,1.0,,,,,,
,,,,,,,,
5344.0,3.0,4.0,,,,,,
8830,1.0,1.0,1068.22,0.96,0.96,0.96,0.0,0.1297
0.0,3.0,0.0,,,,,,
,,,,,,,,
-577.0,3.0,3.0,,,,,,
9472,11.0,3.0,,,,,,
2510.0,0.0,1.0,1093.72,0.98,0.98,0.98,0.0,0.2037
7439.0,2.0,1.0,,,,,,
7213.0,1.0,1.0,,,,,,
,,,,,,,,
5731.0,6.0,7.0,,,,,,
9318,5.0,3.0,,,,,,
6999.0,11.0,0.0,1099.32,0.97,0.97,0.97,0.0,0.0806
-22.0,3.0,0.0,,,,,,
6753.0,2.0,0.0,,,,,,
,,,,,,,,
8325,0.0,0.0,,,,,,
2506.0,-1.0,1.0,,,,,,
391.0,0.0,0.0,1090.92,0.98,0.98,0.98,0.0,0.0596
1706.0,0.0,0.0,,,,,,
,,,,,,,,
0.0,14.0,10.0,,,,,,
1133.0,5.0,3.0,,,,,,
9148,0.0,7.0,1096.38,0.97,0.97,0.97,0.0,0.1394
2926.0,-1.0,4.0,,,,,,
6312.0,5.0,2.0,,,,,,
,,,,,,,,
8030,12.0,7.0,,,,,,
6772.0,3.0,4.0,,,,,,
3860.0,5.0,4.0,1083.58,0.95,0.96,0.95,0.01,0.1633
3423.0,0.0,1.0,,,,,,
,,,,,,,,
9404,3.0,3.0,,,,,,
1459.0,5.0,1.0,1065.64,0.97,0.97,0.97,0.0,0.2434
2990.0,54.0,16.0,,,,,,
,,,,,,,,
8408,7.0,3.0,,,,,,
3881.0,4.0,6.0,,,,,,
5488.0,2.0,0.0,1079.87,0.97,0.97,0.97,0.0,0.1377
2975.0,25.0,15.0,,,,,,
,,,,,,,,
2842.0,10.0,2.0,,,,,,
1627.0,3.0,2.0,,,,,,
3498.0,0.0,2.0,1094.7,0.97,0.98,0.97,0.01,0.1631
10250,4.0,2.0,,,,,,
5197.0,0.0,0.0,,,,,,
,,,,,,,,
4295.0,10.0,4.0,,,,,,
0.0,10.0,0.0,,,,,,
9337,5.0,2.0,1096.28,0.97,0.97,0.97,0.0,0.1414
6833.0,5.0,1.0,,,,,,
5577.0,9.0,0.0,,,,,,
,,,,,,,,
5433.0,15.0,6.0,,,,,,
4068.0,2.0,3.0,,,,,,
4622.0,5.0,1.0,1081.15,0.82,0.74,0.78,0.08,0.1551
928.0,6.0,2.0,,,,,,
7381,3.0,0.0,,,,,,
,,,,,,,,
6479.0,6.0,3.0,,,,,,
7649,10.0,0.0,,,,,,
6454.0,4.0,0.0,1072.99,0.89,0.86,0.88,0.03,0.1246
5598.0,1.0,1.0,,,,,,
,,,,,,,,
1306.0,8.0,7.0,,,,,,
4674.0,7.0,1.0,,,,,,
8035,9.0,2.0,1092.09,0.94,0.94,0.94,0.0,0.1921
1220.0,5.0,2.0,,,,,,
2954.0,3.0,1.0,,,,,,
,,,,,,,,
3270.0,7.0,1.0,,,,,,
2932.0,4.0,4.0,,,,,,
2908.0,0.0,1.0,1095.99,0.98,0.98,0.98,0.0,0.1582
488.0,-2.0,2.0,,,,,,
8457,2.0,0.0,,,,,,
,,,,,,,,
5927.0,5.0,3.0,,,,,,
1259.0,0.0,1.0,,,,,,
8222,0.0,0.0,1095.24,0.94,0.95,0.94,0.01,0.1192
2490.0,6.0,3.0,,,,,,
301.0,3.0,0.0,,,,,,
,,,,,,,,
5643.0,8.0,6.0,,,,,,
7471,5.0,0.0,,,,,,
2622.0,7.0,1.0,1065.93,0.83,0.79,0.81,0.04,0.1463
4188.0,1.0,2.0,,,,,,
,,,,,,,,
2380.0,10.0,1.0,,,,,,
8990,0.0,4.0,,,,,,
3665.0,2.0,0.0,1080.9,0.96,0.96,0.96,0.0,0.1062
2715.0,2.0,0.0,,,,,,
,,,,,,,,
9211,1.0,0.0,,,,,,
7559.0,9.0,3.0,1071.54,0.98,0.97,0.97,0.01,0.0825
2969.0,0.0,0.0,,,,,,
,,,,,,,,
2306.0,3.0,3.0,,,,,,
8923,5.0,0.0,,,,,,
5338.0,2.0,2.0,1097.68,0.98,0.98,0.98,0.0,0.1245
2456.0,2.0,2.0,,,,,,
4123.0,5.0,0.0,,,,,,
,,,,,,,,
861.0,15.0,2.0,,,,,,
2598.0,6.0,2.0,,,,,,
9213,5.0,0.0,1096.87,0.98,0.98,0.98,0.0,0.1406
1104.0,4.0,1.0,,,,,,
928.0,6.0,0.0,,,,,,
,,,,,,,,
1018.0,14.0,4.0,,,,,,
3943.0,3.0,3.0,,,,,,
8718,7.0,0.0,1098.24,0.98,0.98,0.98,0.0,0.1132
4387.0,7.0,5.0,,,,,,
4250.0,2.0,0.0,,,,,,
,,,,,,,,
5298.0,3.0,1.0,,,,,,
4768.0,5.0,2.0,,,,,,
8468,3.0,1.0,1095.49,0.96,0.97,0.96,0.01,0.1362
2886.0,0.0,0.0,,,,,,
4518.0,-1.0,0.0,,,,,,
,,,,,,,,
2620.0,0.0,0.0,,,,,,
8379,0.0,0.0,,,,,,
5103.0,3.0,0.0,1103.13,0.98,0.98,0.98,0.0,0.0155
2043.0,0.0,0.0,,,,,,
0.0,2.0,0.0,,,,,,
,,,,,,,,
3806.0,2.0,2.0,,,,,,
8640,3.0,0.0,,,,,,
1154.0,3.0,2.0,1099.56,0.98,0.98,0.98,0.0,0.0868
2236.0,3.0,0.0,,,,,,
1240.0,0.0,0.0,,,,,,
,,,,,,,,
8166,2.0,2.0,,,,,,
2553.0,0.0,1.0,,,,,,
3978.0,0.0,0.0,1094.96,0.93,0.93,0.93,0.0,0.1237
2281.0,3.0,2.0,,,,,,
2921.0,1.0,0.0,,,,,,
,,,,,,,,
8106,3.0,4.0,,,,,,
6242.0,2.0,1.0,,,,,,
4793.0,3.0,3.0,1095.19,0.93,0.93,0.93,0.0,0.1192
1995.0,1.0,0.0,,,,,,
6578.0,2.0,0.0,,,,,,
,,,,,,,,
3311.0,4.0,2.0,,,,,,
8421,4.0,1.0,,,,,,
4182.0,3.0,2.0,1093.77,0.96,0.97,0.96,0.01,0.1707
6197.0,0.0,1.0,,,,,,
5551.0,0.0,0.0,,,,,,
,,,,,,,,
8009,10.0,2.0,,,,,,
-1347.0,-2.0,0.0,1061.47,0.92,0.91,0.92,0.01,0.1187
,,,,,,,,
8800,1.0,1.0,,,,,,
4212.0,7.0,4.0,,,,,,
2157.0,4.0,2.0,1073.91,0.96,0.96,0.96,0.0,0.1997
3120.0,5.0,1.0,,,,,,
,,,,,,,,
8795,7.0,3.0,,,,,,
7070.0,7.0,0.0,,,,,,
7008.0,-1.0,2.0,1082.46,0.97,0.97,0.97,0.0,0.117
3833.0,3.0,0.0,,,,,,
,,,,,,,,
-724.0,9.0,4.0,,,,,,
2040.0,3.0,2.0,,,,,,
9628,2.0,2.0,1097.6,0.97,0.97,0.97,0.0,0.1151
2979.0,0.0,0.0,,,,,,
1921.0,2.0,0.0,,,,,,
,,,,,,,,
4477.0,5.0,3.0,,,,,,
8207,1.0,6.0,,,,,,
3974.0,5.0,3.0,1092.64,0.93,0.93,0.93,0.0,0.1703
3489.0,8.0,3.0,,,,,,
114.0,6.0,2.0,,,,,,
,,,,,,,,
2535.0,12.0,3.0,,,,,,
1580.0,3.0,1.0,,,,,,
1719.0,3.0,1.0,1095.7,0.98,0.98,0.98,0.0,0.1641
845.0,0.0,0.0,,,,,,
8493,15.0,4.0,,,,,,
,,,,,,,,
6602.0,17.0,7.0,,,,,,
9373,8.0,4.0,,,,,,
5312.0,2.0,3.0,1075.79,0.97,0.98,0.97,0.01,0.1685
2921.0,22.0,6.0,,,,,,
,,,,,,,,
2954.0,2.0,1.0,,,,,,
9387,3.0,1.0,,,,,,
5769.0,2.0,2.0,1075.52,0.97,0.97,0.97,0.0,0.2111
2312.0,15.0,3.0,,,,,,
,,,,,,,,
3935.0,24.0,9.0,,,,,,
7779,10.0,9.0,,,,,,
5919.0,16.0,2.0,1093.07,0.94,0.94,0.94,0.0,0.1725
5832.0,5.0,4.0,,,,,,
5696.0,6.0,1.0,,,,,,
,,,,,,,,
3413.0,11.0,5.0,,,,,,
9234,12.0,3.0,,,,,,
5456.0,3.0,3.0,1095.98,0.98,0.98,0.98,0.0,0.1584
4977.0,5.0,1.0,,,,,,
2931.0,2.0,0.0,,,,,,
,,,,,,,,
8058,0.0,1.0,,,,,,
5197.0,0.0,1.0,1065.84,0.92,0.92,0.92,0.0,0.1476
2298.0,2.0,0.0,,,,,,
,,,,,,,,
2400.0,16.0,2.0,,,,,,
2635.0,4.0,2.0,,,,,,
2741.0,0.0,3.0,1093.06,0.97,0.98,0.97,0.01,0.1959
10421,4.0,3.0,,,,,,
1967.0,1.0,1.0,,,,,,
,,,,,,,,
5455.0,0.0,2.0,,,,,,
7817,0.0,0.0,,,,,,
2985.0,0.0,1.0,1082.39,0.92,0.91,0.92,0.01,0.1542
2599.0,0.0,1.0,,,,,,
,,,,,,,,
2752.0,5.0,2.0,,,,,,
8702,3.0,1.0,,,,,,
2144.0,2.0,1.0,1073.73,0.96,0.97,0.96,0.01,0.207
878.0,0.0,1.0,,,,,,
,,,,,,,,
1773.0,2.0,1.0,,,,,,
0.0,1.0,0.0,,,,,,
5336.0,0.0,1.0,1099.23,0.98,0.98,0.98,0.0,0.0934
2232.0,4.0,0.0,,,,,,
8466,0.0,0.0,,,,,,
,,,,,,,,
7857,-1.0,1.0,,,,,,
4322.0,4.0,1.0,1060.18,0.89,0.87,0.88,0.02,0.2179
6006.0,0.0,1.0,,,,,,
,,,,,,,,
2466.0,1.0,1.0,,,,,,
2618.0,0.0,1.0,,,,,,
3057.0,3.0,3.0,1096.41,0.99,1.0,0.99,0.01,0.1508
5449.0,1.0,0.0,,,,,,
8356,19.0,7.0,,,,,,
,,,,,,,,
159.0,16.0,4.0,,,,,,
8882,4.0,3.0,,,,,,
5737.0,-1.0,4.0,1094.76,0.96,0.97,0.96,0.01,0.1508
1000.0,5.0,1.0,,,,,,
4275.0,2.0,0.0,,,,,,
,,,,,,,,
1793.0,5.0,4.0,,,,,,
9197,7.0,0.0,,,,,,
6916.0,8.0,5.0,1080.13,0.98,0.98,0.98,0.0,0.138
3802.0,3.0,2.0,,,,,,
,,,,,,,,
7242.0,23.0,5.0,,,,,,
7851,5.0,0.0,,,,,,
1899.0,7.0,2.0,1094.41,0.93,0.93,0.93,0.0,0.1348
4115.0,3.0,1.0,,,,,,
2259.0,0.0,0.0,,,,,,
,,,,,,,,
9508,3.0,3.0,,,,,,
2599.0,3.0,1.0,1067.89,0.97,0.97,0.97,0.0,0.1949
2695.0,8.0,3.0,,,,,,
,,,,,,,,
5493.0,6.0,0.0,,,,,,
7866,0.0,1.0,,,,,,
0.0,4.0,0.0,1084.86,0.89,0.88,0.89,0.01,0.0719
0.0,5.0,0.0,,,,,,
,,,,,,,,
5925.0,3.0,1.0,,,,,,
5608.0,0.0,2.0,1065.54,0.96,0.96,0.96,0.0,0.2112
9248,0.0,1.0,,,,,,
,,,,,,,,
1841.0,8.0,5.0,,,,,,
7549.0,4.0,2.0,,,,,,
8101,0.0,1.0,1073.0,0.92,0.92,0.92,0.0,0.1928
7421.0,3.0,2.0,,,,,,
,,,,,,,,
3727.0,5.0,4.0,,,,,,
6642.0,6.0,2.0,,,,,,
3998.0,5.0,0.0,1096.44,0.96,0.96,0.96,0.0,0.1271
3217.0,2.0,0.0,,,,,,
8361,0.0,1.0,,,,,,
,,,,,,,,
5556.0,12.0,2.0,,,,,,
8207,7.0,1.0,,,,,,
2962.0,9.0,0.0,1078.37,0.94,0.94,0.94,0.0,0.1307
1065.0,2.0,0.0,,,,,,
,,,,,,,,
5559.0,15.0,2.0,,,,,,
6992.0,5.0,4.0,,,,,,
9056,2.0,0.0,1097.61,0.98,0.98,0.98,0.0,0.1258
5652.0,0.0,3.0,,,,,,
4811.0,1.0,0.0,,,,,,
,,,,,,,,
4286.0,2.0,2.0,,,,,,
9196,6.0,3.0,,,,,,
1670.0,1.0,2.0,1095.24,0.97,0.97,0.97,0.0,0.1623
2911.0,3.0,1.0,,,,,,
3188.0,6.0,0.0,,,,,,
,,,,,,,,
5601.0,6.0,3.0,,,,,,
1135.0,5.0,1.0,,,,,,
8086,2.0,0.0,1097.61,0.95,0.95,0.95,0.0,0.0928
2949.0,0.0,0.0,,,,,,
6260.0,0.0,0.0,,,,,,
,,,,,,,,
4251.0,9.0,2.0,,,,,,
7795,6.0,0.0,,,,,,
1327.0,6.0,3.0,1077.85,0.93,0.93,0.93,0.0,0.1124
2810.0,2.0,0.0,,,,,,
,,,,,,,,
8081,5.0,2.0,,,,,,
4666.0,0.0,2.0,1063.31,0.93,0.94,0.94,0.01,0.2002
2830.0,0.0,1.0,,,,,,
,,,,,,,,
7388.0,5,0.0,,,,,,
7444.0,3.0,3.0,,,,,,
0.0,9.0,0.0,1068.15,0.85,0.8,0.82,0.05,0.1504
2959.0,69.0,16.0,,,,,,
,,,,,,,,
3770.0,2.0,0.0,,,,,,
7812,7.0,2.0,,,,,,
5800.0,6.0,2.0,1093.3,0.92,0.91,0.92,0.01,0.1361
2569.0,3.0,1.0,,,,,,
3222.0,3.0,0.0,,,,,,
,,,,,,,,
7287.0,10.0,2.0,,,,,,
7452,13.0,0.0,,,,,,
2976.0,0.0,1.0,1077.24,0.84,0.81,0.82,0.03,0.1272
2913.0,0.0,0.0,,,,,,
,,,,,,,,
944.0,8.0,2.0,,,,,,
4445.0,2.0,3.0,,,,,,
4677.0,-1.0,0.0,1093.98,0.92,0.91,0.92,0.01,0.1224
7952,7.0,2.0,,,,,,
0.0,1.0,0.0,,,,,,
,,,,,,,,
2001.0,6.0,1.0,,,,,,
8642,5.0,1.0,,,,,,
2993.0,0.0,1.0,1096.51,0.97,0.97,0.97,0.0,0.1368
2453.0,0.0,0.0,,,,,,
5087.0,0.0,0.0,,,,,,
,,,,,,,,
9803,4.0,4.0,,,,,,
4695.0,6.0,0.0,,,,,,
5282.0,3.0,1.0,1098.69,0.97,0.97,0.97,0.0,0.0932
0.0,6.0,0.0,,,,,,
4214.0,1.0,0.0,,,,,,
,,,,,,,,
3397.0,8.0,5.0,,,,,,
8549,4.0,1.0,,,,,,
2201.0,0.0,2.0,1078.05,0.96,0.97,0.96,0.01,0.141
2569.0,0.0,0.0,,,,,,
,,,,,,,,
3512.0,9.0,0.0,,,,,,
8532,2.0,5.0,,,,,,
2481.0,6.0,2.0,1094.5,0.96,0.97,0.96,0.01,0.156
2491.0,5.0,1.0,,,,,,
2368.0,1.0,2.0,,,,,,
,,,,,,,,
2668.0,11.0,4.0,,,,,,
4155.0,3.0,0.0,,,,,,
2828.0,4.0,2.0,1097.62,0.98,0.98,0.98,0.0,0.1256
468.0,3.0,1.0,,,,,,
8429,2.0,0.0,,,,,,
,,,,,,,,
8248,11.0,10.0,,,,,,
2401.0,5.0,2.0,,,,,,
3509.0,6.0,1.0,1078.64,0.97,0.97,0.97,0.0,0.1325
0.0,3.0,0.0,,,,,,
,,,,,,,,
2043.0,4.0,1.0,,,,,,
9405,3.0,2.0,,,,,,
4107.0,2.0,3.0,1078.1,0.97,0.97,0.97,0.0,0.1513
2937.0,1.0,0.0,,,,,,
,,,,,,,,
4851.0,6.0,3.0,,,,,,
5435.0,0.0,0.0,1067.17,0.96,0.97,0.96,0.01,0.1443
8429,3.0,1.0,,,,,,
,,,,,,,,
8799,8.0,5.0,,,,,,
2157.0,2.0,2.0,,,,,,
709.0,7.0,0.0,1095.25,0.97,0.98,0.97,0.01,0.1521
4797.0,3.0,1.0,,,,,,
5584.0,25.0,7.0,,,,,,
,,,,,,,,
1208.0,3.0,1.0,,,,,,
9879,-1.0,2.0,,,,,,
5913.0,0.0,0.0,1098.24,0.96,0.96,0.96,0.0,0.0911
3560.0,3.0,0.0,,,,,,
459.0,0.0,0.0,,,,,,
,,,,,,,,
400.0,-2.0,0.0,,,,,,
2807.0,0.0,0.0,1079.1,0.98,0.98,0.98,0.0,0.0151
8373,0.0,0.0,,,,,,
,,,,,,,,
9117,8.0,1.0,,,,,,
4100.0,7.0,0.0,1068.05,0.97,0.98,0.97,0.01,0.1635
2876.0,20.0,4.0,,,,,,
,,,,,,,,
1981.0,0.0,3.0,,,,,,
2747.0,8.0,1.0,,,,,,
5205.0,6.0,0.0,1093.9,0.92,0.91,0.92,0.01,0.1241
139.0,0.0,2.0,,,,,,
7886,1.0,0.0,,,,,,
,,,,,,,,
6344.0,14.0,9.0,,,,,,
9370,9.0,4.0,,,,,,
5053.0,4.0,5.0,1098.1,0.97,0.98,0.97,0.01,0.095
6956.0,2.0,0.0,,,,,,
5171.0,0.0,0.0,,,,,,
,,,,,,,,
4446.0,8.0,2.0,,,,,,
9506,0.0,0.0,,,,,,
2979.0,0.0,2.0,1088.4,0.98,0.98,0.98,0.0,0.11
1985.0,3.0,0.0,,,,,,
,,,,,,,,
7508.0,6.0,4.0,,,,,,
3663.0,5.0,5.0,,,,,,
8275,2.0,0.0,1081.2,0.97,0.97,0.97,0.0,0.0893
5032.0,0.0,0.0,,,,,,
,,,,,,,,
4946.0,17.0,1.0,,,,,,
1439.0,11.0,4.0,,,,,,
8652,2.0,0.0,1097.69,0.98,0.98,0.98,0.0,0.1242
6711.0,-1.0,5.0,,,,,,
1834.0,4.0,0.0,,,,,,
,,,,,,,,
5622.0,3.0,3.0,,,,,,
2817.0,0.0,1.0,,,,,,
2994.0,3.0,0.0,1092.43,0.89,0.88,0.89,0.01,0.1204
7892,0.0,2.0,,,,,,
274.0,2.0,0.0,,,,,,
,,,,,,,,
5421.0,9.0,1.0,,,,,,
2974.0,2.0,0.0,,,,,,
7798,3.0,1.0,1072.75,0.91,0.9,0.91,0.01,0.1769
1929.0,7.0,1.0,,,,,,
,,,,,,,,
5365.0,12.0,6.0,,,,,,
7919,0.0,4.0,1068.78,0.89,0.87,0.88,0.02,0.1045
2941.0,2.0,0.0,,,,,,
,,,,,,,,
2854.0,22.0,2.0,,,,,,
5751.0,11.0,3.0,,,,,,
3152.0,8.0,0.0,1094.56,0.96,0.97,0.96,0.01,0.1549
9215,4.0,1.0,,,,,,
6570.0,6.0,0.0,,,,,,
,,,,,,,,
1402.0,6.0,0.0,,,,,,
9563,2.0,4.0,,,,,,
2080.0,6.0,1.0,1096.88,0.97,0.97,0.97,0.0,0.1293
2537.0,4.0,1.0,,,,,,
3870.0,-3.0,0.0,,,,,,
,,,,,,,,
8070,1.0,0.0,,,,,,
5329.0,9.0,2.0,,,,,,
4574.0,3.0,2.0,1078.98,0.94,0.95,0.94,0.01,0.1152
0.0,5.0,0.0,,,,,,
,,,,,,,,
2211.0,3.0,2.0,,,,,,
10607,0.0,1.0,,,,,,
0.0,3.0,0.0,1078.61,0.97,0.97,0.97,0.0,0.1588
2942.0,22.0,4.0,,,,,,
,,,,,,,,
1241.0,1.0,2.0,,,,,,
728.0,0.0,3.0,1074.16,0.97,0.97,0.97,0.0,0.1838
9524,0.0,1.0,,,,,,
,,,,,,,,
2106.0,4.0,8.0,,,,,,
6349.0,12.0,2.0,,,,,,
667.0,6.0,5.0,1093.98,0.96,0.96,0.96,0.0,0.1763
8505,1.0,1.0,,,,,,
5252.0,5.0,1.0,,,,,,
,,,,,,,,
2557.0,16.0,5.0,,,,,,
7946,5.0,3.0,,,,,,
2698.0,19.0,3.0,1089.51,0.91,0.9,0.91,0.01,0.2009
3845.0,5.0,2.0,,,,,,
4501.0,5.0,1.0,,,,,,
,,,,,,,,
0.0,2.0,0.0,,,,,,
2817.0,1.0,4.0,,,,,,
9177,1.0,1.0,1098.94,0.96,0.96,0.96,0.0,0.0773
0.0,2.0,0.0,,,,,,
2454.0,0.0,0.0,,,,,,
,,,,,,,,
9691,10.0,3.0,,,,,,
2915.0,3.0,0.0,1076.66,0.98,0.98,0.98,0.0,0.0803
0.0,2.0,0.0,,,,,,
,,,,,,,,
2146.0,7.0,0.0,,,,,,
6181.0,5.0,0.0,,,,,,
10271,5.0,1.0,1097.54,0.97,0.98,0.97,0.01,0.1063
2695.0,1.0,1.0,,,,,,
4652.0,0.0,0.0,,,,,,
,,,,,,,,
8549,13.0,5.0,,,,,,
5410.0,3.0,3.0,,,,,,
1955.0,10.0,1.0,1098.01,0.98,0.98,0.98,0.0,0.1178
693.0,0.0,0.0,,,,,,
-1231.0,0.0,0.0,,,,,,
,,,,,,,,
132.0,3.0,4.0,,,,,,
7155.0,6,0.0,1057.92,0.81,0.75,0.78,0.06,0.1295
2658.0,15.0,3.0,,,,,,
,,,,,,,,
0.0,3.0,0.0,,,,,,
8671,5.0,1.0,1071.43,0.97,0.97,0.97,0.0,0.1547
2648.0,11.0,2.0,,,,,,
,,,,,,,,
468.0,7.0,0.0,,,,,,
7692,4.0,3.0,,,,,,
1890.0,3.0,1.0,1076.29,0.85,0.82,0.83,0.03,0.1572
2716.0,-2.0,1.0,,,,,,
,,,,,,,,
5846.0,6.0,3.0,,,,,,
7790,0.0,3.0,,,,,,
5537.0,5.0,0.0,1092.14,0.89,0.88,0.89,0.01,0.1262
2602.0,3.0,1.0,,,,,,
6947.0,0.0,0.0,,,,,,
,,,,,,,,
5558.0,0.0,3.0,,,,,,
8269,2.0,1.0,1068.16,0.95,0.96,0.95,0.01,0.2026
4800.0,2.0,1.0,,,,,,
,,,,,,,,
9446,13.0,1.0,,,,,,
4298.0,13.0,0.0,,,,,,
5490.0,5.0,1.0,1084.56,0.98,0.98,0.98,0.0,0.1867
4041.0,3.0,2.0,,,,,,
,,,,,,,,
2963.0,6.0,0.0,,,,,,
8188,0.0,1.0,1069.31,0.92,0.92,0.92,0.0,0.1551
7109.0,0.0,1.0,,,,,,
,,,,,,,,
8039,2.0,3.0,,,,,,
2176.0,8.0,2.0,,,,,,
2991.0,2.0,1.0,1076.39,0.93,0.93,0.93,0.0,0.1511
2980.0,0.0,0.0,,,,,,
,,,,,,,,
2617.0,4.0,2.0,,,,,,
7726,16.0,1.0,,,,,,
2979.0,8.0,2.0,1089.54,0.89,0.88,0.89,0.01,0.1781
3748.0,2.0,2.0,,,,,,
4972.0,4.0,0.0,,,,,,
,,,,,,,,
2289.0,24.0,10.0,,,,,,
2264.0,8.0,7.0,,,,,,
8302,4.0,8.0,1096.68,0.98,0.98,0.98,0.0,0.1445
-749.0,6.0,3.0,,,,,,
2793.0,10.0,1.0,,,,,,
,,,,,,,,
1613.0,3.0,8.0,,,,,,
8753,0.0,3.0,,,,,,
6626.0,4.0,1.0,1097.9,0.96,0.96,0.96,0.0,0.0981
3734.0,0.0,0.0,,,,,,
-683.0,2.0,0.0,,,,,,
,,,,,,,,
2068.0,0.0,3.0,,,,,,
7843,8.0,2.0,,,,,,
4464.0,0.0,1.0,1071.6,0.92,0.92,0.92,0.0,0.2035
2986.0,8.0,1.0,,,,,,
,,,,,,,,
8494,20.0,6.0,,,,,,
4833.0,8.0,2.0,,,,,,
5017.0,9.0,2.0,1095.69,0.99,1.0,0.99,0.01,0.1652
6293.0,2.0,2.0,,,,,,
2939.0,2.0,0.0,,,,,,
,,,,,,,,
4607.0,7.0,0.0,,,,,,
-34.0,1.0,0.0,1079.66,0.93,0.93,0.93,0.0,0.0298
7970,6.0,0.0,,,,,,
,,,,,,,,
8124,3.0,4.0,,,,,,
5488.0,6.0,0.0,,,,,,
5721.0,1.0,0.0,1078.89,0.93,0.93,0.93,0.0,0.0604
2064.0,3.0,0.0,,,,,,
,,,,,,,,
-1547.0,12.0,0.0,,,,,,
2848.0,6.0,3.0,,,,,,
8391,7.0,1.0,1098.34,0.97,0.97,0.97,0.0,0.1002
6806.0,0.0,0.0,,,,,,
4750.0,0.0,0.0,,,,,,
,,,,,,,,
8093,6.0,1.0,,,,,,
2718.0,15.0,2.0,,,,,,
2966.0,3.0,1.0,1075.04,0.93,0.94,0.94,0.01,0.1763
-1083.0,7.0,0.0,,,,,,
,,,,,,,,
10223,8.0,1.0,,,,,,
2938.0,0.0,0.0,,,,,,
0.0,3.0,0.0,1089.35,0.97,0.98,0.97,0.01,0.0699
1879.0,0.0,0.0,,,,,,
,,,,,,,,
2344.0,13.0,3.0,,,,,,
5528.0,14.0,1.0,,,,,,
7670,4.0,2.0,1068.02,0.85,0.82,0.83,0.03,0.1689
2663.0,0.0,0.0,,,,,,
,,,,,,,,
2574.0,7.0,1.0,,,,,,
8546,6.0,3.0,1071.75,0.97,0.97,0.97,0.0,0.1471
2983.0,3.0,0.0,,,,,,
,,,,,,,,
5408.0,13.0,5.0,,,,,,
4275.0,4.0,5.0,,,,,,
8241,3.0,1.0,1091.68,0.93,0.93,0.93,0.0,0.1894
2384.0,2.0,1.0,,,,,,
2709.0,9.0,2.0,,,,,,
,,,,,,,,
7765,0.0,2.0,,,,,,
2951.0,0.0,0.0,1058.12,0.89,0.88,0.89,0.01,0.1028
,,,,,,,,
8932,20.0,7.0,,,,,,
7239.0,11.0,7.0,,,,,,
0.0,3.0,0.0,1082.21,0.99,1.0,0.99,0.01,0.0785
2997.0,0.0,0.0,,,,,,
,,,,,,,,
3761.0,11.0,4.0,,,,,,
7854,1.0,3.0,,,,,,
2972.0,1.0,0.0,1093.64,0.9,0.88,0.89,0.02,0.0863
5900.0,1.0,0.0,,,,,,
6479.0,6.0,0.0,,,,,,
,,,,,,,,
7793,9.0,4.0,,,,,,
2763.0,0.0,0.0,,,,,,
2984.0,7.0,1.0,1084.63,0.92,0.91,0.92,0.01,0.1094
2947.0,3.0,0.0,,,,,,
,,,,,,,,
0.0,2.0,0.0,,,,,,
7801,3.0,2.0,,,,,,
5866.0,2.0,0.0,1078.61,0.91,0.9,0.91,0.01,0.0624
66.0,3.0,0.0,,,,,,
,,,,,,,,
3793.0,0.0,2.0,,,,,,
9263,2.0,2.0,1073.34,0.97,0.97,0.97,0.0,0.1341
3698.0,0.0,0.0,,,,,,
,,,,,,,,
8237,10.0,1.0,,,,,,
6392.0,9.0,1.0,,,,,,
6565.0,3.0,0.0,1084.92,0.94,0.94,0.94,0.0,0.1357
3982.0,0.0,0.0,,,,,,
,,,,,,,,
4974.0,13.0,9.0,,,,,,
5183.0,11.0,3.0,,,,,,
2903.0,21.0,3.0,1095.82,0.95,0.96,0.95,0.01,0.1186
8183,6.0,0.0,,,,,,
5475.0,0.0,0.0,,,,,,
,,,,,,,,
2884.0,3.0,0.0,,,,,,
8268,0.0,1.0,,,,,,
0.0,3.0,0.0,1085.44,0.94,0.96,0.95,0.02,0.1161
6869.0,13.0,3.0,,,,,,
,,,,,,,,
4845.0,20.0,5.0,,,,,,
4861.0,6.0,1.0,,,,,,
9384,6.0,2.0,1093.04,0.97,0.97,0.97,0.0,0.2063
1024.0,3.0,2.0,,,,,,
2981.0,15.0,3.0,,,,,,
,,,,,,,,
6961.0,10.0,7.0,,,,,,
9296,2.0,4.0,,,,,,
2186.0,5.0,1.0,1096.02,0.97,0.97,0.97,0.0,0.1467
2860.0,3.0,1.0,,,,,,
1990.0,3.0,0.0,,,,,,
,,,,,,,,
10049,18.0,3.0,,,,,,
6725.0,3.0,4.0,,,,,,
3676.0,2.0,0.0,1077.75,0.99,1.0,0.99,0.01,0.1596
2874.0,18.0,3.0,,,,,,
,,,,,,,,
2912.0,3.0,1.0,,,,,,
6846.0,2.0,2.0,,,,,,
3860.0,0.0,0.0,1096.11,0.98,0.97,0.97,0.01,0.1348
7514.0,0.0,1.0,,,,,,
8728,-1.0,0.0,,,,,,
,,,,,,,,
2749.0,2.0,0.0,,,,,,
2794.0,1.0,2.0,,,,,,
8611,5.0,4.0,1097.32,0.97,0.97,0.97,0.0,0.1207
5194.0,4.0,1.0,,,,,,
0.0,3.0,0.0,,,,,,
,,,,,,,,
1883.0,0.0,1.0,,,,,,
8052,6.0,0.0,,,,,,
3894.0,0.0,0.0,1085.77,0.95,0.96,0.95,0.01,0.1196
2816.0,12.0,2.0,,,,,,
,,,,,,,,
2765.0,0.0,1.0,,,,,,
8002,0.0,0.0,1068.91,0.92,0.91,0.92,0.01,0.1429
2643.0,0.0,1.0,,,,,,
,,,,,,,,
8380,2.0,1.0,,,,,,
2398.0,5.0,1.0,,,,,,
2895.0,0.0,2.0,1084.81,0.96,0.96,0.96,0.0,0.1598
4753.0,0.0,0.0,,,,,,
,,,,,,,,
7200,15.0,0.0,,,,,,
2785.0,9.0,5.0,,,,,,
6426.0,1.0,1.0,1084.46,0.82,0.77,0.79,0.05,0.1299
1999.0,2.0,1.0,,,,,,
0.0,2.0,0.0,,,,,,
,,,,,,,,
8396,0.0,3.0,,,,,,
0.0,3.0,0.0,,,,,,
2902.0,2.0,0.0,1082.21,0.96,0.96,0.96,0.0,0.0556
2971.0,3.0,0.0,,,,,,
,,,,,,,,
9113,0.0,1.0,,,,,,
4464.0,1.0,4.0,,,,,,
3722.0,0.0,0.0,1081.63,0.96,0.96,0.96,0.0,0.0996
2722.0,3.0,0.0,,,,,,
,,,,,,,,
5166.0,9.0,4.0,,,,,,
2184.0,5.0,3.0,,,,,,
5849.0,2.0,3.0,1093.97,0.95,0.96,0.95,0.01,0.1556
8112,14.0,2.0,,,,,,
4085.0,0.0,0.0,,,,,,
,,,,,,,,
-415.0,3.0,0.0,,,,,,
6706.0,1.0,2.0,,,,,,
208.0,6.0,3.0,1095.4,0.97,0.97,0.97,0.0,0.1591
10006,3.0,2.0,,,,,,
4528.0,0.0,1.0,,,,,,
,,,,,,,,
8708,31.0,6.0,,,,,,
1613.0,3.0,2.0,,,,,,
0.0,6.0,0.0,1082.0,1.0,1.0,1.0,0.0,0.1567
2970.0,0.0,1.0,,,,,,
,,,,,,,,
7647,19.0,4.0,,,,,,
3967.0,5.0,1.0,,,,,,
4697.0,6.0,0.0,1089.44,0.86,0.85,0.85,0.01,0.1361
2839.0,3.0,2.0,,,,,,
5071.0,0.0,0.0,,,,,,
,,,,,,,,
2452.0,11.0,4.0,,,,,,
7022.0,3.0,5.0,,,,,,
8144,2.0,1.0,1077.73,0.93,0.93,0.93,0.0,0.1366
2906.0,0.0,0.0,,,,,,
,,,,,,,,
7870,7.0,1.0,,,,,,
0.0,3.0,0.0,,,,,,
2870.0,0.0,0.0,1079.02,0.92,0.91,0.92,0.01,0.0679
2913.0,0.0,0.0,,,,,,
,,,,,,,,
9600,21.0,3.0,,,,,,
0.0,6.0,0.0,,,,,,
5083.0,8.0,1.0,1096.9,0.99,1.0,0.99,0.01,0.1411
2536.0,0.0,2.0,,,,,,
2886.0,3.0,0.0,,,,,,
,,,,,,,,
6267.0,0.0,0.0,,,,,,
7893,1.0,0.0,1070.71,0.92,0.91,0.92,0.01,0.0178
806.0,0.0,0.0,,,,,,
,,,,,,,,
8042,10.0,1.0,,,,,,
2274.0,0.0,2.0,,,,,,
544.0,3.0,1.0,1075.7,0.94,0.94,0.94,0.0,0.161
2964.0,0.0,0.0,,,,,,
,,,,,,,,
2630.0,0.0,0.0,,,,,,
5816.0,3.0,0.0,1075.37,0.93,0.92,0.93,0.01,0.0248
7747,3.0,0.0,,,,,,
,,,,,,,,
9559,27.0,7.0,,,,,,
7353.0,3.0,3.0,,,,,,
1357.0,0.0,1.0,1078.73,1.0,1.0,1.0,0.0,0.1473
5903.0,0.0,0.0,,,,,,
,,,,,,,,
0.0,3.0,0.0,,,,,,
7683,0.0,0.0,,,,,,
0.0,5.0,0.0,1081.37,0.87,0.8,0.83,0.07,0.0157
2979.0,0.0,0.0,,,,,,
,,,,,,,,
9785,2.0,3.0,,,,,,
5408.0,5.0,0.0,1073.04,0.97,0.97,0.97,0.0,0.1517
1031.0,11.0,1.0,,,,,,
,,,,,,,,
1799.0,10.0,6.0,,,,,,
5319.0,7.0,3.0,,,,,,
1427.0,1.0,3.0,1080.16,0.98,0.99,0.98,0.01,0.1811
8727,16.0,2.0,,,,,,
,,,,,,,,
0.0,2.0,0.0,,,,,,
7755,0.0,0.0,1075.49,0.92,0.91,0.92,0.01,0.0154
0.0,4.0,0.0,,,,,,
,,,,,,,,
4455.0,17.0,2.0,,,,,,
5944.0,4.0,3.0,,,,,,
9336,0.0,1.0,1082.3,0.96,0.97,0.96,0.01,0.2
1564.0,0.0,3.0,,,,,,
,,,,,,,,
5260.0,12.0,5.0,,,,,,
9593,11.0,1.0,,,,,,
2976.0,6.0,0.0,1097.8,0.98,0.98,0.98,0.0,0.1221
4896.0,-1.0,5.0,,,,,,
2945.0,6.0,0.0,,,,,,
,,,,,,,,
7092.0,3.0,0.0,,,,,,
10490,0.0,0.0,,,,,,
2751.0,0.0,1.0,1090.41,0.98,0.98,0.98,0.0,0.0698
2776.0,0.0,0.0,,,,,,
,,,,,,,,
1588.0,15.0,4.0,,,,,,
2843.0,3.0,0.0,,,,,,
5456.0,3.0,1.0,1087.4,0.87,0.8,0.83,0.07,0.0951
5135.0,3.0,0.0,,,,,,
7678,0.0,0.0,,,,,,
,,,,,,,,
2844.0,6.0,1.0,,,,,,
7706,4.0,0.0,,,,,,
2989.0,4.0,1.0,1091.9,0.9,0.88,0.89,0.02,0.121
2746.0,0.0,5.0,,,,,,
0.0,4.0,0.0,,,,,,
,,,,,,,,
9973,6.0,6.0,,,,,,
4777.0,2.0,4.0,,,,,,
5663.0,3.0,0.0,1099.44,0.97,0.98,0.97,0.01,0.0682
0.0,3.0,0.0,,,,,,
4162.0,0.0,0.0,,,,,,
,,,,,,,,
4212.0,3.0,3.0,,,,,,
8583,2.0,2.0,,,,,,
729.0,6.0,3.0,1079.26,0.96,0.96,0.96,0.0,0.1417
2539.0,3.0,0.0,,,,,,
,,,,,,,,
5775.0,6.0,4.0,,,,,,
8429,3.0,3.0,,,,,,
2565.0,3.0,2.0,1096.7,0.96,0.97,0.96,0.01,0.1121
0.0,3.0,0.0,,,,,,
2975.0,0.0,0.0,,,,,,
,,,,,,,,
8067,15.0,2.0,,,,,,
2964.0,0.0,0.0,1062.61,0.95,0.96,0.95,0.01,0.1288
,,,,,,,,
2940.0,10.0,4.0,,,,,,
9857,1.0,2.0,,,,,,
4024.0,3.0,5.0,1095.79,0.97,0.97,0.97,0.0,0.1512
6543.0,6.0,1.0,,,,,,
2937.0,2.0,0.0,,,,,,
,,,,,,,,
8477,17.0,5.0,,,,,,
2726.0,5.0,1.0,,,,,,
4289.0,0.0,1.0,1075.4,0.98,0.99,0.98,0.01,0.2064
2229.0,3.0,1.0,,,,,,
,,,,,,,,
1836.0,6.0,1.0,,,,,,
8220,2.0,5.0,,,,,,
5520.0,3.0,2.0,1080.54,0.93,0.93,0.93,0.0,0.142
3453.0,0.0,0.0,,,,,,
,,,,,,,,
7713,0.0,0.0,,,,,,
0.0,3.0,0.0,1063.81,0.87,0.8,0.83,0.07,0.0153
2992.0,0.0,0.0,,,,,,
,,,,,,,,
10151,0.0,1.0,,,,,,
2128.0,0.0,0.0,1075.1,0.97,0.97,0.97,0.0,0.0841
5801.0,0.0,0.0,,,,,,
,,,,,,,,
9216,2.0,0.0,,,,,,
5932.0,3.0,1.0,,,,,,
2600.0,1.0,0.0,1084.93,0.98,0.98,0.98,0.0,0.0707
2340.0,1.0,0.0,,,,,,
,,,,,,,,
7670,13.0,4.0,,,,,,
5577.0,0.0,0.0,,,,,,
4893.0,7.0,2.0,1089.78,0.88,0.87,0.88,0.01,0.1625
2699.0,6.0,3.0,,,,,,
5728.0,0.0,1.0,,,,,,
,,,,,,,,
2265.0,15.0,6.0,,,,,,
2812.0,6.0,0.0,,,,,,
9251,3.0,0.0,1099.83,0.98,0.98,0.98,0.0,0.0814
2913.0,-1.0,2.0,,,,,,
2795.0,0.0,0.0,,,,,,
,,,,,,,,
10410,13.0,1.0,,,,,,
3238.0,4.0,1.0,,,,,,
1949.0,6.0,2.0,1076.11,0.98,0.98,0.98,0.0,0.213
2964.0,3.0,3.0,,,,,,
,,,,,,,,
3164.0,0.0,4.0,,,,,,
8901,11.0,1.0,,,,,,
4518.0,6.0,1.0,1077.87,0.97,0.98,0.97,0.01,0.1583
2972.0,0.0,0.0,,,,,,
,,,,,,,,
0.0,4.0,0.0,,,,,,
2431.0,3.0,0.0,,,,,,
2857.0,0.0,0.0,1079.38,0.88,0.87,0.88,0.01,0.0694
7694,12.0,2.0,,,,,,
,,,,,,,,
7265.0,11.0,2.0,,,,,,
7171.0,3.0,4.0,,,,,,
8885,6.0,2.0,1097.07,0.97,0.97,0.97,0.0,0.1256
0.0,2.0,0.0,,,,,,
2910.0,0.0,0.0,,,,,,
,,,,,,,,
3446.0,9.0,1.0,,,,,,
2902.0,8.0,1.0,,,,,,
8306,4.0,2.0,1093.41,0.96,0.97,0.96,0.01,0.1778
4167.0,0.0,1.0,,,,,,
2673.0,0.0,0.0,,,,,,
,,,,,,,,
4206.0,3.0,3.0,,,,,,
7982,3.0,0.0,,,,,,
1881.0,5.0,1.0,1094.33,0.93,0.92,0.93,0.01,0.1265
1954.0,0.0,1.0,,,,,,
2979.0,0.0,0.0,,,,,,
,,,,,,,,
5371.0,0.0,2.0,,,,,,
7643,4.0,3.0,,,,,,
5674.0,3.0,2.0,1079.4,0.8,0.71,0.76,0.09,0.158
2496.0,2.0,0.0,,,,,,
2780.0,0.0,1.0,,,,,,
,,,,,,,,
9168,0.0,2.0,,,,,,
1787.0,3.0,2.0,,,,,,
2693.0,0.0,1.0,1078.61,0.96,0.96,0.96,0.0,0.1994
2964.0,9.0,2.0,,,,,,
,,,,,,,,
3255.0,10.0,4.0,,,,,,
495.0,5.0,2.0,,,,,,
7746,0.0,1.0,1092.4,0.89,0.88,0.89,0.01,0.121
4851.0,1.0,0.0,,,,,,
2376.0,0.0,0.0,,,,,,
,,,,,,,,
8469,6.0,1.0,,,,,,
5887.0,5.0,1.0,,,,,,
2759.0,3.0,0.0,1098.1,0.97,0.97,0.97,0.0,0.1049
0.0,5.0,0.0,,,,,,
5641.0,0.0,0.0,,,,,,
,,,,,,,,
2957.0,0.0,0.0,,,,,,
8273,1.0,1.0,1073.19,0.94,0.96,0.95,0.02,0.0803
2413.0,0.0,0.0,,,,,,
,,,,,,,,
0.0,3.0,0.0,,,,,,
7836,0.0,0.0,,,,,,
5494.0,3.0,1.0,1078.63,0.92,0.91,0.92,0.01,0.0704
7378.0,0.0,0.0,,,,,,
,,,,,,,,
7783,3.0,1.0,,,,,,
5801.0,0.0,1.0,1055.86,0.91,0.9,0.91,0.01,0.2198
,,,,,,,,
8081,8.0,2.0,,,,,,
4662.0,4.0,3.0,1064.29,0.94,0.94,0.94,0.0,0.2059
2920.0,11.0,2.0,,,,,,
,,,,,,,,
2146.0,6.0,3.0,,,,,,
7951,3.0,1.0,,,,,,
2857.0,3.0,2.0,1071.44,0.91,0.9,0.91,0.01,0.2004
5820.0,12.0,3.0,,,,,,
,,,,,,,,
0.0,3.0,0.0,,,,,,
0.0,5.0,0.0,,,,,,
1015.0,0.0,0.0,1082.59,0.92,0.91,0.92,0.01,0.0142
7890,0.0,0.0,,,,,,
,,,,,,,,
8335,25.0,4.0,,,,,,
5584.0,3.0,2.0,,,,,,
6039.0,7.0,3.0,1095.7,0.99,1.0,0.99,0.01,0.165
2925.0,0.0,2.0,,,,,,
2967.0,2.0,0.0,,,,,,
,,,,,,,,
8390,10.0,0.0,,,,,,
2251.0,14.0,1.0,,,,,,
0.0,6.0,0.0,1098.49,0.98,0.98,0.98,0.0,0.1083
0.0,3.0,0.0,,,,,,
2964.0,0.0,1.0,,,,,,
,,,,,,,,
7461.0,19.0,2.0,,,,,,
3589.0,9.0,1.0,,,,,,
4787.0,5.0,2.0,1091.9,0.94,0.95,0.94,0.01,0.1861
4398.0,0.0,1.0,,,,,,
8211,0.0,0.0,,,,,,
,,,,,,,,
5817.0,7.0,2.0,,,,,,
9567,4.0,1.0,,,,,,
2312.0,6.0,0.0,1098.42,0.97,0.97,0.97,0.0,0.0987
701.0,0.0,0.0,,,,,,
2821.0,1.0,0.0,,,,,,
,,,,,,,,
1793.0,5.0,1.0,,,,,,
7893,3.0,2.0,1061.85,0.91,0.9,0.91,0.01,0.2117
1932.0,24.0,4.0,,,,,,
,,,,,,,,
1661.0,5.0,0.0,,,,,,
1991.0,0.0,2.0,1058.33,0.84,0.81,0.82,0.03,0.149
7602,9.0,1.0,,,,,,
,,,,,,,,
4488.0,2.0,0.0,,,,,,
8588,-2.0,0.0,1074.02,0.98,0.97,0.97,0.01,0.0224
0.0,3.0,0.0,,,,,,
,,,,,,,,
8063,6.0,3.0,,,,,,
1852.0,5.0,6.0,,,,,,
3960.0,9.0,2.0,1077.75,0.93,0.94,0.94,0.01,0.1344
2995.0,3.0,0.0,,,,,,
,,,,,,,,
7999,10.0,3.0,,,,,,
6363.0,3.0,2.0,,,,,,
3632.0,0.0,0.0,1076.79,0.92,0.91,0.92,0.01,0.1071
0.0,2.0,0.0,,,,,,
,,,,,,,,
7686,16.0,3.0,,,,,,
6646.0,10.0,1.0,,,,,,
2889.0,6.0,0.0,1091.42,0.89,0.88,0.89,0.01,0.1407
866.0,2.0,2.0,,,,,,
5386.0,0.0,0.0,,,,,,
,,,,,,,,
10128,0.0,1.0,,,,,,
5347.0,0.0,2.0,,,,,,
0.0,8.0,0.0,1077.13,0.97,0.97,0.97,0.0,0.1707
5825.0,9.0,1.0,,,,,,
,,,,,,,,
2924.0,0.0,1.0,,,,,,
5573.0,7.0,0.0,,,,,,
9253,1.0,0.0,1083.13,0.98,0.98,0.98,0.0,0.074
4325.0,1.0,0.0,,,,,,
,,,,,,,,
5233.0,5.0,1.0,,,,,,
4488.0,5.0,0.0,,,,,,
5486.0,3.0,1.0,1094.9,0.92,0.91,0.92,0.01,0.1041
7948,0.0,0.0,,,,,,
4489.0,0.0,0.0,,,,,,
,,,,,,,,
0.0,6.0,0.0,,,,,,
7909,3.0,0.0,,,,,,
1110.0,3.0,2.0,1079.16,0.93,0.92,0.93,0.01,0.0626
2907.0,0.0,0.0,,,,,,
,,,,,,,,
0.0,3.0,0.0,,,,,,
9056,0.0,0.0,1083.0,0.98,0.98,0.98,0.0,0.0179
3975.0,0.0,0.0,,,,,,
,,,,,,,,
8933,6.0,3.0,,,,,,
5344.0,3.0,0.0,,,,,,
2849.0,3.0,1.0,1095.17,0.97,0.97,0.97,0.0,0.1636
5861.0,0.0,3.0,,,,,,
2931.0,29.0,5.0,,,,,,
,,,,,,,,
9010,1.0,0.0,,,,,,
2819.0,3.0,0.0,,,,,,
0.0,3.0,0.0,1091.81,0.98,0.97,0.97,0.01,0.0208
2989.0,3.0,0.0,,,,,,
,,,,,,,,
7639,11.0,4.0,,,,,,
3883.0,0.0,0.0,,,,,,
0.0,3.0,0.0,1081.88,0.84,0.82,0.83,0.02,0.0555
2992.0,0.0,0.0,,,,,,
,,,,,,,,
9688,11.0,5.0,,,,,,
1363.0,3.0,0.0,,,,,,
1960.0,6.0,2.0,1079.85,0.98,0.98,0.98,0.0,0.1492
2980.0,9.0,2.0,,,,,,
,,,,,,,,
8659,18.0,2.0,,,,,,
7371.0,11.0,2.0,,,,,,
2798.0,5.0,1.0,1076.34,0.98,0.99,0.98,0.01,0.1875
4901.0,7.0,0.0,,,,,,
,,,,,,,,
8191,0.0,0.0,,,,,,
0.0,3.0,0.0,1075.82,0.94,0.95,0.94,0.01,0.0158
2956.0,0.0,0.0,,,,,,
,,,,,,,,
8817,11.0,1.0,,,,,,
2765.0,0.0,2.0,,,,,,
0.0,3.0,0.0,1079.44,0.97,0.98,0.97,0.01,0.1145
2937.0,0.0,0.0,,,,,,
,,,,,,,,
7635,16.0,2.0,,,,,,
6362.0,11.0,2.0,,,,,,
2239.0,7.0,4.0,1068.74,0.85,0.84,0.84,0.01,0.2128
5103.0,15.0,3.0,,,,,,
,,,,,,,,
7789,12.0,3.0,,,,,,
4527.0,5.0,0.0,,,,,,
2453.0,3.0,1.0,1084.77,0.92,0.92,0.92,0.0,0.1167
2971.0,0.0,0.0,,,,,,
,,,,,,,,
1755.0,15.0,3.0,,,,,,
5118.0,6.0,4.0,,,,,,
8316,7.0,2.0,1085.74,0.97,0.97,0.97,0.0,0.1521
5686.0,0.0,0.0,,,,,,
,,,,,,,,
9972,10.0,3.0,,,,,,
7680.0,0.0,2.0,1072.71,0.98,0.98,0.98,0.0,0.1402
2990.0,0.0,0.0,,,,,,
,,,,,,,,
1871.0,4.0,2.0,,,,,,
8989,2.0,1.0,,,,,,
5802.0,6.0,1.0,1076.24,0.96,0.97,0.96,0.01,0.1676
2998.0,3.0,0.0,,,,,,
,,,,,,,,
725.0,8.0,2.0,,,,,,
4403.0,0.0,1.0,,,,,,
8757,5.0,0.0,1078.69,0.98,0.98,0.98,0.0,0.1682
5442.0,3.0,1.0,,,,,,
,,,,,,,,
9985,8.0,2.0,,,,,,
2910.0,8.0,3.0,,,,,,
2700.0,3.0,1.0,1084.81,0.97,0.98,0.97,0.01,0.1608
5077.0,0.0,0.0,,,,,,
,,,,,,,,
7971,1.0,4.0,,,,,,
6133.0,3.0,0.0,,,,,,
0.0,5.0,0.0,1076.22,0.9,0.88,0.89,0.02,0.1001
5004.0,3.0,2.0,,,,,,
,,,,,,,,
5343.0,11.0,2.0,,,,,,
4186.0,8.0,2.0,,,,,,
2643.0,3.0,4.0,1093.62,0.97,0.97,0.97,0.0,0.1947
10054,5.0,3.0,,,,,,
2597.0,45.0,10.0,,,,,,
,,,,,,,,
7119.0,9.0,1.0,,,,,,
2743.0,2.0,0.0,,,,,,
9602,3.0,0.0,1082.29,0.98,0.98,0.98,0.0,0.0786
2966.0,0.0,0.0,,,,,,
,,,,,,,,
9206,15.0,2.0,,,,,,
4897.0,0.0,2.0,1068.56,0.98,0.98,0.98,0.0,0.1614
5828.0,8.0,0.0,,,,,,
,,,,,,,,
6338.0,17.0,6.0,,,,,,
5369.0,2.0,0.0,,,,,,
7011.0,6.0,1.0,1099.1,0.98,0.98,0.98,0.0,0.096
8433,2.0,0.0,,,,,,
2969.0,3.0,0.0,,,,,,
,,,,,,,,
3182.0,3.0,2.0,,,,,,
10100,0.0,1.0,1058.63,0.97,0.97,0.97,0.0,0.2082
,,,,,,,,
9344,0.0,1.0,,,,,,
2531.0,3.0,0.0,,,,,,
2970.0,3.0,0.0,1089.02,0.96,0.97,0.96,0.01,0.0656
206.0,0.0,0.0,,,,,,
,,,,,,,,
7386.0,24,3.0,,,,,,
7142.0,7.0,1.0,,,,,,
5664.0,5.0,1.0,1068.0,0.79,0.71,0.75,0.08,0.1849
5595.0,0.0,0.0,,,,,,
,,,,,,,,
3265.0,9.0,2.0,,,,,,
2149.0,5.0,1.0,1068.43,0.92,0.91,0.92,0.01,0.1511
7776,0.0,0.0,,,,,,
,,,,,,,,
9947,6.0,1.0,,,,,,
2215.0,0.0,0.0,1074.93,0.97,0.97,0.97,0.0,0.0876
2973.0,0.0,0.0,,,,,,
,,,,,,,,
8382,5.0,0.0,,,,,,
1910.0,3.0,1.0,,,,,,
1854.0,3.0,0.0,1080.97,0.98,0.98,0.98,0.0,0.1145
2998.0,9.0,3.0,,,,,,
,,,,,,,,
8778,19.0,3.0,,,,,,
5620.0,12.0,4.0,,,,,,
1865.0,3.0,2.0,1095.17,0.98,0.99,0.98,0.01,0.1647
2501.0,0.0,1.0,,,,,,
2998.0,0.0,0.0,,,,,,
,,,,,,,,
0.0,-1.0,0.0,,,,,,
0.0,3.0,0.0,,,,,,
6491.0,0.0,3.0,1081.09,0.97,0.98,0.97,0.01,0.0992
8108,24.0,5.0,,,,,,
,,,,,,,,
0.0,9.0,0.0,,,,,,
9584,11.0,0.0,,,,,,
6493.0,3.0,0.0,1081.55,0.98,0.98,0.98,0.0,0.0933
5742.0,9.0,1.0,,,,,,
,,,,,,,,
1848.0,5.0,2.0,,,,,,
6689.0,7.0,7.0,,,,,,
5081.0,6.0,5.0,1089.92,0.87,0.86,0.86,0.01,0.1377
5350.0,3.0,5.0,,,,,,
7375,24.0,0.0,,,,,,
,,,,,,,,
4495.0,8.0,1.0,,,,,,
0.0,2.0,0.0,,,,,,
8292,3.0,2.0,1093.28,0.95,0.96,0.95,0.01,0.1695
2967.0,0.0,1.0,,,,,,
0.0,33.0,6.0,,,,,,
,,,,,,,,
4580.0,0.0,2.0,,,,,,
7798,3.0,2.0,1067.05,0.91,0.9,0.91,0.01,0.1315
0.0,1.0,0.0,,,,,,
,,,,,,,,
8051,3.0,1.0,,,,,,
0.0,6.0,0.0,,,,,,
2847.0,0.0,1.0,1079.07,0.93,0.93,0.93,0.0,0.1152
2985.0,0.0,0.0,,,,,,
,,,,,,,,
8957,0.0,1.0,,,,,,
3417.0,0.0,1.0,,,,,,
0.0,3.0,0.0,1095.16,0.96,0.96,0.96,0.0,0.1527
1948.0,5.0,4.0,,,,,,
2965.0,30.0,7.0,,,,,,
,,,,,,,,
8579,3.0,2.0,,,,,,
6690.0,2.0,0.0,,,,,,
4725.0,13.0,1.0,1096.97,0.96,0.97,0.96,0.01,0.1067
0.0,6.0,0.0,,,,,,
2985.0,4.0,0.0,,,,,,
,,,,,,,,
4460.0,6.0,2.0,,,,,,
7603,7.0,4.0,,,,,,
1183.0,3.0,0.0,1070.69,0.84,0.79,0.81,0.05,0.1035
5915.0,0.0,0.0,,,,,,
,,,,,,,,
8038,15.0,6.0,,,,,,
2781.0,9.0,0.0,,,,,,
2638.0,9.0,2.0,1095.66,0.95,0.96,0.95,0.01,0.1217
930.0,3.0,2.0,,,,,,
2942.0,1.0,0.0,,,,,,
,,,,,,,,
6262.0,20.0,2.0,,,,,,
5537.0,3.0,1.0,,,,,,
9027,3.0,3.0,1074.81,0.96,0.97,0.96,0.01,0.2139
2987.0,9.0,3.0,,,,,,
,,,,,,,,
2458.0,3.0,2.0,,,,,,
8307,7.0,0.0,,,,,,
0.0,3.0,0.0,1078.65,0.98,0.98,0.98,0.0,0.1514
4460.0,78.0,16.0,,,,,,
,,,,,,,,
2372.0,11.0,6.0,,,,,,
8663,0.0,1.0,,,,,,
2461.0,3.0,2.0,1078.24,0.96,0.96,0.96,0.0,0.1375
2990.0,0.0,0.0,,,,,,
,,,,,,,,
9353,12.0,4.0,,,,,,
4712.0,1.0,2.0,,,,,,
5180.0,3.0,4.0,1075.11,0.98,0.98,0.98,0.0,0.2222
2972.0,72.0,16.0,,,,,,
,,,,,,,,
2691.0,0.0,2.0,,,,,,
-811.0,3.0,0.0,,,,,,
2867.0,3.0,0.0,1083.91,0.98,0.98,0.98,0.0,0.0612
8755,2.0,0.0,,,,,,
,,,,,,,,
9063,12.0,2.0,,,,,,
2493.0,2.0,2.0,,,,,,
2684.0,6.0,1.0,1073.72,0.98,0.98,0.98,0.0,0.2499
2936.0,87.0,16.0,,,,,,
,,,,,,,,
2818.0,17.0,3.0,,,,,,
8485,8.0,2.0,,,,,,
2661.0,4.0,1.0,1073.73,0.97,0.98,0.97,0.01,0.2207
5730.0,18.0,3.0,,,,,,
,,,,,,,,
9197,6.0,5.0,,,,,,
2757.0,3.0,0.0,,,,,,
1777.0,3.0,1.0,1079.09,0.97,0.97,0.97,0.0,0.1331
2897.0,21.0,7.0,,,,,,
,,,,,,,,
2245.0,11.0,1.0,,,,,,
7993,3.0,1.0,,,,,,
2477.0,3.0,0.0,1075.49,0.91,0.9,0.91,0.01,0.1276
5855.0,2.0,0.0,,,,,,
,,,,,,,,
2814.0,5.0,3.0,,,,,,
3760.0,3.0,4.0,,,,,,
3908.0,6.0,1.0,1090.3,0.91,0.9,0.91,0.01,0.185
5215.0,8.0,3.0,,,,,,
7859,3.0,3.0,,,,,,
,,,,,,,,
9443,6.0,2.0,,,,,,
2288.0,-1.0,0.0,,,,,,
5108.0,3.0,2.0,1079.5,0.97,0.97,0.97,0.0,0.1153
5403.0,4.0,0.0,,,,,,
,,,,,,,,
8536,2.0,2.0,,,,,,
1692.0,0.0,1.0,,,,,,
5738.0,3.0,0.0,1098.28,0.96,0.96,0.96,0.0,0.0903
2823.0,0.0,0.0,,,,,,
2997.0,0.0,0.0,,,,,,
,,,,,,,,
2887.0,23.0,6.0,,,,,,
6489.0,14.0,3.0,,,,,,
7053.0,14.0,3.0,1059.36,0.8,0.71,0.76,0.09,0.2052
7541.0,24,5.0,,,,,,
,,,,,,,,
2389.0,1.0,1.0,,,,,,
8199,2.0,2.0,,,,,,
0.0,5.0,0.0,1078.04,0.93,0.93,0.93,0.0,0.1086
2975.0,0.0,0.0,,,,,,
,,,,,,,,
1816.0,16.0,1.0,,,,,,
5309.0,3.0,0.0,,,,,,
8526,0.0,2.0,1095.8,0.96,0.96,0.96,0.0,0.14
2828.0,0.0,1.0,,,,,,
2888.0,3.0,0.0,,,,,,
,,,,,,,,
8402,4.0,6.0,,,,,,
3177.0,4.0,0.0,,,,,,
2216.0,2.0,0.0,1081.97,0.96,0.97,0.96,0.01,0.0476
5403.0,2.0,0.0,,,,,,
,,,,,,,,
4284.0,16.0,4.0,,,,,,
8678,7.0,5.0,,,,,,
3961.0,3.0,2.0,1097.44,0.97,0.97,0.97,0.0,0.1183
4778.0,3.0,0.0,,,,,,
5744.0,0.0,0.0,,,,,,
,,,,,,,,
5485.0,9.0,2.0,,,,,,
8018,18.0,2.0,,,,,,
5420.0,9.0,0.0,1075.7,0.94,0.94,0.94,0.0,0.1811
5898.0,3.0,2.0,,,,,,
,,,,,,,,
9034,9.0,1.0,,,,,,
3372.0,8.0,0.0,1069.69,0.97,0.98,0.97,0.01,0.1028
5241.0,0.0,0.0,,,,,,
,,,,,,,,
4495.0,3.0,2.0,,,,,,
1949.0,0.0,1.0,,,,,,
7986,3.0,1.0,1090.92,0.91,0.9,0.91,0.01,0.1727
6088.0,0.0,0.0,,,,,,
5554.0,3.0,1.0,,,,,,
,,,,,,,,
7906,17.0,2.0,,,,,,
1332.0,3.0,2.0,,,,,,
0.0,8.0,0.0,1075.27,0.93,0.93,0.93,0.0,0.1639
2994.0,3.0,2.0,,,,,,
,,,,,,,,
10379,16.0,3.0,,,,,,
5643.0,7.0,2.0,,,,,,
2415.0,1.0,1.0,1075.87,0.98,0.99,0.98,0.01,0.2065
2951.0,23.0,6.0,,,,,,
,,,,,,,,
6642.0,23.0,3.0,,,,,,
2470.0,0.0,2.0,,,,,,
8385,3.0,3.0,1092.51,0.96,0.97,0.96,0.01,0.1958
1903.0,6.0,1.0,,,,,,
2962.0,21.0,7.0,,,,,,
,,,,,,,,
8503,5.0,4.0,,,,,,
5062.0,10.0,1.0,,,,,,
5800.0,6.0,5.0,1076.69,0.97,0.97,0.97,0.0,0.1796
3274.0,0.0,3.0,,,,,,
,,,,,,,,
7451.0,23.0,2.0,,,,,,
8244,7.0,1.0,,,,,,
-1349.0,3.0,0.0,1076.2,0.94,0.94,0.94,0.0,0.1427
5290.0,8.0,0.0,,,,,,
,,,,,,,,
554.0,15.0,1.0,,,,,,
2958.0,3.0,0.0,,,,,,
5220.0,3.0,3.0,1079.28,0.98,0.98,0.98,0.0,0.117
8368,0.0,0.0,,,,,,
,,,,,,,,
0.0,3.0,0.0,,,,,,
8581,30.0,8.0,1067.53,1.0,1.0,1.0,0.0,0.0955
,,,,,,,,
0.0,7.0,0.0,,,,,,
7177,8.0,0.0,,,,,,
2871.0,8.0,0.0,1088.7,0.82,0.78,0.8,0.04,0.0659
4781.0,0.0,1.0,,,,,,
2994.0,0.0,0.0,,,,,,
,,,,,,,,
8065,2.0,6.0,,,,,,
4309.0,6.0,7.0,,,,,,
2473.0,0.0,5.0,1081.8,0.93,0.94,0.94,0.01,0.0872
2975.0,1.0,0.0,,,,,,
,,,,,,,,
5559.0,14.0,2.0,,,,,,
8592,0.0,1.0,,,,,,
2297.0,3.0,0.0,1076.63,0.96,0.96,0.96,0.0,0.1997
2995.0,53.0,16.0,,,,,,
,,,,,,,,
10499,2.0,1.0,,,,,,
5068.0,3.0,0.0,,,,,,
0.0,3.0,0.0,1078.7,0.97,0.98,0.97,0.01,0.1131
2936.0,7.0,3.0,,,,,,
,,,,,,,,
2307.0,6.0,4.0,,,,,,
8252,8.0,1.0,,,,,,
1814.0,5.0,0.0,1094.04,0.94,0.94,0.94,0.0,0.1531
2045.0,5.0,3.0,,,,,,
2978.0,10.0,4.0,,,,,,
,,,,,,,,
7274.0,11.0,5.0,,,,,,
7284.0,3.0,2.0,,,,,,
6608.0,17.0,0.0,1095.88,0.97,0.98,0.97,0.01,0.1395
10238,3.0,1.0,,,,,,
2995.0,0.0,0.0,,,,,,
,,,,,,,,
10343,3.0,2.0,,,,,,
2825.0,6.0,1.0,,,,,,
0.0,2.0,0.0,1079.45,0.97,0.98,0.97,0.01,0.1158
2988.0,3.0,0.0,,,,,,
,,,,,,,,
5363.0,18.0,5.0,,,,,,
2965.0,0.0,3.0,,,,,,
8290,3.0,1.0,1095.74,0.95,0.96,0.95,0.01,0.1203
0.0,3.0,0.0,,,,,,
5759.0,0.0,0.0,,,,,,
,,,,,,,,
10193,1.0,1.0,,,,,,
2500.0,0.0,0.0,,,,,,
2468.0,3.0,1.0,1097.08,0.97,0.97,0.97,0.0,0.1255
5865.0,2.0,0.0,,,,,,
2996.0,11.0,5.0,,,,,,
,,,,,,,,
2158.0,11.0,0.0,,,,,,
8681,5.0,3.0,,,,,,
5106.0,3.0,4.0,1095.35,0.97,0.97,0.97,0.0,0.16
2337.0,3.0,2.0,,,,,,
5539.0,3.0,1.0,,,,,,
,,,,,,,,
8146,32.0,11.0,,,,,,
7110.0,13.0,5.0,,,,,,
5223.0,6.0,3.0,1081.18,1.0,1.0,1.0,0.0,0.1404
2995.0,3.0,0.0,,,,,,
,,,,,,,,
9115,0.0,0.0,,,,,,
1816.0,8.0,0.0,,,,,,
2189.0,0.0,0.0,1083.46,0.98,0.98,0.98,0.0,0.0227
2978.0,3.0,0.0,,,,,,
,,,,,,,,
2181.0,10.0,1.0,,,,,,
7699,5.0,2.0,,,,,,
0.0,6.0,0.0,1069.37,0.86,0.83,0.84,0.03,0.1652
846.0,0.0,1.0,,,,,,
,,,,,,,,
7634,3.0,0.0,,,,,,
4769.0,0.0,0.0,,,,,,
0.0,6.0,0.0,1073.78,0.87,0.83,0.85,0.04,0.0834
5801.0,30.0,16.0,,,,,,
,,,,,,,,
2537.0,1.0,0.0,,,,,,
1310.0,0.0,0.0,,,,,,
2782.0,0.0,1.0,1078.96,0.92,0.91,0.92,0.01,0.061
7887,0.0,0.0,,,,,,
,,,,,,,,
8184,6.0,1.0,,,,,,
5467.0,5.0,0.0,,,,,,
0.0,3.0,0.0,1074.89,0.93,0.94,0.94,0.01,0.1591
2968.0,80.0,16.0,,,,,,
,,,,,,,,
2060.0,21.0,0.0,,,,,,
8532,3.0,2.0,,,,,,
719.0,3.0,1.0,1075.48,0.96,0.97,0.96,0.01,0.1611
2990.0,17.0,6.0,,,,,,
,,,,,,,,
2809.0,2.0,3.0,,,,,,
8694,3.0,3.0,1057.16,0.96,0.97,0.96,0.01,0.1755
,,,,,,,,
2489.0,0.0,1.0,,,,,,
2623.0,3.0,0.0,,,,,,
7747,2.0,1.0,1076.5,0.91,0.89,0.9,0.02,0.1135
2985.0,0.0,0.0,,,,,,
,,,,,,,,
4139.0,5.0,1.0,,,,,,
781.0,13.0,2.0,,,,,,
8232,0.0,1.0,1073.95,0.92,0.92,0.92,0.0,0.2213
2717.0,14.0,2.0,,,,,,
,,,,,,,,
429.0,2.0,3.0,,,,,,
9284,2.0,2.0,1063.02,0.97,0.97,0.97,0.0,0.2408
4665.0,98.0,16.0,,,,,,
,,,,,,,,
8483,19.0,1.0,,,,,,
6620.0,3.0,0.0,,,,,,
2957.0,6.0,1.0,1075.0,0.98,0.99,0.98,0.01,0.224
4117.0,98.0,16.0,,,,,,
,,,,,,,,
9472,0.0,1.0,,,,,,
0.0,4.0,0.0,,,,,,
2432.0,3.0,0.0,1079.66,0.96,0.97,0.96,0.01,0.1168
5854.0,0.0,1.0,,,,,,
,,,,,,,,
8052,2.0,3.0,,,,,,
6479.0,2.0,6.0,,,,,,
1863.0,3.0,0.0,1096.29,0.93,0.93,0.93,0.0,0.0972
2465.0,5.0,4.0,,,,,,
4757.0,2.0,0.0,,,,,,
,,,,,,,,
1893.0,5.0,1.0,,,,,,
8815,0.0,0.0,,,,,,
2630.0,6.0,5.0,1097.97,0.98,0.98,0.98,0.0,0.1186
7302.0,0.0,2.0,,,,,,
5864.0,0.0,0.0,,,,,,
,,,,,,,,
6696.0,14.0,3.0,,,,,,
0.0,-1.0,0.0,,,,,,
7810,3.0,1.0,1076.97,0.91,0.9,0.91,0.01,0.1156
3894.0,0.0,0.0,,,,,,
,,,,,,,,
5167.0,2.0,4.0,,,,,,
8765,11.0,1.0,,,,,,
7131.0,11.0,1.0,1094.11,0.97,0.98,0.97,0.01,0.1749
1237.0,0.0,1.0,,,,,,
2898.0,2.0,0.0,,,,,,
,,,,,,,,
8180,0.0,0.0,,,,,,
2980.0,0.0,0.0,1068.01,0.94,0.95,0.94,0.01,0.0186
,,,,,,,,
920.0,7.0,5.0,,,,,,
289.0,3.0,1.0,,,,,,
2971.0,9.0,1.0,1094.8,0.96,0.96,0.96,0.0,0.1601
9887,-1.0,2.0,,,,,,
5912.0,2.0,0.0,,,,,,
,,,,,,,,
8038,4.0,2.0,,,,,,
1508.0,3.0,2.0,,,,,,
2828.0,3.0,4.0,1072.42,0.93,0.94,0.94,0.01,0.2234
2958.0,87.0,16.0,,,,,,
,,,,,,,,
2079.0,3.0,0.0,,,,,,
7189,9.0,0.0,,,,,,
2895.0,1.0,4.0,1073.16,0.83,0.78,0.8,0.05,0.0577
2918.0,3.0,0.0,,,,,,
,,,,,,,,
3706.0,18.0,5.0,,,,,,
8403,4.0,1.0,,,,,,
5460.0,11.0,2.0,1092.45,0.96,0.97,0.96,0.01,0.197
2770.0,4.0,1.0,,,,,,
2967.0,22.0,11.0,,,,,,
,,,,,,,,
6492.0,-2.0,3.0,,,,,,
5300.0,8.0,1.0,,,,,,
2411.0,7.0,2.0,1071.15,0.92,0.93,0.93,0.01,0.2093
8091,1.0,1.0,,,,,,
,,,,,,,,
4387.0,27.0,4.0,,,,,,
7088.0,4.0,2.0,,,,,,
8514,6.0,2.0,1092.15,0.97,0.97,0.97,0.0,0.2241
2464.0,6.0,1.0,,,,,,
2977.0,27.0,16.0,,,,,,
,,,,,,,,
7561,3.0,0.0,,,,,,
2973.0,0.0,0.0,1050.45,0.82,0.74,0.78,0.08,0.0226
,,,,,,,,
941.0,5.0,0.0,,,,,,
8888,9.0,0.0,,,,,,
2982.0,3.0,1.0,1082.33,0.98,0.98,0.98,0.0,0.0778
5660.0,0.0,0.0,,,,,,
,,,,,,,,
0.0,2.0,0.0,,,,,,
7866,2.0,4.0,,,,,,
2201.0,5.0,0.0,1094.54,0.91,0.89,0.9,0.02,0.0792
3628.0,2.0,2.0,,,,,,
2990.0,2.0,0.0,,,,,,
,,,,,,,,
8273,3.0,3.0,,,,,,
6515.0,0.0,1.0,,,,,,
0.0,3.0,0.0,1095.77,0.95,0.96,0.95,0.01,0.1196
0.0,3.0,0.0,,,,,,
2993.0,6.0,3.0,,,,,,
,,,,,,,,
2790.0,9.0,1.0,,,,,,
0.0,5.0,0.0,,,,,,
0.0,3.0,0.0,1084.94,0.84,0.79,0.81,0.05,0.1423
2784.0,3.0,1.0,,,,,,
7579,7.0,1.0,,,,,,
,,,,,,,,
8314,7.0,1.0,,,,,,
2811.0,0.0,1.0,1075.6,0.97,0.97,0.97,0.0,0.155
2986.0,3.0,0.0,,,,,,
,,,,,,,,
9546,13.0,2.0,,,,,,
3204.0,0.0,0.0,,,,,,
6469.0,8.0,2.0,1097.25,0.98,0.98,0.98,0.0,0.1331
5287.0,3.0,0.0,,,,,,
2925.0,27.0,12.0,,,,,,
,,,,,,,,
7418.0,5.0,4.0,,,,,,
7290,8.0,0.0,,,,,,
2846.0,8.0,0.0,1088.96,0.84,0.8,0.82,0.04,0.0827
2702.0,5.0,0.0,,,,,,
5356.0,23.0,10.0,,,,,,
,,,,,,,,
8826,11.0,0.0,,,,,,
4647.0,2.0,1.0,1069.44,0.98,0.98,0.98,0.0,0.17
4951.0,6.0,1.0,,,,,,
,,,,,,,,
10300,3.0,1.0,,,,,,
3198.0,18.0,11.0,1058.69,0.97,0.98,0.97,0.01,0.178
,,,,,,,,
1775.0,14.0,2.0,,,,,,
2878.0,5.0,4.0,,,,,,
9170,9.0,1.0,1091.46,0.97,0.98,0.97,0.01,0.2278
346.0,2.0,3.0,,,,,,
3254.0,98.0,16.0,,,,,,
,,,,,,,,
2517.0,8.0,0.0,,,,,,
2586.0,1.0,2.0,,,,,,
8265,2.0,1.0,1077.73,0.95,0.96,0.95,0.01,0.1159
5934.0,0.0,0.0,,,,,,
,,,,,,,,
8811,3.0,1.0,,,,,,
0.0,6.0,0.0,1069.62,0.96,0.97,0.96,0.01,0.0905
5870.0,0.0,0.0,,,,,,
,,,,,,,,
-1700.0,10.0,0.0,,,,,,
3645.0,3.0,4.0,,,,,,
792.0,8.0,2.0,1096.8,0.96,0.96,0.96,0.0,0.1199
9203,0.0,2.0,,,,,,
2892.0,2.0,0.0,,,,,,
,,,,,,,,
5350.0,12.0,2.0,,,,,,
7491.0,6,0.0,1063.09,0.84,0.79,0.81,0.05,0.0943
2765.0,0.0,0.0,,,,,,
,,,,,,,,
7829,10.0,2.0,,,,,,
0.0,6.0,0.0,1069.89,0.92,0.91,0.92,0.01,0.1322
2974.0,15.0,6.0,,,,,,
,,,,,,,,
0.0,3.0,0.0,,,,,,
0.0,3.0,0.0,1074.74,0.97,0.98,0.97,0.01,0.0787
9183,11.0,3.0,,,,,,
,,,,,,,,
2652.0,4.0,1.0,,,,,,
5200.0,2.0,2.0,,,,,,
2451.0,8.0,3.0,1095.76,0.99,1.0,0.99,0.01,0.1639
768.0,6.0,0.0,,,,,,
9489,20.0,5.0,,,,,,
,,,,,,,,
2827.0,18.0,3.0,,,,,,
3378.0,3.0,2.0,,,,,,
7721,6.0,1.0,1086.46,0.87,0.84,0.85,0.03,0.1758
2698.0,4.0,1.0,,,,,,
2962.0,2.0,0.0,,,,,,
,,,,,,,,
5477.0,7.0,1.0,,,,,,
2704.0,11.0,3.0,,,,,,
8599,5.0,2.0,1074.91,0.97,0.97,0.97,0.0,0.2138
2826.0,3.0,1.0,,,,,,
,,,,,,,,
7907,2.0,2.0,,,,,,
5395.0,6.0,2.0,,,,,,
5445.0,6.0,2.0,1070.77,0.91,0.89,0.9,0.02,0.1996
7228.0,2.0,3.0,,,,,,
,,,,,,,,
2360.0,9.0,2.0,,,,,,
4371.0,2.0,2.0,,,,,,
7533.0,9.0,2.0,1076.03,1.0,1.0,1.0,0.0,0.2487
8032,98.0,16.0,,,,,,
,,,,,,,,
4820.0,5.0,4.0,,,,,,
9629,2.0,1.0,,,,,,
4819.0,2.0,2.0,1095.79,0.97,0.97,0.97,0.0,0.1512
5171.0,5.0,4.0,,,,,,
1832.0,2.0,0.0,,,,,,
,,,,,,,,
10137,7.0,2.0,,,,,,
4907.0,1.0,1.0,,,,,,
2681.0,0.0,5.0,1096.74,0.97,0.98,0.97,0.01,0.1223
5101.0,7.0,0.0,,,,,,
0.0,5.0,0.0,,,,,,
,,,,,,,,
0.0,5.0,0.0,,,,,,
2660.0,5.0,1.0,,,,,,
3266.0,4.0,3.0,1091.66,0.91,0.9,0.91,0.01,0.1579
2397.0,6.0,2.0,,,,,,
7776,3.0,3.0,,,,,,
,,,,,,,,
7818,0.0,0.0,,,,,,
-2000.0,7.0,0.0,,,,,,
1116.0,0.0,1.0,1079.18,0.92,0.91,0.92,0.01,0.0663
5760.0,0.0,0.0,,,,,,
,,,,,,,,
2928.0,2.0,2.0,,,,,,
8367,0.0,1.0,,,,,,
4978.0,3.0,1.0,1092.54,0.96,0.96,0.96,0.0,0.2051
2116.0,2.0,1.0,,,,,,
2820.0,11.0,3.0,,,,,,
,,,,,,,,
5102.0,8.0,4.0,,,,,,
5133.0,6.0,0.0,,,,,,
7832,6.0,2.0,1090.82,0.92,0.9,0.91,0.02,0.1647
2101.0,6.0,2.0,,,,,,
2992.0,0.0,1.0,,,,,,
,,,,,,,,
5586.0,12.0,1.0,,,,,,
8302,8.0,1.0,,,,,,
0.0,2.0,0.0,1080.04,0.97,0.98,0.97,0.01,0.1335
3663.0,5.0,0.0,,,,,,
,,,,,,,,
7862,6.0,1.0,,,,,,
1406.0,3.0,0.0,,,,,,
1915.0,3.0,1.0,1075.03,0.92,0.9,0.91,0.02,0.166
2975.0,0.0,1.0,,,,,,
,,,,,,,,
2920.0,6.0,0.0,,,,,,
8915,0.0,1.0,1066.88,0.96,0.96,0.96,0.0,0.1614
2982.0,9.0,1.0,,,,,,
,,,,,,,,
3922.0,3.0,3.0,,,,,,
9383,6.0,3.0,,,,,,
5446.0,7.0,1.0,1076.27,0.97,0.97,0.97,0.0,0.2044
5814.0,7.0,2.0,,,,,,
,,,,,,,,
8438,3.0,2.0,,,,,,
655.0,2.0,2.0,,,,,,
2638.0,5.0,0.0,1076.96,0.96,0.97,0.96,0.01,0.1546
2985.0,1.0,1.0,,,,,,
,,,,,,,,
0.0,4.0,0.0,,,,,,
2031.0,3.0,2.0,,,,,,
7312,6.0,0.0,1086.78,0.83,0.78,0.8,0.05,0.0943
2188.0,3.0,0.0,,,,,,
2989.0,15.0,3.0,,,,,,
,,,,,,,,
5472.0,15.0,4.0,,,,,,
9534,5.0,2.0,,,,,,
5356.0,11.0,0.0,1094.35,0.97,0.97,0.97,0.0,0.18
2670.0,10.0,2.0,,,,,,
4886.0,3.0,1.0,,,,,,
,,,,,,,,
1082.0,14.0,6.0,,,,,,
8523,7.0,2.0,,,,,,
0.0,10.0,0.0,1097.21,0.97,0.97,0.97,0.0,0.1228
0.0,3.0,0.0,,,,,,
5736.0,0.0,1.0,,,,,,
,,,,,,,,
0.0,1.0,0.0,,,,,,
8384,30.0,16.0,1060.02,1.0,1.0,1.0,0.0,0.1369
,,,,,,,,
7550.0,11.0,0.0,,,,,,
0.0,5.0,0.0,1064.3,0.84,0.81,0.82,0.03,0.0332
2996.0,3.0,0.0,,,,,,
,,,,,,,,
7198.0,3.0,2.0,,,,,,
8234,3.0,0.0,,,,,,
2707.0,10.0,2.0,1073.93,0.95,0.96,0.95,0.01,0.2042
5823.0,98.0,16.0,,,,,,
,,,,,,,,
8086,6.0,2.0,,,,,,
2829.0,0.0,1.0,,,,,,
5205.0,6.0,0.0,1094.2,0.93,0.94,0.94,0.01,0.1399
2738.0,5.0,0.0,,,,,,
2972.0,11.0,2.0,,,,,,
,,,,,,,,
2169.0,6.0,3.0,,,,,,
4215.0,3.0,3.0,,,,,,
7726,3.0,0.0,1070.99,0.89,0.86,0.88,0.03,0.151
5519.0,3.0,1.0,,,,,,
,,,,,,,,
0.0,4.0,0.0,,,,,,
0.0,8.0,0.0,,,,,,
8093,2.0,0.0,1091.11,0.95,0.95,0.95,0.0,0.0228
0.0,5.0,0.0,,,,,,
,,,,,,,,
2524.0,0.0,2.0,,,,,,
8583,0.0,2.0,,,,,,
2786.0,8.0,3.0,1075.92,0.96,0.96,0.96,0.0,0.2003
5260.0,24.0,16.0,,,,,,
,,,,,,,,
5260.0,11.0,2.0,,,,,,
9712,5.0,2.0,,,,,,
5724.0,12.0,0.0,1075.72,0.97,0.97,0.97,0.0,0.1773
2975.0,1.0,1.0,,,,,,
,,,,,,,,
736.0,5.0,0.0,,,,,,
2374.0,0.0,0.0,,,,,,
8040,4.0,0.0,1082.51,0.95,0.96,0.95,0.01,0.0203
4049.0,0.0,0.0,,,,,,
,,,,,,,,
7897,3.0,0.0,,,,,,
2828.0,3.0,1.0,1069.74,0.93,0.92,0.93,0.01,0.1503
3751.0,6.0,2.0,,,,,,
,,,,,,,,
5965.0,6.0,4.0,,,,,,
2886.0,8.0,0.0,,,,,,
8343,6.0,2.0,1077.83,0.97,0.97,0.97,0.0,0.1607
5792.0,3.0,1.0,,,,,,
,,,,,,,,
1620.0,0.0,0.0,,,,,,
2777.0,0.0,0.0,,,,,,
0.0,3.0,0.0,1100.46,0.96,0.96,0.96,0.0,0.0468
0.0,3.0,0.0,,,,,,
8669,0.0,2.0,,,,,,
,,,,,,,,
5518.0,2.0,2.0,,,,,,
8185,3.0,3.0,,,,,,
7090.0,6.0,2.0,1089.48,0.93,0.93,0.93,0.0,0.2335
3359.0,5.0,1.0,,,,,,
5640.0,65.0,16.0,,,,,,
,,,,,,,,
2236.0,10.0,6.0,,,,,,
8133,5.0,0.0,,,,,,
2868.0,5.0,0.0,1096.25,0.95,0.96,0.95,0.01,0.11
2732.0,6.0,2.0,,,,,,
5126.0,9.0,5.0,,,,,,
,,,,,,,,
4395.0,9.0,2.0,,,,,,
7935,7.0,0.0,,,,,,
5060.0,10.0,3.0,1078.56,0.93,0.94,0.94,0.01,0.1464
2910.0,18.0,8.0,,,,,,
,,,,,,,,
2872.0,10.0,3.0,,,,,,
9707,2.0,1.0,,,,,,
0.0,5.0,0.0,1095.4,0.97,0.97,0.97,0.0,0.1589
0.0,3.0,0.0,,,,,,
2929.0,66.0,16.0,,,,,,
,,,,,,,,
8360,6.0,0.0,,,,,,
3599.0,3.0,2.0,,,,,,
2747.0,3.0,2.0,1078.22,0.98,0.98,0.98,0.0,0.1696
2893.0,29.0,16.0,,,,,,
,,,,,,,,
1622.0,12.0,5.0,,,,,,
8087,3.0,0.0,,,,,,
2622.0,11.0,0.0,1095.91,0.95,0.96,0.95,0.01,0.1168
4398.0,0.0,4.0,,,,,,
2939.0,2.0,1.0,,,,,,
,,,,,,,,
8596,4.0,1.0,,,,,,
4331.0,7.0,3.0,,,,,,
1414.0,11.0,2.0,1093.22,0.96,0.97,0.96,0.01,0.1816
6673.0,12.0,0.0,,,,,,
6216.0,0.0,1.0,,,,,,
,,,,,,,,
6801.0,25.0,5.0,,,,,,
8761,12.0,2.0,,,,,,
5661.0,5.0,3.0,1093.35,0.98,0.98,0.98,0.0,0.211
2952.0,9.0,3.0,,,,,,
5523.0,6.0,1.0,,,,,,
,,,,,,,,
6802.0,9.0,3.0,,,,,,
5561.0,7.0,4.0,,,,,,
5349.0,9.0,3.0,1093.91,0.97,0.97,0.97,0.0,0.1888
8372,6.0,2.0,,,,,,
4046.0,6.0,4.0,,,,,,
,,,,,,,,
7867,2.0,3.0,,,,,,
5663.0,10.0,2.0,,,,,,
5661.0,1.0,0.0,1075.31,0.91,0.89,0.9,0.02,0.1102
4545.0,0.0,0.0,,,,,,
,,,,,,,,
8031,0.0,0.0,,,,,,
4711.0,3.0,0.0,,,,,,
0.0,3.0,0.0,1088.34,0.94,0.95,0.94,0.01,0.0573
2960.0,15.0,5.0,,,,,,
,,,,,,,,
0.0,2.0,0.0,,,,,,
2602.0,2.0,1.0,,,,,,
831.0,3.0,0.0,1080.44,0.95,0.96,0.95,0.01,0.1078
8049,15.0,4.0,,,,,,
,,,,,,,,
2002.0,6.0,1.0,,,,,,
8189,0.0,3.0,,,,,,
2327.0,5.0,0.0,1075.18,0.92,0.92,0.92,0.0,0.1467
2954.0,3.0,3.0,,,,,,
,,,,,,,,
4422.0,7.0,1.0,,,,,,
7748,11.0,2.0,,,,,,
3743.0,8.0,0.0,1092.9,0.92,0.91,0.92,0.01,0.1441
2597.0,2.0,1.0,,,,,,
2940.0,0.0,0.0,,,,,,
,,,,,,,,
0.0,3.0,0.0,,,,,,
7674,0.0,0.0,,,,,,
2432.0,3.0,0.0,1089.25,0.87,0.8,0.83,0.07,0.058
0.0,3.0,0.0,,,,,,
2990.0,22.0,16.0,,,,,,
,,,,,,,,
0.0,4.0,0.0,,,,,,
7930,0.0,0.0,,,,,,
2978.0,3.0,0.0,1097.5,0.92,0.91,0.92,0.01,0.0521
0.0,6.0,0.0,,,,,,
2978.0,0.0,2.0,,,,,,
,,,,,,,,
8685,16.0,3.0,,,,,,
5872.0,3.0,2.0,,,,,,
0.0,9.0,0.0,1087.43,0.98,0.99,0.98,0.01,0.1194
2917.0,2.0,0.0,,,,,,
,,,,,,,,
3089.0,14.0,7.0,,,,,,
7302.0,3.0,4.0,,,,,,
7585,11.0,4.0,1085.3,0.84,0.82,0.83,0.02,0.1869
2114.0,12.0,2.0,,,,,,
2997.0,27.0,16.0,,,,,,
,,,,,,,,
2360.0,23.0,2.0,,,,,,
9242,6.0,4.0,,,,,,
6520.0,5.0,3.0,1095.03,0.97,0.97,0.97,0.0,0.1664
4932.0,2.0,2.0,,,,,,
2810.0,3.0,0.0,,,,,,
,,,,,,,,
0.0,3.0,0.0,,,,,,
2943.0,0.0,0.0,,,,,,
220.0,5.0,2.0,1095.56,0.92,0.91,0.92,0.01,0.0909
2930.0,3.0,0.0,,,,,,
7918,9.0,2.0,,,,,,
,,,,,,,,
2629.0,5.0,1.0,,,,,,
2870.0,7.0,2.0,,,,,,
8990,9.0,1.0,1071.96,0.97,0.98,0.97,0.01,0.2127
5779.0,3.0,3.0,,,,,,
,,,,,,,,
981.0,7.0,1.0,,,,,,
1338.0,3.0,2.0,,,,,,
8846,6.0,0.0,1081.53,0.98,0.98,0.98,0.0,0.1625
6009.0,2.0,2.0,,,,,,
,,,,,,,,
5336.0,9.0,4.0,,,,,,
10023,2.0,1.0,,,,,,
0.0,5.0,0.0,1075.17,0.97,0.97,0.97,0.0,0.1883
2958.0,55.0,16.0,,,,,,
,,,,,,,,
8555,1.0,3.0,,,,,,
2538.0,2.0,0.0,,,,,,
2831.0,3.0,1.0,1096.84,0.96,0.96,0.96,0.0,0.1193
0.0,3.0,0.0,,,,,,
2969.0,0.0,2.0,,,,,,
,,,,,,,,
7997,4.0,1.0,,,,,,
0.0,3.0,0.0,,,,,,
2815.0,4.0,0.0,1095.13,0.91,0.9,0.91,0.01,0.0884
0.0,3.0,0.0,,,,,,
2979.0,15.0,5.0,,,,,,
,,,,,,,,
2965.0,9.0,2.0,,,,,,
2822.0,2.0,2.0,,,,,,
7562,6.0,2.0,1059.17,0.8,0.73,0.77,0.07,0.2128
5070.0,24.0,16.0,,,,,,
,,,,,,,,
7363.0,15.0,5.0,,,,,,
9515,8.0,3.0,,,,,,
4206.0,3.0,1.0,1093.72,0.97,0.98,0.97,0.01,0.1826
2763.0,3.0,3.0,,,,,,
4886.0,6.0,5.0,,,,,,
,,,,,,,,
3762.0,16.0,3.0,,,,,,
2799.0,20.0,0.0,,,,,,
2431.0,10.0,3.0,1090.63,0.91,0.9,0.91,0.01,0.1785
7935,5.0,1.0,,,,,,
5176.0,-3.0,3.0,,,,,,
,,,,,,,,
3848.0,5.0,4.0,,,,,,
7801,8.0,2.0,,,,,,
2789.0,5.0,1.0,1092.31,0.92,0.92,0.92,0.0,0.1658
2783.0,3.0,0.0,,,,,,
2971.0,3.0,1.0,,,,,,
,,,,,,,,
3392.0,0.0,1.0,,,,,,
2250.0,3.0,1.0,,,,,,
2943.0,3.0,0.0,1096.38,0.96,0.96,0.96,0.0,0.1284
0.0,3.0,0.0,,,,,,
8657,0.0,2.0,,,,,,
,,,,,,,,
-646.0,3.0,4.0,,,,,,
2021.0,3.0,1.0,1066.01,1.0,1.0,1.0,0.0,0.2242
8136,48.0,16.0,,,,,,
,,,,,,,,
4432.0,6.0,3.0,,,,,,
9735,6.0,0.0,,,,,,
2962.0,5.0,4.0,1097.87,0.98,0.98,0.98,0.0,0.1207
2961.0,0.0,0.0,,,,,,
1765.0,2.0,1.0,,,,,,
,,,,,,,,
9562,3.0,0.0,,,,,,
0.0,3.0,0.0,1082.88,0.98,0.98,0.98,0.0,0.0204
2738.0,0.0,0.0,,,,,,
,,,,,,,,
721.0,2.0,2.0,,,,,,
7935,8.0,2.0,,,,,,
0.0,6.0,0.0,1073.95,0.92,0.92,0.92,0.0,0.1549
5037.0,3.0,2.0,,,,,,
,,,,,,,,
9700,6.0,4.0,,,,,,
6903.0,6.0,2.0,,,,,,
-2626.0,9.0,0.0,1095.84,0.97,0.97,0.97,0.0,0.1503
2796.0,3.0,1.0,,,,,,
2506.0,17.0,8.0,,,,,,
,,,,,,,,
7404,3.0,0.0,,,,,,
4642.0,0.0,2.0,,,,,,
2563.0,5.0,0.0,1084.42,0.82,0.75,0.78,0.07,0.0996
0.0,3.0,0.0,,,,,,
2975.0,27.0,16.0,,,,,,
,,,,,,,,
3620.0,22.0,5.0,,,,,,
5633.0,6.0,0.0,,,,,,
7976,3.0,2.0,1094.81,0.91,0.9,0.91,0.01,0.0948
5364.0,0.0,0.0,,,,,,
2422.0,3.0,0.0,,,,,,
,,,,,,,,
7187.0,8.0,2.0,,,,,,
5058.0,7.0,1.0,,,,,,
5555.0,3.0,1.0,1096.8,0.98,0.98,0.98,0.0,0.1421
8349,0.0,0.0,,,,,,
2419.0,0.0,0.0,,,,,,
,,,,,,,,
0.0,5.0,0.0,,,,,,
373.0,3.0,3.0,,,,,,
2870.0,1.0,1.0,1080.72,1.0,1.0,1.0,0.0,0.1591
8840,25.0,16.0,,,,,,
,,,,,,,,
1816.0,5.0,0.0,,,,,,
-1947.0,6.0,0.0,,,,,,
8119,-1.0,1.0,1076.82,0.92,0.92,0.92,0.0,0.1139
5893.0,0.0,2.0,,,,,,
,,,,,,,,
8614,22.0,7.0,,,,,,
2823.0,3.0,3.0,,,,,,
2712.0,6.0,1.0,1073.92,0.99,1.0,0.99,0.01,0.228
2845.0,98.0,16.0,,,,,,
,,,,,,,,
5366.0,3.0,1.0,,,,,,
8561,3.0,4.0,,,,,,
5464.0,3.0,4.0,1095.44,0.96,0.97,0.96,0.01,0.1372
0.0,3.0,0.0,,,,,,
2964.0,12.0,6.0,,,,,,
,,,,,,,,
2235.0,3.0,3.0,,,,,,
4886.0,8.0,1.0,,,,,,
8467,0.0,0.0,1088.43,0.98,0.98,0.98,0.0,0.1095
598.0,2.0,0.0,,,,,,
,,,,,,,,
10076,12.0,0.0,,,,,,
7468.0,4.0,2.0,,,,,,
2548.0,3.0,2.0,1098.45,0.98,0.99,0.98,0.01,0.0991
5740.0,0.0,0.0,,,,,,
1591.0,0.0,0.0,,,,,,
,,,,,,,,
5268.0,23.0,5.0,,,,,,
6971.0,5.0,1.0,,,,,,
8260,10.0,3.0,1074.3,0.96,0.97,0.96,0.01,0.251
5565.0,98.0,16.0,,,,,,
,,,,,,,,
2924.0,0.0,3.0,,,,,,
7838,5.0,2.0,,,,,,
1383.0,5.0,0.0,1076.51,0.91,0.9,0.91,0.01,0.137
5821.0,3.0,4.0,,,,,,
,,,,,,,,
4076.0,3.0,1.0,,,,,,
2866.0,2.0,2.0,,,,,,
2886.0,6.0,0.0,1097.38,0.95,0.95,0.95,0.0,0.0973
8237,2.0,0.0,,,,,,
2965.0,3.0,0.0,,,,,,
,,,,,,,,
2819.0,6.0,2.0,,,,,,
2900.0,0.0,0.0,,,,,,
2777.0,3.0,0.0,1079.88,0.97,0.97,0.97,0.0,0.1076
9976,6.0,3.0,,,,,,
,,,,,,,,
5173.0,11.0,2.0,,,,,,
8363,5.0,1.0,,,,,,
5997.0,5.0,3.0,1094.8,0.97,0.97,0.97,0.0,0.1709
2579.0,7.0,0.0,,,,,,
5981.0,15.0,5.0,,,,,,
,,,,,,,,
8729,6.0,6.0,,,,,,
7551.0,8.0,1.0,,,,,,
0.0,8.0,0.0,1077.72,0.97,0.97,0.97,0.0,0.1899
2952.0,98.0,16.0,,,,,,
,,,,,,,,
1972.0,2.0,0.0,,,,,,
2321.0,0.0,0.0,,,,,,
9172,7.0,0.0,1101.06,0.98,0.98,0.98,0.0,0.0569
5635.0,2.0,2.0,,,,,,
0.0,4.0,0.0,,,,,,
,,,,,,,,
2664.0,0.0,1.0,,,,,,
3337.0,3.0,1.0,,,,,,
2983.0,2.0,1.0,1066.51,0.85,0.8,0.82,0.05,0.1696
7455,9.0,0.0,,,,,,
,,,,,,,,
8593,4.0,1.0,,,,,,
2056.0,3.0,1.0,1064.09,0.96,0.97,0.96,0.01,0.1915
5504.0,8.0,6.0,,,,,,
,,,,,,,,
0.0,8.0,0.0,,,,,,
4175.0,3.0,0.0,,,,,,
2416.0,7.0,1.0,1093.38,0.89,0.88,0.89,0.01,0.1014
7871,0.0,2.0,,,,,,
1557.0,9.0,0.0,,,,,,
,,,,,,,,
0.0,2.0,0.0,,,,,,
0.0,3.0,0.0,,,,,,
9386,3.0,2.0,1078.68,0.97,0.97,0.97,0.0,0.1398
4159.0,54.0,16.0,,,,,,
,,,,,,,,
7625,7.0,0.0,,,,,,
7375.0,3.0,3.0,,,,,,
6527.0,11.0,2.0,1075.39,0.88,0.86,0.87,0.02,0.1309
2963.0,5.0,10.0,,,,,,
,,,,,,,,
10231,4.0,1.0,,,,,,
5437.0,9.0,1.0,,,,,,
5024.0,7.0,2.0,1092.28,0.97,0.98,0.97,0.01,0.2114
5872.0,5.0,3.0,,,,,,
4529.0,24.0,6.0,,,,,,
,,,,,,,,
9322,8.0,2.0,,,,,,
7022.0,4.0,1.0,,,,,,
4461.0,4.0,1.0,1076.81,0.97,0.98,0.97,0.01,0.209
1162.0,2.0,3.0,,,,,,
,,,,,,,,
2808.0,6.0,0.0,,,,,,
4832.0,6.0,1.0,,,,,,
7886,0.0,1.0,1075.16,0.89,0.88,0.89,0.01,0.1217
0.0,3.0,0.0,,,,,,
,,,,,,,,
2270.0,1.0,1.0,,,,,,
1318.0,3.0,2.0,,,,,,
8380,10.0,0.0,1097.23,0.98,0.98,0.98,0.0,0.1334
2556.0,3.0,1.0,,,,,,
0.0,2.0,0.0,,,,,,
,,,,,,,,
8205,9.0,5.0,,,,,,
2737.0,5.0,5.0,,,,,,
2575.0,3.0,2.0,1095.25,0.94,0.95,0.94,0.01,0.119
1191.0,1.0,0.0,,,,,,
5325.0,15.0,9.0,,,,,,
,,,,,,,,
8157,10.0,4.0,,,,,,
6836.0,3.0,3.0,,,,,,
5468.0,5.0,1.0,1089.94,0.94,0.94,0.94,0.0,0.2352
2576.0,8.0,1.0,,,,,,
2874.0,96.0,16.0,,,,,,
,,,,,,,,
2763.0,4.0,1.0,,,,,,
0.0,6.0,0.0,,,,,,
2453.0,3.0,4.0,1094.66,0.96,0.97,0.96,0.01,0.1527
2093.0,5.0,2.0,,,,,,
8575,4.0,3.0,,,,,,
,,,,,,,,
8046,2.0,3.0,,,,,,
2522.0,3.0,3.0,,,,,,
2985.0,2.0,0.0,1095.46,0.93,0.93,0.93,0.0,0.1138
2347.0,0.0,1.0,,,,,,
1309.0,0.0,0.0,,,,,,
,,,,,,,,
6676.0,7.0,1.0,,,,,,
5162.0,0.0,0.0,,,,,,
0.0,6.0,0.0,1082.88,0.82,0.74,0.78,0.08,0.1204
7423,3.0,0.0,,,,,,
2958.0,42.0,16.0,,,,,,
,,,,,,,,
2852.0,3.0,0.0,,,,,,
10264,0.0,0.0,1079.63,0.98,0.98,0.98,0.0,0.0853
2953.0,0.0,1.0,,,,,,
,,,,,,,,
5237.0,15.0,1.0,,,,,,
5722.0,9.0,1.0,,,,,,
4689.0,12.0,2.0,1092.57,0.96,0.97,0.96,0.01,0.1947
4887.0,6.0,0.0,,,,,,
8567,3.0,2.0,,,,,,
,,,,,,,,
4182.0,7.0,2.0,,,,,,
324.0,5.0,2.0,,,,,,
7757,6.0,1.0,1092.75,0.92,0.91,0.92,0.01,0.1471
0.0,3.0,0.0,,,,,,
2990.0,9.0,8.0,,,,,,
,,,,,,,,
0.0,4.0,0.0,,,,,,
6432.0,0.0,0.0,,,,,,
901.0,0.0,0.0,1087.0,0.82,0.73,0.77,0.09,0.017
7558.0,3,0.0,,,,,,
3470.0,0.0,0.0,,,,,,
,,,,,,,,
411.0,6.0,5.0,,,,,,
10164,0.0,2.0,,,,,,
2998.0,4.0,2.0,1097.8,0.97,0.97,0.97,0.0,0.1109
0.0,3.0,0.0,,,,,,
2951.0,3.0,0.0,,,,,,
,,,,,,,,
2839.0,11.0,3.0,,,,,,
5147.0,2.0,0.0,,,,,,
2644.0,3.0,2.0,1095.58,0.97,0.97,0.97,0.0,0.1554
8652,6.0,4.0,,,,,,
5837.0,8.0,3.0,,,,,,
,,,,,,,,
8838,12.0,3.0,,,,,,
2628.0,6.0,0.0,,,,,,
0.0,2.0,0.0,1082.33,0.98,0.98,0.98,0.0,0.0955
2992.0,15.0,7.0,,,,,,
,,,,,,,,
3628.0,6.0,3.0,,,,,,
2943.0,0.0,0.0,,,,,,
5822.0,5.0,0.0,1096.16,0.96,0.97,0.96,0.01,0.1229
9002,3.0,2.0,,,,,,
2952.0,6.0,3.0,,,,,,
,,,,,,,,
3493.0,5.0,4.0,,,,,,
8505,3.0,5.0,,,,,,
5135.0,8.0,5.0,1094.44,0.96,0.97,0.96,0.01,0.1571
5336.0,6.0,5.0,,,,,,
7544.0,6.0,3.0,,,,,,
,,,,,,,,
5449.0,7.0,3.0,,,,,,
2700.0,3.0,1.0,,,,,,
0.0,6.0,0.0,1077.94,1.0,1.0,1.0,0.0,0.1849
8259,45.0,16.0,,,,,,
,,,,,,,,
673.0,0.0,0.0,,,,,,
3561.0,0.0,0.0,,,,,,
5351.0,0.0,0.0,1099.94,0.93,0.92,0.93,0.01,0.0143
-1217.0,1.0,0.0,,,,,,
7765,3.0,0.0,,,,,,
,,,,,,,,
10005,9.0,6.0,,,,,,
4979.0,0.0,0.0,,,,,,
2247.0,6.0,1.0,1079.69,0.97,0.98,0.97,0.01,0.126
2981.0,9.0,13.0,,,,,,
,,,,,,,,
6603.0,13.0,4.0,,,,,,
3578.0,12.0,3.0,,,,,,
4825.0,11.0,0.0,1095.13,0.96,0.96,0.96,0.0,0.1534
5431.0,11.0,7.0,,,,,,
8453,0.0,2.0,,,,,,
,,,,,,,,
5273.0,0.0,1.0,,,,,,
0.0,6.0,0.0,,,,,,
1440.0,5.0,3.0,1070.13,0.85,0.83,0.84,0.02,0.1614
7639,15.0,2.0,,,,,,
,,,,,,,,
9380,9.0,4.0,,,,,,
0.0,6.0,0.0,1067.81,0.97,0.98,0.97,0.01,0.1506
3286.0,27.0,16.0,,,,,,
,,,,,,,,
7316.0,4.0,1.0,,,,,,
9870,0.0,3.0,,,,,,
3892.0,6.0,0.0,1097.99,0.97,0.97,0.97,0.0,0.1073
0.0,3.0,0.0,,,,,,
4895.0,9.0,9.0,,,,,,
,,,,,,,,
1192.0,0.0,2.0,,,,,,
9251,4.0,1.0,,,,,,
3648.0,5.0,0.0,1097.37,0.97,0.97,0.97,0.0,0.1196
0.0,3.0,0.0,,,,,,
6756.0,6.0,5.0,,,,,,
,,,,,,,,
2908.0,6.0,3.0,,,,,,
8288,2.0,1.0,,,,,,
0.0,3.0,0.0,1076.84,0.95,0.96,0.95,0.01,0.1542
2975.0,15.0,16.0,,,,,,
,,,,,,,,
5407.0,11.0,2.0,,,,,,
8437,3.0,1.0,,,,,,
4528.0,3.0,0.0,1096.32,0.96,0.97,0.96,0.01,0.1196
0.0,3.0,0.0,,,,,,
5818.0,6.0,7.0,,,,,,
,,,,,,,,
9568,8.0,10.0,,,,,,
4688.0,0.0,5.0,,,,,,
4796.0,11.0,0.0,1095.38,0.99,1.0,0.99,0.01,0.1715
4516.0,6.0,1.0,,,,,,
5217.0,98.0,16.0,,,,,,
,,,,,,,,
8878,11.0,7.0,,,,,,
5939.0,2.0,1.0,,,,,,
2486.0,5.0,0.0,1098.23,0.98,0.98,0.98,0.0,0.1134
2696.0,0.0,2.0,,,,,,
2953.0,0.0,0.0,,,,,,
,,,,,,,,
8245,3.0,1.0,,,,,,
2076.0,5.0,0.0,1059.87,0.93,0.93,0.93,0.0,0.1268
,,,,,,,,
8153,5.0,1.0,,,,,,
0.0,7.0,0.0,,,,,,
2190.0,3.0,1.0,1074.64,0.93,0.94,0.94,0.01,0.1953
3588.0,48.0,16.0,,,,,,
,,,,,,,,
8096,10.0,1.0,,,,,,
2808.0,5.0,3.0,,,,,,
973.0,6.0,0.0,1075.2,0.94,0.94,0.94,0.0,0.1682
2976.0,21.0,16.0,,,,,,
,,,,,,,,
1791.0,3.0,2.0,,,,,,
5065.0,4.0,4.0,,,,,,
6454.0,5.0,4.0,1079.52,0.97,0.97,0.97,0.0,0.138
8283,5.0,0.0,,,,,,
,,,,,,,,
0.0,5.0,0.0,,,,,,
8418,7.0,2.0,,,,,,
2625.0,3.0,2.0,1096.91,0.97,0.97,0.97,0.0,0.1289
1040.0,10.0,2.0,,,,,,
2990.0,0.0,0.0,,,,,,
,,,,,,,,
1817.0,14.0,4.0,,,,,,
2963.0,13.0,0.0,,,,,,
8891,9.0,5.0,1074.34,0.97,0.98,0.97,0.01,0.1756
-716.0,49.0,16.0,,,,,,
,,,,,,,,
2852.0,6.0,0.0,,,,,,
7556,58.0,16.0,1058.13,1.0,1.0,1.0,0.0,0.1911
,,,,,,,,
2657.0,3.0,3.0,,,,,,
10120,9.0,3.0,,,,,,
5139.0,7.0,0.0,1075.25,0.97,0.98,0.97,0.01,0.1916
2868.0,69.0,16.0,,,,,,
,,,,,,,,
1822.0,14.0,0.0,,,,,,
8955,3.0,0.0,,,,,,
2923.0,6.0,1.0,1094.96,0.98,0.98,0.98,0.0,0.1789
5444.0,6.0,1.0,,,,,,
3951.0,66.0,16.0,,,,,,
,,,,,,,,
1470.0,6.0,1.0,,,,,,
8121,0.0,2.0,1060.64,0.92,0.92,0.92,0.0,0.2524
2964.0,63.0,16.0,,,,,,
,,,,,,,,
8614,8.0,3.0,,,,,,
4867.0,12.0,2.0,,,,,,
1741.0,4.0,4.0,1091.82,0.97,0.98,0.97,0.01,0.2207
5324.0,5.0,2.0,,,,,,
5080.0,50.0,16.0,,,,,,
,,,,,,,,
2784.0,6.0,10.0,,,,,,
1534.0,2.0,4.0,,,,,,
9298,10.0,2.0,1077.83,0.97,0.98,0.97,0.01,0.1374
5692.0,9.0,12.0,,,,,,
,,,,,,,,
8146,0.0,0.0,,,,,,
2760.0,6.0,2.0,1062.92,0.94,0.95,0.94,0.01,0.1963
5915.0,86.0,16.0,,,,,,
,,,,,,,,
2161.0,0.0,1.0,,,,,,
8070,2.0,2.0,,,,,,
5590.0,6.0,1.0,1093.72,0.93,0.93,0.93,0.0,0.1487
0.0,3.0,0.0,,,,,,
5412.0,9.0,8.0,,,,,,
,,,,,,,,
3953.0,14.0,1.0,,,,,,
8914,3.0,1.0,,,,,,
0.0,5.0,0.0,1095.65,0.96,0.97,0.96,0.01,0.133
0.0,3.0,0.0,,,,,,
4516.0,12.0,14.0,,,,,,
,,,,,,,,
6467.0,16.0,1.0,,,,,,
8037,5.0,2.0,,,,,,
1619.0,5.0,2.0,1091.12,0.93,0.94,0.94,0.01,0.2016
4179.0,3.0,1.0,,,,,,
5816.0,14.0,8.0,,,,,,
,,,,,,,,
5446.0,8.0,3.0,,,,,,
9924,5.0,2.0,,,,,,
5861.0,8.0,2.0,1096.1,0.97,0.97,0.97,0.0,0.1451
0.0,6.0,0.0,,,,,,
2989.0,9.0,9.0,,,,,,
,,,,,,,,
4729.0,4.0,1.0,,,,,,
1719.0,3.0,0.0,,,,,,
2553.0,8.0,1.0,1076.29,0.93,0.92,0.93,0.01,0.1255
8020,3.0,0.0,,,,,,
,,,,,,,,
4990.0,11.0,0.0,,,,,,
9678,0.0,0.0,,,,,,
2448.0,4.0,0.0,1080.25,0.98,0.98,0.98,0.0,0.0949
2907.0,36.0,16.0,,,,,,
,,,,,,,,
8467,17.0,2.0,,,,,,
5697.0,3.0,2.0,,,,,,
1036.0,10.0,2.0,1093.26,0.98,0.99,0.98,0.01,0.2029
2587.0,3.0,0.0,,,,,,
5820.0,53.0,16.0,,,,,,
,,,,,,,,
0.0,7.0,0.0,,,,,,
3606.0,1.0,0.0,,,,,,
8928,5.0,1.0,1083.06,0.97,0.97,0.97,0.0,0.0767
4577.0,4.0,0.0,,,,,,
,,,,,,,,
1869.0,-1.0,1.0,,,,,,
8247,3.0,1.0,1065.85,0.93,0.93,0.93,0.0,0.1552
7170.0,3.0,0.0,,,,,,
,,,,,,,,
1795.0,4.0,1.0,,,,,,
3565.0,3.0,5.0,1058.45,0.84,0.8,0.82,0.04,0.14
7320.0,6,10.0,,,,,,
,,,,,,,,
1972.0,6.0,2.0,,,,,,
131.0,3.0,1.0,,,,,,
5625.0,3.0,3.0,1070.84,0.89,0.88,0.89,0.01,0.1986
7769,0.0,1.0,,,,,,
,,,,,,,,
2738.0,7.0,1.0,,,,,,
7653.0,4,3.0,,,,,,
4334.0,3.0,2.0,1062.18,0.8,0.71,0.76,0.09,0.176
2987.0,6.0,7.0,,,,,,
,,,,,,,,
2619.0,9.0,2.0,,,,,,
8161,1.0,1.0,1065.23,0.92,0.93,0.93,0.01,0.1494
2900.0,2.0,0.0,,,,,,
,,,,,,,,
4042.0,16.0,9.0,,,,,,
5463.0,10.0,1.0,,,,,,
4257.0,9.0,4.0,1075.65,0.95,0.96,0.95,0.01,0.1629
8291,6.0,6.0,,,,,,
,,,,,,,,
2841.0,0.0,0.0,,,,,,
8655,10.0,1.0,1067.18,0.97,0.98,0.97,0.01,0.1543
2973.0,27.0,14.0,,,,,,
,,,,,,,,
2885.0,13.0,2.0,,,,,,
8250,2.0,1.0,,,,,,
4601.0,5.0,1.0,1092.34,0.93,0.93,0.93,0.0,0.1763
2202.0,7.0,0.0,,,,,,
5409.0,3.0,3.0,,,,,,
,,,,,,,,
7785,7.0,2.0,,,,,,
2414.0,4.0,1.0,,,,,,
2898.0,4.0,1.0,1081.87,0.92,0.91,0.92,0.01,0.1647
3071.0,0.0,0.0,,,,,,
,,,,,,,,
4910.0,-1.0,2.0,,,,,,
8171,9.0,1.0,,,,,,
5792.0,1.0,1.0,1093.08,0.94,0.94,0.94,0.0,0.1724
2738.0,0.0,1.0,,,,,,
0.0,2.0,0.0,,,,,,
,,,,,,,,
7694,11.0,3.0,,,,,,
6473.0,7.0,2.0,,,,,,
6982.0,3.0,3.0,1089.32,0.88,0.87,0.88,0.01,0.1715
2326.0,10.0,1.0,,,,,,
1861.0,3.0,0.0,,,,,,
,,,,,,,,
0.0,5.0,0.0,,,,,,
4758.0,11.0,1.0,,,,,,
8999,3.0,3.0,1075.51,0.96,0.97,0.96,0.01,0.1538
5040.0,21.0,13.0,,,,,,
,,,,,,,,
2715.0,16.0,9.0,,,,,,
9550,5.0,5.0,,,,,,
5457.0,9.0,3.0,1092.76,0.97,0.98,0.97,0.01,0.2018
6402.0,5.0,2.0,,,,,,
5288.0,64.0,16.0,,,,,,
,,,,,,,,
8035,9.0,0.0,,,,,,
2520.0,5.0,1.0,,,,,,
0.0,3.0,0.0,1098.32,0.96,0.96,0.96,0.0,0.0896
0.0,5.0,0.0,,,,,,
2977.0,3.0,4.0,,,,,,
,,,,,,,,
5654.0,10.0,1.0,,,,,,
5752.0,7.0,2.0,,,,,,
8638,7.0,3.0,1095.72,0.97,0.97,0.97,0.0,0.1527
3321.0,6.0,0.0,,,,,,
5587.0,6.0,9.0,,,,,,
,,,,,,,,
8377,3.0,2.0,,,,,,
0.0,3.0,0.0,1068.75,0.96,0.97,0.96,0.01,0.1901
2919.0,84.0,16.0,,,,,,
,,,,,,,,
2900.0,8.0,6.0,,,,,,
9025,5.0,0.0,,,,,,
2306.0,5.0,5.0,1096.29,0.98,0.98,0.98,0.0,0.1522
5021.0,3.0,1.0,,,,,,
2981.0,27.0,16.0,,,,,,
,,,,,,,,
2327.0,24.0,3.0,,,,,,
8052,1.0,0.0,,,,,,
1523.0,11.0,1.0,1072.18,0.94,0.95,0.94,0.01,0.2104
4686.0,57.0,16.0,,,,,,
,,,,,,,,
2342.0,5.0,0.0,,,,,,
3952.0,6.0,1.0,,,,,,
7981,8.0,1.0,1090.26,0.92,0.92,0.92,0.0,0.2069
2850.0,3.0,1.0,,,,,,
2906.0,54.0,16.0,,,,,,
,,,,,,,,
2418.0,5.0,3.0,,,,,,
7321.0,7.0,4.0,,,,,,
9842,14.0,5.0,1096.34,0.98,0.98,0.98,0.0,0.1513
5120.0,8.0,5.0,,,,,,
5309.0,6.0,10.0,,,,,,
,,,,,,,,
2027.0,5.0,3.0,,,,,,
5854.0,3.0,0.0,,,,,,
7631,6.0,0.0,1089.62,0.88,0.85,0.86,0.03,0.1237
2046.0,8.0,0.0,,,,,,
5330.0,55.0,16.0,,,,,,
,,,,,,,,
9814,7.0,5.0,,,,,,
2378.0,24.0,3.0,,,,,,
4148.0,4.0,0.0,1095.43,0.97,0.98,0.97,0.01,0.1484
7342.0,10.0,3.0,,,,,,
5084.0,9.0,12.0,,,,,,
,,,,,,,,
4613.0,10.0,7.0,,,,,,
6750.0,4.0,1.0,1064.62,0.96,0.95,0.95,0.01,0.1869
7075,15.0,16.0,,,,,,
,,,,,,,,
3328.0,14.0,3.0,,,,,,
8793,3.0,4.0,,,,,,
6210.0,6.0,0.0,1093.96,0.96,0.97,0.96,0.01,0.1668
2650.0,3.0,1.0,,,,,,
5268.0,0.0,1.0,,,,,,
,,,,,,,,
3155.0,16.0,1.0,,,,,,
2498.0,0.0,1.0,,,,,,
9752,4.0,2.0,1092.4,0.97,0.97,0.97,0.0,0.2189
1672.0,2.0,2.0,,,,,,
2961.0,24.0,3.0,,,,,,
,,,,,,,,
7998,22.0,2.0,,,,,,
2680.0,8.0,3.0,,,,,,
0.0,3.0,0.0,1071.65,0.94,0.95,0.94,0.01,0.2049
4109.0,78.0,16.0,,,,,,
,,,,,,,,
4133.0,29.0,6.0,,,,,,
9752,13.0,3.0,,,,,,
1589.0,3.0,1.0,1073.06,0.98,0.98,0.98,0.0,0.2469
4837.0,84.0,16.0,,,,,,
,,,,,,,,
7871,10.0,3.0,,,,,,
5384.0,0.0,0.0,,,,,,
1089.0,8.0,2.0,1092.92,0.92,0.91,0.92,0.01,0.1437
0.0,3.0,0.0,,,,,,
2988.0,39.0,16.0,,,,,,
,,,,,,,,
0.0,3.0,0.0,,,,,,
0.0,5.0,0.0,,,,,,
1943.0,3.0,1.0,1097.61,0.96,0.97,0.96,0.01,0.0939
9466,0.0,1.0,,,,,,
0.0,3.0,0.0,,,,,,
,,,,,,,,
183.0,3.0,1.0,,,,,,
2851.0,3.0,2.0,,,,,,
8562,8.0,1.0,1095.33,0.97,0.98,0.97,0.01,0.1505
0.0,3.0,0.0,,,,,,
2962.0,9.0,12.0,,,,,,
,,,,,,,,
2650.0,15.0,6.0,,,,,,
7022.0,2.0,3.0,,,,,,
2378.0,10.0,1.0,1093.88,0.98,0.98,0.98,0.0,0.2004
9432,14.0,3.0,,,,,,
4662.0,18.0,16.0,,,,,,
,,,,,,,,
8177,14.0,3.0,,,,,,
2887.0,5.0,2.0,,,,,,
2523.0,3.0,1.0,1073.0,0.95,0.96,0.95,0.01,0.2079
2982.0,15.0,16.0,,,,,,
,,,,,,,,
1823.0,3.0,0.0,,,,,,
8746,7.0,1.0,,,,,,
5194.0,13.0,1.0,1079.26,0.97,0.97,0.97,0.0,0.1498
2950.0,8.0,11.0,,,,,,
,,,,,,,,
2844.0,6.0,3.0,,,,,,
8108,0.0,5.0,,,,,,
5219.0,10.0,0.0,1092.45,0.93,0.93,0.93,0.0,0.174
2802.0,3.0,3.0,,,,,,
2980.0,61.0,16.0,,,,,,
,,,,,,,,
2732.0,0.0,2.0,,,,,,
4562.0,0.0,2.0,,,,,,
9322,5.0,1.0,1075.86,0.97,0.97,0.97,0.0,0.2004
3575.0,13.0,16.0,,,,,,
,,,,,,,,
7937,10.0,1.0,,,,,,
4388.0,12.0,2.0,1063.56,0.92,0.91,0.92,0.01,0.1827
5927.0,15.0,0.0,,,,,,
,,,,,,,,
8573,9.0,7.0,,,,,,
2522.0,6.0,2.0,,,,,,
4110.0,3.0,0.0,1098.28,0.97,0.98,0.97,0.01,0.0914
0.0,3.0,0.0,,,,,,
2928.0,6.0,7.0,,,,,,
,,,,,,,,
2830.0,2.0,1.0,,,,,,
8409,3.0,4.0,,,,,,
0.0,5.0,0.0,1095.78,0.96,0.97,0.96,0.01,0.1304
0.0,3.0,0.0,,,,,,
2993.0,30.0,16.0,,,,,,
,,,,,,,,
3899.0,10.0,5.0,,,,,,
8555,7.0,3.0,,,,,,
324.0,6.0,3.0,1092.99,0.97,0.97,0.97,0.0,0.2072
6934.0,7.0,2.0,,,,,,
2982.0,44.0,16.0,,,,,,
,,,,,,,,
1533.0,0.0,1.0,,,,,,
8164,3.0,0.0,1066.68,0.95,0.96,0.95,0.01,0.1545
2977.0,23.0,16.0,,,,,,
,,,,,,,,
2782.0,5.0,4.0,,,,,,
3610.0,6.0,2.0,,,,,,
3657.0,5.0,3.0,1096.07,0.98,0.98,0.98,0.0,0.1566
6296.0,0.0,1.0,,,,,,
9417,2.0,0.0,,,,,,
,,,,,,,,
139.0,5.0,0.0,,,,,,
5805.0,6.0,2.0,,,,,,
5110.0,10.0,0.0,1096.48,1.0,1.0,1.0,0.0,0.1705
5358.0,5.0,2.0,,,,,,
8111,98.0,16.0,,,,,,
,,,,,,,,
8021,2.0,4.0,,,,,,
1043.0,3.0,1.0,,,,,,
0.0,3.0,0.0,1079.47,0.91,0.89,0.9,0.02,0.1806
2980.0,69.0,16.0,,,,,,
,,,,,,,,
4163.0,1.0,2.0,,,,,,
8125,0.0,1.0,,,,,,
2976.0,1.0,0.0,1075.71,0.92,0.92,0.92,0.0,0.155
2517.0,0.0,1.0,,,,,,
,,,,,,,,
8148,2.0,1.0,,,,,,
2635.0,6.0,1.0,,,,,,
2455.0,3.0,0.0,1077.97,0.93,0.93,0.93,0.0,0.1398
5582.0,8.0,11.0,,,,,,
,,,,,,,,
0.0,6.0,0.0,,,,,,
0.0,1.0,0.0,,,,,,
1691.0,5.0,0.0,1099.56,0.97,0.98,0.97,0.01,0.0658
2787.0,3.0,3.0,,,,,,
8313,6.0,7.0,,,,,,
,,,,,,,,
5088.0,0.0,2.0,,,,,,
8629,2.0,0.0,,,,,,
2264.0,6.0,2.0,1096.0,0.98,0.98,0.98,0.0,0.158
0.0,5.0,0.0,,,,,,
2959.0,98.0,16.0,,,,,,
,,,,,,,,
5811.0,3.0,3.0,,,,,,
5673.0,11.0,0.0,,,,,,
1710.0,2.0,4.0,1083.74,0.98,0.98,0.98,0.0,0.1025
8322,3.0,0.0,,,,,,
,,,,,,,,
2881.0,3.0,3.0,,,,,,
5418.0,4.0,0.0,,,,,,
0.0,3.0,0.0,1088.42,0.85,0.82,0.83,0.03,0.1147
5553.0,3.0,2.0,,,,,,
7710,4.0,4.0,,,,,,
,,,,,,,,
8201,6.0,0.0,,,,,,
2048.0,0.0,0.0,1073.49,0.95,0.96,0.95,0.01,0.0204
0.0,2.0,0.0,,,,,,
,,,,,,,,
2626.0,0.0,2.0,,,,,,
7701,3.0,0.0,,,,,,
0.0,3.0,0.0,1071.68,0.89,0.86,0.88,0.03,0.1454
4582.0,81.0,16.0,,,,,,
,,,,,,,,
2418.0,14.0,3.0,,,,,,
4516.0,6.0,3.0,,,,,,
1331.0,1.0,2.0,1093.02,0.96,0.97,0.96,0.01,0.1855
8268,9.0,5.0,,,,,,
5808.0,3.0,2.0,,,,,,
,,,,,,,,
2894.0,3.0,0.0,,,,,,
5168.0,6.0,1.0,,,,,,
8083,3.0,0.0,1078.69,0.95,0.96,0.95,0.01,0.0995
2987.0,10.0,7.0,,,,,,
,,,,,,,,
7550,8.0,0.0,,,,,,
6122.0,3.0,2.0,1055.77,0.85,0.8,0.82,0.05,0.1844
2848.0,45.0,16.0,,,,,,
,,,,,,,,
2898.0,8.0,0.0,,,,,,
2777.0,5.0,2.0,,,,,,
8639,3.0,0.0,1083.05,0.98,0.98,0.98,0.0,0.073
2950.0,3.0,0.0,,,,,,
,,,,,,,,
10256,9.0,3.0,,,,,,
2615.0,3.0,1.0,,,,,,
0.0,5.0,0.0,1099.37,0.98,0.98,0.98,0.0,0.0906
1726.0,0.0,0.0,,,,,,
-733.0,2.0,0.0,,,,,,
,,,,,,,,
8137,4.0,3.0,,,,,,
6974.0,10.0,3.0,,,,,,
5751.0,4.0,5.0,1078.34,0.93,0.94,0.94,0.01,0.1372
5095.0,0.0,0.0,,,,,,
,,,,,,,,
5278.0,2.0,3.0,,,,,,
8187,5.0,0.0,1066.7,0.95,0.96,0.95,0.01,0.1392
5727.0,12.0,16.0,,,,,,
,,,,,,,,
7205.0,14.0,3.0,,,,,,
8804,5.0,0.0,,,,,,
3072.0,0.0,0.0,1098.88,0.98,0.98,0.98,0.0,0.1005
2707.0,8.0,2.0,,,,,,
3193.0,3.0,0.0,,,,,,
,,,,,,,,
4701.0,17.0,5.0,,,,,,
7332,10.0,0.0,,,,,,
318.0,6.0,1.0,1065.27,0.83,0.78,0.8,0.05,0.1492
2925.0,3.0,4.0,,,,,,
,,,,,,,,
2507.0,5.0,3.0,,,,,,
8078,6.0,1.0,1061.38,0.93,0.94,0.94,0.01,0.2367
2915.0,44.0,16.0,,,,,,
,,,,,,,,
3361.0,2.0,4.0,,,,,,
8544,10.0,2.0,,,,,,
0.0,6.0,0.0,1096.93,0.97,0.98,0.97,0.01,0.1184
4604.0,0.0,2.0,,,,,,
2966.0,0.0,0.0,,,,,,
