FunctionalAssessment,ADL,MMSE,Reward,Group 1 Proportion (Equal Effectiveness),Group 2 Proportion (Equal Effectiveness),Average Success Rate (Equal Effectiveness),Proportions Difference (Equal Effectiveness),Nb Actions for Group 1 (Equal Choice for Recourse),Nb Actions for Group 2 (Equal Choice for Recourse),Average Number of Actions (Equal Choice for Recourse),Difference in Number of Actions (Equal Choice for Recourse),Mean Gower Distance
10.0,1.4537,6.9732,,,,,,,,,,
1.6272,-0.0628,0.9149,10203.48,0.8,0.75,0.78,0.05,1.0,1.0,1.0,0.0,0.165
0.5895,-3.4033,0.1324,,,,,,,,,,
,,,,,,,,,,,,
2.3676,0.0,0.0,,,,,,,,,,
0.296,0.0,0.0,,,,,,,,,,
0.0,0.0,0.8953,10262.37,0.84,0.75,0.79,0.09,1.0,1.0,1.0,0.0,0.0763
0.2988,0.5932,18.7747,,,,,,,,,,
,,,,,,,,,,,,
10.0,1.1961,4.4911,,,,,,,,,,
0.5947,0.2975,0.8986,10235.63,0.88,0.81,0.84,0.07,1.0,1.0,1.0,0.0,0.1637
0.0,0.297,14.0256,,,,,,,,,,
,,,,,,,,,,,,
3.5272,0.5635,1.786,,,,,,,,,,
0.4432,1.1614,14.9043,10202.44,0.84,0.75,0.79,0.09,1.0,1.0,1.0,0.0,0.1756
,,,,,,,,,,,,
2.3576,0.8844,1.7758,,,,,,,,,,
0.0,0.0,0.8971,,,,,,,,,,
0.0,0.2969,4.4373,10264.04,0.84,0.78,0.81,0.06,1.0,1.0,1.0,0.0,0.1096
1.1523,0.8924,18.5737,,,,,,,,,,
,,,,,,,,,,,,
2.3746,0.2947,0.0,,,,,,,,,,
0.0,0.0,0.8894,10234.14,0.84,0.75,0.79,0.09,1.0,1.0,1.0,0.0,0.1086
0.0,1.7112,18.0691,,,,,,,,,,
,,,,,,,,,,,,
1.4723,0.299,0.8764,,,,,,,,,,
0.0,0.0,0.8557,10241.34,0.76,0.75,0.76,0.01,1.0,1.0,1.0,0.0,0.0866
0.0,0.0641,18.6193,,,,,,,,,,
,,,,,,,,,,,,
1.1859,0.297,0.0,,,,,,,,,,
0.2953,1.0298,18.8102,10205.86,0.84,0.75,0.79,0.09,1.0,1.0,1.0,0.0,0.1374
,,,,,,,,,,,,
10.0,1.9895,-0.7427,,,,,,,,,,
-0.5501,-0.2887,-0.7502,10197.03,0.72,0.81,0.77,0.09,1.0,1.0,1.0,0.0,0.1563
,,,,,,,,,,,,
9.6551,1.9242,0.0,,,,,,,,,,
0.2503,0.0,0.0,10204.9,0.72,0.78,0.75,0.06,1.0,1.0,1.0,0.0,0.1376
,,,,,,,,,,,,
9.313,1.8729,0.0,10167.53,0.72,0.78,0.75,0.06,1.0,1.0,1.0,0.0,0.2647
,,,,,,,,,,,,
8.8365,1.7264,2.6012,10159.88,0.8,0.72,0.76,0.08,1.0,1.0,1.0,0.0,0.2874
,,,,,,,,,,,,
10.0,1.9303,0.8888,,,,,,,,,,
0.0,0.0,0.576,10210.44,0.76,0.78,0.77,0.02,1.0,1.0,1.0,0.0,0.1418
,,,,,,,,,,,,
10.0,2.0543,0.0,10166.9,0.72,0.78,0.75,0.06,1.0,1.0,1.0,0.0,0.271
,,,,,,,,,,,,
10.0,2.049,1.2834,,,,,,,,,,
0.1594,0.0,0.7043,10208.55,0.76,0.78,0.77,0.02,1.0,1.0,1.0,0.0,0.1491
,,,,,,,,,,,,
10.0,2.073,0.0,,,,,,,,,,
0.2985,0.0,0.0,10204.93,0.72,0.78,0.75,0.06,1.0,1.0,1.0,0.0,0.1407
,,,,,,,,,,,,
10.0,1.9535,0.888,,,,,,,,,,
0.2453,0.227,0.0,10209.79,0.76,0.78,0.77,0.02,1.0,1.0,1.0,0.0,0.1468
,,,,,,,,,,,,
0.0,0.0,18.8337,10174.64,0.8,0.72,0.76,0.08,1.0,1.0,1.0,0.0,0.1836
,,,,,,,,,,,,
0.0,0.0,19.6568,10183.16,0.8,0.78,0.79,0.02,1.0,1.0,1.0,0.0,0.1884
,,,,,,,,,,,,
0.0,0.0,18.8153,10174.66,0.8,0.72,0.76,0.08,1.0,1.0,1.0,0.0,0.1834
,,,,,,,,,,,,
0.0,0.0,18.7936,10174.67,0.8,0.72,0.76,0.08,1.0,1.0,1.0,0.0,0.1833
,,,,,,,,,,,,
0.0,0.0,19.6238,10179.18,0.8,0.75,0.78,0.05,1.0,1.0,1.0,0.0,0.1882
,,,,,,,,,,,,
0.0,0.0,18.8064,10174.66,0.8,0.72,0.76,0.08,1.0,1.0,1.0,0.0,0.1834
,,,,,,,,,,,,
0.0,0.0,19.666,10183.15,0.8,0.78,0.79,0.02,1.0,1.0,1.0,0.0,0.1885
,,,,,,,,,,,,
0.0,0.0,19.6764,10183.15,0.8,0.78,0.79,0.02,1.0,1.0,1.0,0.0,0.1885
,,,,,,,,,,,,
0.0,0.0,19.6829,10183.14,0.8,0.78,0.79,0.02,1.0,1.0,1.0,0.0,0.1886
,,,,,,,,,,,,
0.0,0.0,18.8493,10174.63,0.8,0.72,0.76,0.08,1.0,1.0,1.0,0.0,0.1837
,,,,,,,,,,,,
0.0,0.0,19.6861,10183.14,0.8,0.78,0.79,0.02,1.0,1.0,1.0,0.0,0.1886
,,,,,,,,,,,,
0.0,0.0,19.6801,10183.14,0.8,0.78,0.79,0.02,1.0,1.0,1.0,0.0,0.1886
,,,,,,,,,,,,
0.0,0.2991,19.6782,10182.15,0.8,0.78,0.79,0.02,1.0,1.0,1.0,0.0,0.1985
,,,,,,,,,,,,
0.0,0.0,19.6651,10183.15,0.8,0.78,0.79,0.02,1.0,1.0,1.0,0.0,0.1885
,,,,,,,,,,,,
0.0,0.0,19.6745,10183.15,0.8,0.78,0.79,0.02,1.0,1.0,1.0,0.0,0.1885
,,,,,,,,,,,,
0.0,0.0,18.7935,10174.67,0.8,0.72,0.76,0.08,1.0,1.0,1.0,0.0,0.1833
,,,,,,,,,,,,
0.0,0.0,19.6626,10183.15,0.8,0.78,0.79,0.02,1.0,1.0,1.0,0.0,0.1885
,,,,,,,,,,,,
0.0,0.0,19.6671,10183.15,0.8,0.78,0.79,0.02,1.0,1.0,1.0,0.0,0.1885
,,,,,,,,,,,,
0.0,0.0,18.8495,10174.63,0.8,0.72,0.76,0.08,1.0,1.0,1.0,0.0,0.1837
,,,,,,,,,,,,
0.0,0.0,19.6824,10183.14,0.8,0.78,0.79,0.02,1.0,1.0,1.0,0.0,0.1886
,,,,,,,,,,,,
0.0,0.0,19.676,10183.15,0.8,0.78,0.79,0.02,1.0,1.0,1.0,0.0,0.1885
,,,,,,,,,,,,
0.0,0.0,18.8023,10174.67,0.8,0.72,0.76,0.08,1.0,1.0,1.0,0.0,0.1833
,,,,,,,,,,,,
0.0,0.0,18.7979,10174.67,0.8,0.72,0.76,0.08,1.0,1.0,1.0,0.0,0.1833
,,,,,,,,,,,,
0.0,0.0,19.6422,10183.17,0.8,0.78,0.79,0.02,1.0,1.0,1.0,0.0,0.1883
,,,,,,,,,,,,
0.0,0.0,18.7944,10174.67,0.8,0.72,0.76,0.08,1.0,1.0,1.0,0.0,0.1833
,,,,,,,,,,,,
0.0,0.0,18.8061,10174.66,0.8,0.72,0.76,0.08,1.0,1.0,1.0,0.0,0.1834
,,,,,,,,,,,,
0.0,0.0,19.6411,10183.17,0.8,0.78,0.79,0.02,1.0,1.0,1.0,0.0,0.1883
,,,,,,,,,,,,
0.0,0.0,18.8092,10174.66,0.8,0.72,0.76,0.08,1.0,1.0,1.0,0.0,0.1834
,,,,,,,,,,,,
0.0,0.2997,19.6729,10182.15,0.8,0.78,0.79,0.02,1.0,1.0,1.0,0.0,0.1985
,,,,,,,,,,,,
0.0,0.0,19.6881,10183.14,0.8,0.78,0.79,0.02,1.0,1.0,1.0,0.0,0.1886
,,,,,,,,,,,,
0.0,0.0,19.6866,10183.14,0.8,0.78,0.79,0.02,1.0,1.0,1.0,0.0,0.1886
,,,,,,,,,,,,
0.0,0.0,18.806,10174.66,0.8,0.72,0.76,0.08,1.0,1.0,1.0,0.0,0.1834
,,,,,,,,,,,,
0.0,0.0,19.6702,10183.15,0.8,0.78,0.79,0.02,1.0,1.0,1.0,0.0,0.1885
,,,,,,,,,,,,
0.0,0.2961,19.6658,10182.17,0.8,0.78,0.79,0.02,1.0,1.0,1.0,0.0,0.1983
,,,,,,,,,,,,
0.0,0.0,18.7938,10174.67,0.8,0.72,0.76,0.08,1.0,1.0,1.0,0.0,0.1833
,,,,,,,,,,,,
0.0,0.0,19.6171,10179.18,0.8,0.75,0.78,0.05,1.0,1.0,1.0,0.0,0.1882
,,,,,,,,,,,,
0.0,0.0,18.81,10174.66,0.8,0.72,0.76,0.08,1.0,1.0,1.0,0.0,0.1834
,,,,,,,,,,,,
0.0,0.0,18.8159,10174.66,0.8,0.72,0.76,0.08,1.0,1.0,1.0,0.0,0.1834
,,,,,,,,,,,,
0.0,0.0,18.8271,10174.65,0.8,0.72,0.76,0.08,1.0,1.0,1.0,0.0,0.1835
,,,,,,,,,,,,
0.0,0.0,19.6581,10183.16,0.8,0.78,0.79,0.02,1.0,1.0,1.0,0.0,0.1884
,,,,,,,,,,,,
0.0,0.0,18.8447,10174.64,0.8,0.72,0.76,0.08,1.0,1.0,1.0,0.0,0.1836
,,,,,,,,,,,,
0.0,0.0,18.7963,10174.67,0.8,0.72,0.76,0.08,1.0,1.0,1.0,0.0,0.1833
,,,,,,,,,,,,
0.0,0.0,18.8313,10174.65,0.8,0.72,0.76,0.08,1.0,1.0,1.0,0.0,0.1835
,,,,,,,,,,,,
0.0,0.0,18.837,10174.64,0.8,0.72,0.76,0.08,1.0,1.0,1.0,0.0,0.1836
,,,,,,,,,,,,
0.0,0.0,19.685,10183.14,0.8,0.78,0.79,0.02,1.0,1.0,1.0,0.0,0.1886
,,,,,,,,,,,,
0.0,0.0,19.6523,10183.16,0.8,0.78,0.79,0.02,1.0,1.0,1.0,0.0,0.1884
,,,,,,,,,,,,
0.0,0.0,18.8049,10174.66,0.8,0.72,0.76,0.08,1.0,1.0,1.0,0.0,0.1834
,,,,,,,,,,,,
0.0,0.0,19.6818,10183.14,0.8,0.78,0.79,0.02,1.0,1.0,1.0,0.0,0.1886
,,,,,,,,,,,,
0.0,0.0,19.6572,10183.16,0.8,0.78,0.79,0.02,1.0,1.0,1.0,0.0,0.1884
,,,,,,,,,,,,
0.0,0.0,19.6437,10183.16,0.8,0.78,0.79,0.02,1.0,1.0,1.0,0.0,0.1884
,,,,,,,,,,,,
0.0,0.0,18.8188,10174.65,0.8,0.72,0.76,0.08,1.0,1.0,1.0,0.0,0.1835
,,,,,,,,,,,,
0.0,0.0,18.8281,10174.65,0.8,0.72,0.76,0.08,1.0,1.0,1.0,0.0,0.1835
,,,,,,,,,,,,
0.0,0.0,18.8016,10174.67,0.8,0.72,0.76,0.08,1.0,1.0,1.0,0.0,0.1833
,,,,,,,,,,,,
0.0,0.0,18.8157,10174.66,0.8,0.72,0.76,0.08,1.0,1.0,1.0,0.0,0.1834
,,,,,,,,,,,,
0.0,0.0,18.8027,10174.66,0.8,0.72,0.76,0.08,1.0,1.0,1.0,0.0,0.1834
,,,,,,,,,,,,
0.0,0.0,18.8253,10174.65,0.8,0.72,0.76,0.08,1.0,1.0,1.0,0.0,0.1835
,,,,,,,,,,,,
0.0,0.0,18.8221,10174.65,0.8,0.72,0.76,0.08,1.0,1.0,1.0,0.0,0.1835
,,,,,,,,,,,,
0.0,0.0,18.8401,10174.64,0.8,0.72,0.76,0.08,1.0,1.0,1.0,0.0,0.1836
,,,,,,,,,,,,
0.0,0.0,19.6587,10183.16,0.8,0.78,0.79,0.02,1.0,1.0,1.0,0.0,0.1884
,,,,,,,,,,,,
0.0,0.0,18.8193,10174.65,0.8,0.72,0.76,0.08,1.0,1.0,1.0,0.0,0.1835
,,,,,,,,,,,,
0.0,0.0,18.8433,10174.64,0.8,0.72,0.76,0.08,1.0,1.0,1.0,0.0,0.1836
,,,,,,,,,,,,
0.0,0.0,18.7999,10174.67,0.8,0.72,0.76,0.08,1.0,1.0,1.0,0.0,0.1833
,,,,,,,,,,,,
0.0,0.0,18.8234,10174.65,0.8,0.72,0.76,0.08,1.0,1.0,1.0,0.0,0.1835
,,,,,,,,,,,,
0.0,0.2969,18.8436,10173.65,0.8,0.72,0.76,0.08,1.0,1.0,1.0,0.0,0.1935
,,,,,,,,,,,,
0.0,0.0,18.8072,10174.66,0.8,0.72,0.76,0.08,1.0,1.0,1.0,0.0,0.1834
,,,,,,,,,,,,
0.0,0.0,18.8216,10174.65,0.8,0.72,0.76,0.08,1.0,1.0,1.0,0.0,0.1835
,,,,,,,,,,,,
0.0,0.0,18.8187,10174.65,0.8,0.72,0.76,0.08,1.0,1.0,1.0,0.0,0.1835
,,,,,,,,,,,,
0.0,0.0,19.6715,10183.15,0.8,0.78,0.79,0.02,1.0,1.0,1.0,0.0,0.1885
,,,,,,,,,,,,
0.0,0.0,19.6579,10183.16,0.8,0.78,0.79,0.02,1.0,1.0,1.0,0.0,0.1884
,,,,,,,,,,,,
0.0,0.0,19.67,10183.15,0.8,0.78,0.79,0.02,1.0,1.0,1.0,0.0,0.1885
,,,,,,,,,,,,
0.0,0.0,18.825,10174.65,0.8,0.72,0.76,0.08,1.0,1.0,1.0,0.0,0.1835
,,,,,,,,,,,,
0.0,0.0,19.6683,10183.15,0.8,0.78,0.79,0.02,1.0,1.0,1.0,0.0,0.1885
,,,,,,,,,,,,
0.0,0.0,19.6869,10183.14,0.8,0.78,0.79,0.02,1.0,1.0,1.0,0.0,0.1886
,,,,,,,,,,,,
0.0,0.0,19.6432,10183.16,0.8,0.78,0.79,0.02,1.0,1.0,1.0,0.0,0.1884
,,,,,,,,,,,,
0.0,0.0,19.6771,10183.15,0.8,0.78,0.79,0.02,1.0,1.0,1.0,0.0,0.1885
,,,,,,,,,,,,
0.0,0.0,18.8241,10174.65,0.8,0.72,0.76,0.08,1.0,1.0,1.0,0.0,0.1835
,,,,,,,,,,,,
0.0,0.0,19.6847,10183.14,0.8,0.78,0.79,0.02,1.0,1.0,1.0,0.0,0.1886
,,,,,,,,,,,,
0.0,0.0,18.8114,10174.66,0.8,0.72,0.76,0.08,1.0,1.0,1.0,0.0,0.1834
,,,,,,,,,,,,
0.0,0.0,19.68,10183.14,0.8,0.78,0.79,0.02,1.0,1.0,1.0,0.0,0.1886
,,,,,,,,,,,,
0.0,0.0,18.7931,10174.67,0.8,0.72,0.76,0.08,1.0,1.0,1.0,0.0,0.1833
,,,,,,,,,,,,
0.0,0.0,19.6649,10183.15,0.8,0.78,0.79,0.02,1.0,1.0,1.0,0.0,0.1885
,,,,,,,,,,,,
0.0,0.0,18.8486,10174.63,0.8,0.72,0.76,0.08,1.0,1.0,1.0,0.0,0.1837
,,,,,,,,,,,,
0.0,0.0,18.8365,10174.64,0.8,0.72,0.76,0.08,1.0,1.0,1.0,0.0,0.1836
,,,,,,,,,,,,
0.0,0.0,19.6872,10183.14,0.8,0.78,0.79,0.02,1.0,1.0,1.0,0.0,0.1886
,,,,,,,,,,,,
0.0,0.0,18.8338,10174.64,0.8,0.72,0.76,0.08,1.0,1.0,1.0,0.0,0.1836
,,,,,,,,,,,,
0.0,0.0,18.8284,10174.65,0.8,0.72,0.76,0.08,1.0,1.0,1.0,0.0,0.1835
,,,,,,,,,,,,
0.0,0.0,18.8138,10174.66,0.8,0.72,0.76,0.08,1.0,1.0,1.0,0.0,0.1834
,,,,,,,,,,,,
0.0,0.0,18.7975,10174.67,0.8,0.72,0.76,0.08,1.0,1.0,1.0,0.0,0.1833
,,,,,,,,,,,,
0.0,0.0,19.6648,10183.15,0.8,0.78,0.79,0.02,1.0,1.0,1.0,0.0,0.1885
,,,,,,,,,,,,
0.0,0.0,18.8071,10174.66,0.8,0.72,0.76,0.08,1.0,1.0,1.0,0.0,0.1834
,,,,,,,,,,,,
0.0,0.0,19.6418,10183.17,0.8,0.78,0.79,0.02,1.0,1.0,1.0,0.0,0.1883
,,,,,,,,,,,,
0.0,0.0,19.6785,10183.15,0.8,0.78,0.79,0.02,1.0,1.0,1.0,0.0,0.1885
,,,,,,,,,,,,
0.0,0.0,18.843,10174.64,0.8,0.72,0.76,0.08,1.0,1.0,1.0,0.0,0.1836
,,,,,,,,,,,,
0.0,0.0,18.7952,10174.67,0.8,0.72,0.76,0.08,1.0,1.0,1.0,0.0,0.1833
,,,,,,,,,,,,
0.0,0.0,18.8268,10174.65,0.8,0.72,0.76,0.08,1.0,1.0,1.0,0.0,0.1835
,,,,,,,,,,,,
0.0,0.0,19.6878,10183.14,0.8,0.78,0.79,0.02,1.0,1.0,1.0,0.0,0.1886
,,,,,,,,,,,,
0.0,0.0,19.6628,10183.15,0.8,0.78,0.79,0.02,1.0,1.0,1.0,0.0,0.1885
,,,,,,,,,,,,
0.0,0.0,19.6733,10183.15,0.8,0.78,0.79,0.02,1.0,1.0,1.0,0.0,0.1885
,,,,,,,,,,,,
0.0,0.0,18.8113,10174.66,0.8,0.72,0.76,0.08,1.0,1.0,1.0,0.0,0.1834
,,,,,,,,,,,,
0.0,0.0,18.8037,10174.66,0.8,0.72,0.76,0.08,1.0,1.0,1.0,0.0,0.1834
,,,,,,,,,,,,
0.0,0.0,18.8182,10174.65,0.8,0.72,0.76,0.08,1.0,1.0,1.0,0.0,0.1835
,,,,,,,,,,,,
0.0,0.0,18.8098,10174.66,0.8,0.72,0.76,0.08,1.0,1.0,1.0,0.0,0.1834
,,,,,,,,,,,,
0.0,0.0,18.8418,10174.64,0.8,0.72,0.76,0.08,1.0,1.0,1.0,0.0,0.1836
,,,,,,,,,,,,
0.0,0.0,18.8117,10174.66,0.8,0.72,0.76,0.08,1.0,1.0,1.0,0.0,0.1834
,,,,,,,,,,,,
0.0,0.0,18.8201,10174.65,0.8,0.72,0.76,0.08,1.0,1.0,1.0,0.0,0.1835
,,,,,,,,,,,,
0.0,0.2986,18.7976,10173.67,0.8,0.72,0.76,0.08,1.0,1.0,1.0,0.0,0.1933
,,,,,,,,,,,,
0.0,0.0,18.8099,10174.66,0.8,0.72,0.76,0.08,1.0,1.0,1.0,0.0,0.1834
,,,,,,,,,,,,
0.0,0.0,18.8341,10174.64,0.8,0.72,0.76,0.08,1.0,1.0,1.0,0.0,0.1836
,,,,,,,,,,,,
0.0,0.0,19.6612,10183.15,0.8,0.78,0.79,0.02,1.0,1.0,1.0,0.0,0.1885
,,,,,,,,,,,,
0.0,0.0,19.6274,10179.17,0.8,0.75,0.78,0.05,1.0,1.0,1.0,0.0,0.1883
,,,,,,,,,,,,
0.0,0.0,18.811,10174.66,0.8,0.72,0.76,0.08,1.0,1.0,1.0,0.0,0.1834
,,,,,,,,,,,,
0.0,0.0,19.6739,10183.15,0.8,0.78,0.79,0.02,1.0,1.0,1.0,0.0,0.1885
,,,,,,,,,,,,
0.0,0.0,18.8348,10174.64,0.8,0.72,0.76,0.08,1.0,1.0,1.0,0.0,0.1836
,,,,,,,,,,,,
0.0,0.0,19.6832,10183.14,0.8,0.78,0.79,0.02,1.0,1.0,1.0,0.0,0.1886
,,,,,,,,,,,,
0.0,0.0,18.8145,10174.66,0.8,0.72,0.76,0.08,1.0,1.0,1.0,0.0,0.1834
,,,,,,,,,,,,
0.0,0.0,19.6865,10183.14,0.8,0.78,0.79,0.02,1.0,1.0,1.0,0.0,0.1886
,,,,,,,,,,,,
0.0,0.2983,19.674,10182.15,0.8,0.78,0.79,0.02,1.0,1.0,1.0,0.0,0.1985
,,,,,,,,,,,,
0.0,0.0,18.8029,10174.66,0.8,0.72,0.76,0.08,1.0,1.0,1.0,0.0,0.1834
,,,,,,,,,,,,
0.0,0.0,19.6284,10179.17,0.8,0.75,0.78,0.05,1.0,1.0,1.0,0.0,0.1883
,,,,,,,,,,,,
0.0,0.0,18.8062,10174.66,0.8,0.72,0.76,0.08,1.0,1.0,1.0,0.0,0.1834
,,,,,,,,,,,,
0.0,0.0,19.6768,10183.15,0.8,0.78,0.79,0.02,1.0,1.0,1.0,0.0,0.1885
,,,,,,,,,,,,
0.0,0.0,18.8233,10174.65,0.8,0.72,0.76,0.08,1.0,1.0,1.0,0.0,0.1835
,,,,,,,,,,,,
0.0,0.0,18.812,10174.66,0.8,0.72,0.76,0.08,1.0,1.0,1.0,0.0,0.1834
,,,,,,,,,,,,
0.0,0.0,19.6536,10183.16,0.8,0.78,0.79,0.02,1.0,1.0,1.0,0.0,0.1884
,,,,,,,,,,,,
0.0,0.0,19.6802,10183.14,0.8,0.78,0.79,0.02,1.0,1.0,1.0,0.0,0.1886
,,,,,,,,,,,,
0.0,0.0,19.6327,10179.17,0.8,0.75,0.78,0.05,1.0,1.0,1.0,0.0,0.1883
,,,,,,,,,,,,
0.0,0.0,18.818,10174.65,0.8,0.72,0.76,0.08,1.0,1.0,1.0,0.0,0.1835
,,,,,,,,,,,,
0.0,0.0,18.8167,10174.66,0.8,0.72,0.76,0.08,1.0,1.0,1.0,0.0,0.1834
,,,,,,,,,,,,
0.0,0.0,18.7995,10174.67,0.8,0.72,0.76,0.08,1.0,1.0,1.0,0.0,0.1833
,,,,,,,,,,,,
0.0,0.0,19.5667,10179.21,0.8,0.75,0.78,0.05,1.0,1.0,1.0,0.0,0.1879
,,,,,,,,,,,,
0.0,0.0,18.8415,10174.64,0.8,0.72,0.76,0.08,1.0,1.0,1.0,0.0,0.1836
,,,,,,,,,,,,
0.0,0.0,18.7943,10174.67,0.8,0.72,0.76,0.08,1.0,1.0,1.0,0.0,0.1833
,,,,,,,,,,,,
0.0,0.0,19.6737,10183.15,0.8,0.78,0.79,0.02,1.0,1.0,1.0,0.0,0.1885
,,,,,,,,,,,,
0.0,0.0,18.8073,10174.66,0.8,0.72,0.76,0.08,1.0,1.0,1.0,0.0,0.1834
,,,,,,,,,,,,
0.0,0.0,19.671,10183.15,0.8,0.78,0.79,0.02,1.0,1.0,1.0,0.0,0.1885
,,,,,,,,,,,,
0.0,0.0,19.6882,10183.14,0.8,0.78,0.79,0.02,1.0,1.0,1.0,0.0,0.1886
,,,,,,,,,,,,
0.0,0.0,19.6147,10179.18,0.8,0.75,0.78,0.05,1.0,1.0,1.0,0.0,0.1882
,,,,,,,,,,,,
0.0,0.2984,19.6693,10182.16,0.8,0.78,0.79,0.02,1.0,1.0,1.0,0.0,0.1984
,,,,,,,,,,,,
0.0,0.0,18.8057,10174.66,0.8,0.72,0.76,0.08,1.0,1.0,1.0,0.0,0.1834
,,,,,,,,,,,,
0.0,0.0,18.8224,10174.65,0.8,0.72,0.76,0.08,1.0,1.0,1.0,0.0,0.1835
,,,,,,,,,,,,
0.0,0.0,18.8058,10174.66,0.8,0.72,0.76,0.08,1.0,1.0,1.0,0.0,0.1834
,,,,,,,,,,,,
0.0,0.0,18.8255,10174.65,0.8,0.72,0.76,0.08,1.0,1.0,1.0,0.0,0.1835
,,,,,,,,,,,,
0.0,0.0,19.6841,10183.14,0.8,0.78,0.79,0.02,1.0,1.0,1.0,0.0,0.1886
,,,,,,,,,,,,
0.0,0.0,18.8198,10174.65,0.8,0.72,0.76,0.08,1.0,1.0,1.0,0.0,0.1835
,,,,,,,,,,,,
0.0,0.0,18.8259,10174.65,0.8,0.72,0.76,0.08,1.0,1.0,1.0,0.0,0.1835
,,,,,,,,,,,,
0.0,0.0,19.5677,10179.21,0.8,0.75,0.78,0.05,1.0,1.0,1.0,0.0,0.1879
,,,,,,,,,,,,
0.0,0.0,19.638,10179.17,0.8,0.75,0.78,0.05,1.0,1.0,1.0,0.0,0.1883
,,,,,,,,,,,,
0.0,0.2994,19.6508,10182.16,0.8,0.78,0.79,0.02,1.0,1.0,1.0,0.0,0.1984
,,,,,,,,,,,,
0.0,0.0,19.6647,10183.15,0.8,0.78,0.79,0.02,1.0,1.0,1.0,0.0,0.1885
,,,,,,,,,,,,
0.0,0.0,19.6716,10183.15,0.8,0.78,0.79,0.02,1.0,1.0,1.0,0.0,0.1885
,,,,,,,,,,,,
0.0,0.0,19.6791,10183.14,0.8,0.78,0.79,0.02,1.0,1.0,1.0,0.0,0.1886
,,,,,,,,,,,,
0.0,0.0,19.6729,10183.15,0.8,0.78,0.79,0.02,1.0,1.0,1.0,0.0,0.1885
,,,,,,,,,,,,
0.0,0.0,19.6831,10183.14,0.8,0.78,0.79,0.02,1.0,1.0,1.0,0.0,0.1886
,,,,,,,,,,,,
0.0,0.0,19.6857,10183.14,0.8,0.78,0.79,0.02,1.0,1.0,1.0,0.0,0.1886
,,,,,,,,,,,,
0.0,0.0,19.6782,10183.15,0.8,0.78,0.79,0.02,1.0,1.0,1.0,0.0,0.1885
,,,,,,,,,,,,
0.0,0.2973,19.6525,10182.17,0.8,0.78,0.79,0.02,1.0,1.0,1.0,0.0,0.1983
,,,,,,,,,,,,
0.0,0.0,18.7959,10174.67,0.8,0.72,0.76,0.08,1.0,1.0,1.0,0.0,0.1833
,,,,,,,,,,,,
0.0,0.0,18.8163,10174.66,0.8,0.72,0.76,0.08,1.0,1.0,1.0,0.0,0.1834
,,,,,,,,,,,,
0.0,0.0,18.7988,10174.67,0.8,0.72,0.76,0.08,1.0,1.0,1.0,0.0,0.1833
,,,,,,,,,,,,
0.0,0.0,18.8104,10174.66,0.8,0.72,0.76,0.08,1.0,1.0,1.0,0.0,0.1834
,,,,,,,,,,,,
0.0,0.0,19.6569,10183.16,0.8,0.78,0.79,0.02,1.0,1.0,1.0,0.0,0.1884
,,,,,,,,,,,,
0.0,0.0,18.8165,10174.66,0.8,0.72,0.76,0.08,1.0,1.0,1.0,0.0,0.1834
,,,,,,,,,,,,
0.0,0.0,19.6027,10179.19,0.8,0.75,0.78,0.05,1.0,1.0,1.0,0.0,0.1881
,,,,,,,,,,,,
0.0,0.0,19.6328,10179.17,0.8,0.75,0.78,0.05,1.0,1.0,1.0,0.0,0.1883
,,,,,,,,,,,,
0.0,0.0,19.6746,10183.15,0.8,0.78,0.79,0.02,1.0,1.0,1.0,0.0,0.1885
,,,,,,,,,,,,
0.0,0.0,19.681,10183.14,0.8,0.78,0.79,0.02,1.0,1.0,1.0,0.0,0.1886
,,,,,,,,,,,,
0.0,0.0,18.8112,10174.66,0.8,0.72,0.76,0.08,1.0,1.0,1.0,0.0,0.1834
,,,,,,,,,,,,
0.0,0.0,19.6183,10179.18,0.8,0.75,0.78,0.05,1.0,1.0,1.0,0.0,0.1882
,,,,,,,,,,,,
0.0,0.0,19.6749,10183.15,0.8,0.78,0.79,0.02,1.0,1.0,1.0,0.0,0.1885
,,,,,,,,,,,,
0.0,0.0,18.814,10174.66,0.8,0.72,0.76,0.08,1.0,1.0,1.0,0.0,0.1834
,,,,,,,,,,,,
0.0,0.0,19.6918,10183.14,0.8,0.78,0.79,0.02,1.0,1.0,1.0,0.0,0.1886
,,,,,,,,,,,,
0.0,0.0,19.6073,10179.19,0.8,0.75,0.78,0.05,1.0,1.0,1.0,0.0,0.1881
,,,,,,,,,,,,
0.0,0.0,19.5848,10179.2,0.8,0.75,0.78,0.05,1.0,1.0,1.0,0.0,0.188
,,,,,,,,,,,,
0.0,0.0,19.6122,10179.18,0.8,0.75,0.78,0.05,1.0,1.0,1.0,0.0,0.1882
,,,,,,,,,,,,
0.0,0.0,19.6521,10183.16,0.8,0.78,0.79,0.02,1.0,1.0,1.0,0.0,0.1884
,,,,,,,,,,,,
0.0,0.0,19.6258,10179.17,0.8,0.75,0.78,0.05,1.0,1.0,1.0,0.0,0.1883
,,,,,,,,,,,,
0.0,0.0,19.6117,10179.18,0.8,0.75,0.78,0.05,1.0,1.0,1.0,0.0,0.1882
,,,,,,,,,,,,
0.0,0.0,19.5676,10179.21,0.8,0.75,0.78,0.05,1.0,1.0,1.0,0.0,0.1879
,,,,,,,,,,,,
0.0,0.0,19.6544,10183.16,0.8,0.78,0.79,0.02,1.0,1.0,1.0,0.0,0.1884
,,,,,,,,,,,,
0.0,0.0,19.6201,10179.18,0.8,0.75,0.78,0.05,1.0,1.0,1.0,0.0,0.1882
,,,,,,,,,,,,
0.0,0.0,19.6515,10183.16,0.8,0.78,0.79,0.02,1.0,1.0,1.0,0.0,0.1884
,,,,,,,,,,,,
0.0,0.0,19.6458,10183.16,0.8,0.78,0.79,0.02,1.0,1.0,1.0,0.0,0.1884
,,,,,,,,,,,,
0.0,0.0,19.6295,10179.17,0.8,0.75,0.78,0.05,1.0,1.0,1.0,0.0,0.1883
,,,,,,,,,,,,
0.0,0.0,19.6215,10179.18,0.8,0.75,0.78,0.05,1.0,1.0,1.0,0.0,0.1882
,,,,,,,,,,,,
0.0,0.0,19.6652,10183.15,0.8,0.78,0.79,0.02,1.0,1.0,1.0,0.0,0.1885
,,,,,,,,,,,,
0.0,0.2988,19.6568,10182.16,0.8,0.78,0.79,0.02,1.0,1.0,1.0,0.0,0.1984
,,,,,,,,,,,,
0.0,0.0,19.6034,10179.19,0.8,0.75,0.78,0.05,1.0,1.0,1.0,0.0,0.1881
,,,,,,,,,,,,
0.0,0.0,19.5982,10179.19,0.8,0.75,0.78,0.05,1.0,1.0,1.0,0.0,0.1881
,,,,,,,,,,,,
0.0,0.0,19.657,10183.16,0.8,0.78,0.79,0.02,1.0,1.0,1.0,0.0,0.1884
,,,,,,,,,,,,
0.0,0.0,19.6786,10183.14,0.8,0.78,0.79,0.02,1.0,1.0,1.0,0.0,0.1886
,,,,,,,,,,,,
0.0,0.0,19.6699,10183.15,0.8,0.78,0.79,0.02,1.0,1.0,1.0,0.0,0.1885
,,,,,,,,,,,,
0.0,0.0,19.6173,10179.18,0.8,0.75,0.78,0.05,1.0,1.0,1.0,0.0,0.1882
,,,,,,,,,,,,
0.0,0.0,19.625,10179.17,0.8,0.75,0.78,0.05,1.0,1.0,1.0,0.0,0.1883
,,,,,,,,,,,,
0.0,0.0,19.642,10183.17,0.8,0.78,0.79,0.02,1.0,1.0,1.0,0.0,0.1883
,,,,,,,,,,,,
0.0,0.0,19.6867,10183.14,0.8,0.78,0.79,0.02,1.0,1.0,1.0,0.0,0.1886
,,,,,,,,,,,,
0.0,0.0,19.6762,10183.15,0.8,0.78,0.79,0.02,1.0,1.0,1.0,0.0,0.1885
,,,,,,,,,,,,
0.0,0.0,19.5147,10179.24,0.8,0.75,0.78,0.05,1.0,1.0,1.0,0.0,0.1876
,,,,,,,,,,,,
0.0,0.0,19.6265,10179.17,0.8,0.75,0.78,0.05,1.0,1.0,1.0,0.0,0.1883
,,,,,,,,,,,,
0.0,0.0,19.6339,10179.17,0.8,0.75,0.78,0.05,1.0,1.0,1.0,0.0,0.1883
,,,,,,,,,,,,
0.0,0.0,19.6571,10183.16,0.8,0.78,0.79,0.02,1.0,1.0,1.0,0.0,0.1884
,,,,,,,,,,,,
0.0,0.0,19.4653,10179.27,0.8,0.75,0.78,0.05,1.0,1.0,1.0,0.0,0.1873
,,,,,,,,,,,,
0.0,0.0,19.5735,10179.21,0.8,0.75,0.78,0.05,1.0,1.0,1.0,0.0,0.1879
,,,,,,,,,,,,
0.0,0.0,19.4898,10179.25,0.8,0.75,0.78,0.05,1.0,1.0,1.0,0.0,0.1875
,,,,,,,,,,,,
0.0,0.2872,19.5742,10178.25,0.8,0.75,0.78,0.05,1.0,1.0,1.0,0.0,0.1975
,,,,,,,,,,,,
0.0,0.0,19.6794,10183.14,0.8,0.78,0.79,0.02,1.0,1.0,1.0,0.0,0.1886
,,,,,,,,,,,,
0.0,0.0,18.8144,10174.66,0.8,0.72,0.76,0.08,1.0,1.0,1.0,0.0,0.1834
,,,,,,,,,,,,
0.0,0.2943,19.6125,10178.2,0.8,0.75,0.78,0.05,1.0,1.0,1.0,0.0,0.198
,,,,,,,,,,,,
0.0,0.0,19.6121,10179.18,0.8,0.75,0.78,0.05,1.0,1.0,1.0,0.0,0.1882
,,,,,,,,,,,,
0.0,0.2976,19.6492,10182.17,0.8,0.78,0.79,0.02,1.0,1.0,1.0,0.0,0.1983
,,,,,,,,,,,,
0.0,0.0,19.5727,10179.21,0.8,0.75,0.78,0.05,1.0,1.0,1.0,0.0,0.1879
,,,,,,,,,,,,
0.0,0.0,19.637,10179.17,0.8,0.75,0.78,0.05,1.0,1.0,1.0,0.0,0.1883
,,,,,,,,,,,,
0.0,0.0,19.4268,10179.29,0.8,0.75,0.78,0.05,1.0,1.0,1.0,0.0,0.1871
,,,,,,,,,,,,
0.0,0.0,19.6525,10183.16,0.8,0.78,0.79,0.02,1.0,1.0,1.0,0.0,0.1884
,,,,,,,,,,,,
0.0,0.0,19.6312,10179.17,0.8,0.75,0.78,0.05,1.0,1.0,1.0,0.0,0.1883
,,,,,,,,,,,,
0.0,0.0,19.4847,10179.25,0.8,0.75,0.78,0.05,1.0,1.0,1.0,0.0,0.1875
,,,,,,,,,,,,
0.0,0.0,19.5625,10179.21,0.8,0.75,0.78,0.05,1.0,1.0,1.0,0.0,0.1879
,,,,,,,,,,,,
0.0,0.2983,19.5983,10178.2,0.8,0.75,0.78,0.05,1.0,1.0,1.0,0.0,0.198
,,,,,,,,,,,,
0.0,0.0,19.624,10179.18,0.8,0.75,0.78,0.05,1.0,1.0,1.0,0.0,0.1882
,,,,,,,,,,,,
0.0,0.0,19.5716,10179.21,0.8,0.75,0.78,0.05,1.0,1.0,1.0,0.0,0.1879
,,,,,,,,,,,,
0.0,0.0,19.6041,10179.19,0.8,0.75,0.78,0.05,1.0,1.0,1.0,0.0,0.1881
,,,,,,,,,,,,
0.0,0.2983,19.6261,10178.18,0.8,0.75,0.78,0.05,1.0,1.0,1.0,0.0,0.1982
,,,,,,,,,,,,
0.0,0.0,19.6541,10183.16,0.8,0.78,0.79,0.02,1.0,1.0,1.0,0.0,0.1884
,,,,,,,,,,,,
0.0,0.0,19.5581,10179.21,0.8,0.75,0.78,0.05,1.0,1.0,1.0,0.0,0.1879
,,,,,,,,,,,,
0.0,0.2945,19.5621,10178.23,0.8,0.75,0.78,0.05,1.0,1.0,1.0,0.0,0.1977
,,,,,,,,,,,,
0.0,0.0,19.5518,10179.22,0.8,0.75,0.78,0.05,1.0,1.0,1.0,0.0,0.1878
,,,,,,,,,,,,
0.0,0.298,19.5509,10178.22,0.8,0.75,0.78,0.05,1.0,1.0,1.0,0.0,0.1978
,,,,,,,,,,,,
0.0,0.2975,19.6249,10178.18,0.8,0.75,0.78,0.05,1.0,1.0,1.0,0.0,0.1982
,,,,,,,,,,,,
0.0,0.0,19.5879,10179.2,0.8,0.75,0.78,0.05,1.0,1.0,1.0,0.0,0.188
,,,,,,,,,,,,
0.0,0.0,19.4869,10179.25,0.8,0.75,0.78,0.05,1.0,1.0,1.0,0.0,0.1875
,,,,,,,,,,,,
0.0,0.0,19.4251,10179.29,0.8,0.75,0.78,0.05,1.0,1.0,1.0,0.0,0.1871
,,,,,,,,,,,,
0.0,0.0,19.5473,10179.22,0.8,0.75,0.78,0.05,1.0,1.0,1.0,0.0,0.1878
,,,,,,,,,,,,
0.0,0.0,19.5751,10179.2,0.8,0.75,0.78,0.05,1.0,1.0,1.0,0.0,0.188
,,,,,,,,,,,,
0.0,0.0,19.5442,10179.22,0.8,0.75,0.78,0.05,1.0,1.0,1.0,0.0,0.1878
,,,,,,,,,,,,
0.0,0.2956,19.5998,10178.2,0.8,0.75,0.78,0.05,1.0,1.0,1.0,0.0,0.198
,,,,,,,,,,,,
0.0,0.0,19.6098,10179.18,0.8,0.75,0.78,0.05,1.0,1.0,1.0,0.0,0.1882
,,,,,,,,,,,,
0.0,0.0,19.5775,10179.2,0.8,0.75,0.78,0.05,1.0,1.0,1.0,0.0,0.188
,,,,,,,,,,,,
0.0,0.0,19.5845,10179.2,0.8,0.75,0.78,0.05,1.0,1.0,1.0,0.0,0.188
,,,,,,,,,,,,
0.0,0.0,19.5528,10179.22,0.8,0.75,0.78,0.05,1.0,1.0,1.0,0.0,0.1878
,,,,,,,,,,,,
0.0,0.0,19.4716,10179.26,0.8,0.75,0.78,0.05,1.0,1.0,1.0,0.0,0.1874
,,,,,,,,,,,,
0.0,0.0,19.5865,10179.2,0.8,0.75,0.78,0.05,1.0,1.0,1.0,0.0,0.188
,,,,,,,,,,,,
0.298,1.1867,18.5974,10171.93,0.84,0.75,0.79,0.09,1.0,1.0,1.0,0.0,0.2307
,,,,,,,,,,,,
0.0,0.0,19.5482,10179.22,0.8,0.75,0.78,0.05,1.0,1.0,1.0,0.0,0.1878
,,,,,,,,,,,,
0.0,0.0,19.6068,10179.19,0.8,0.75,0.78,0.05,1.0,1.0,1.0,0.0,0.1881
,,,,,,,,,,,,
0.0,0.0,19.5766,10179.2,0.8,0.75,0.78,0.05,1.0,1.0,1.0,0.0,0.188
,,,,,,,,,,,,
0.0,0.2922,19.4109,10178.32,0.8,0.75,0.78,0.05,1.0,1.0,1.0,0.0,0.1968
,,,,,,,,,,,,
0.0,0.0,19.6216,10179.18,0.8,0.75,0.78,0.05,1.0,1.0,1.0,0.0,0.1882
,,,,,,,,,,,,
0.0,0.2944,19.5966,10178.21,0.8,0.75,0.78,0.05,1.0,1.0,1.0,0.0,0.1979
,,,,,,,,,,,,
0.0,0.0,19.46,10179.27,0.8,0.75,0.78,0.05,1.0,1.0,1.0,0.0,0.1873
,,,,,,,,,,,,
0.0,0.0,19.5417,10179.22,0.8,0.75,0.78,0.05,1.0,1.0,1.0,0.0,0.1878
,,,,,,,,,,,,
0.0,0.0,19.4844,10179.25,0.8,0.75,0.78,0.05,1.0,1.0,1.0,0.0,0.1875
,,,,,,,,,,,,
0.0,0.5944,19.5823,10174.22,0.84,0.75,0.79,0.09,1.0,1.0,1.0,0.0,0.2078
,,,,,,,,,,,,
0.0,0.0,19.4911,10179.25,0.8,0.75,0.78,0.05,1.0,1.0,1.0,0.0,0.1875
,,,,,,,,,,,,
0.0,0.0,19.3683,10174.32,0.8,0.72,0.76,0.08,1.0,1.0,1.0,0.0,0.1868
,,,,,,,,,,,,
0.0,0.2879,19.5069,10178.28,0.8,0.75,0.78,0.05,1.0,1.0,1.0,0.0,0.1972
,,,,,,,,,,,,
0.0,0.0,19.4693,10179.26,0.8,0.75,0.78,0.05,1.0,1.0,1.0,0.0,0.1874
,,,,,,,,,,,,
0.0,0.0,19.3958,10174.31,0.8,0.72,0.76,0.08,1.0,1.0,1.0,0.0,0.1869
,,,,,,,,,,,,
0.0,0.8806,19.2136,10173.5,0.84,0.75,0.79,0.09,1.0,1.0,1.0,0.0,0.215
,,,,,,,,,,,,
0.0,0.0,19.3502,10174.33,0.8,0.72,0.76,0.08,1.0,1.0,1.0,0.0,0.1867
,,,,,,,,,,,,
0.0,0.8841,18.6407,10173.85,0.84,0.75,0.79,0.09,1.0,1.0,1.0,0.0,0.2115
,,,,,,,,,,,,
0.0,0.0,19.4823,10179.26,0.8,0.75,0.78,0.05,1.0,1.0,1.0,0.0,0.1874
,,,,,,,,,,,,
0.0,0.0,19.5942,10179.19,0.8,0.75,0.78,0.05,1.0,1.0,1.0,0.0,0.1881
,,,,,,,,,,,,
0.0,0.2962,19.4335,10178.3,0.8,0.75,0.78,0.05,1.0,1.0,1.0,0.0,0.197
,,,,,,,,,,,,
0.0,0.0,19.4466,10179.28,0.8,0.75,0.78,0.05,1.0,1.0,1.0,0.0,0.1872
,,,,,,,,,,,,
0.0,0.2957,19.3245,10173.36,0.8,0.72,0.76,0.08,1.0,1.0,1.0,0.0,0.1964
,,,,,,,,,,,,
0.0,0.8761,19.4551,10178.38,0.84,0.78,0.81,0.06,1.0,1.0,1.0,0.0,0.2162
,,,,,,,,,,,,
0.0,0.0,19.3978,10179.3,0.8,0.75,0.78,0.05,1.0,1.0,1.0,0.0,0.187
,,,,,,,,,,,,
0.0,0.2932,19.4951,10178.27,0.8,0.75,0.78,0.05,1.0,1.0,1.0,0.0,0.1973
,,,,,,,,,,,,
0.0,0.2984,19.4159,10178.3,0.8,0.75,0.78,0.05,1.0,1.0,1.0,0.0,0.197
,,,,,,,,,,,,
0.0,0.294,19.4652,10178.29,0.8,0.75,0.78,0.05,1.0,1.0,1.0,0.0,0.1971
,,,,,,,,,,,,
0.0,0.0,19.5097,10179.24,0.8,0.75,0.78,0.05,1.0,1.0,1.0,0.0,0.1876
,,,,,,,,,,,,
0.0,0.0,19.4334,10179.28,0.8,0.75,0.78,0.05,1.0,1.0,1.0,0.0,0.1872
,,,,,,,,,,,,
0.0,0.0,19.5659,10179.21,0.8,0.75,0.78,0.05,1.0,1.0,1.0,0.0,0.1879
,,,,,,,,,,,,
0.0,0.8945,19.4053,10178.35,0.84,0.78,0.81,0.06,1.0,1.0,1.0,0.0,0.2165
,,,,,,,,,,,,
0.0,0.2993,19.5707,10178.21,0.8,0.75,0.78,0.05,1.0,1.0,1.0,0.0,0.1979
,,,,,,,,,,,,
0.0,0.5932,20.2235,10187.87,0.84,0.84,0.84,0.0,1.0,1.0,1.0,0.0,0.2113
,,,,,,,,,,,,
0.0,1.4393,19.2889,10171.7,0.84,0.75,0.79,0.09,1.0,1.0,1.0,0.0,0.233
,,,,,,,,,,,,
0.0,0.0,19.3848,10174.31,0.8,0.72,0.76,0.08,1.0,1.0,1.0,0.0,0.1869
,,,,,,,,,,,,
0.0,0.8884,18.5699,10173.88,0.84,0.75,0.79,0.09,1.0,1.0,1.0,0.0,0.2112
,,,,,,,,,,,,
0.0,0.0,19.3357,10174.34,0.8,0.72,0.76,0.08,1.0,1.0,1.0,0.0,0.1866
,,,,,,,,,,,,
0.0,0.8937,19.2255,10173.45,0.84,0.75,0.79,0.09,1.0,1.0,1.0,0.0,0.2155
,,,,,,,,,,,,
0.2951,0.298,19.3232,10172.38,0.8,0.72,0.76,0.08,1.0,1.0,1.0,0.0,0.2062
,,,,,,,,,,,,
0.0,0.0,19.4296,10179.29,0.8,0.75,0.78,0.05,1.0,1.0,1.0,0.0,0.1871
,,,,,,,,,,,,
0.0,0.2982,19.4959,10178.25,0.8,0.75,0.78,0.05,1.0,1.0,1.0,0.0,0.1975
,,,,,,,,,,,,
0.0,0.5937,20.1635,10187.9,0.84,0.84,0.84,0.0,1.0,1.0,1.0,0.0,0.211
,,,,,,,,,,,,
0.0,0.2859,19.4634,10178.31,0.8,0.75,0.78,0.05,1.0,1.0,1.0,0.0,0.1969
,,,,,,,,,,,,
0.0,0.5789,20.2276,10187.92,0.84,0.84,0.84,0.0,1.0,1.0,1.0,0.0,0.2108
,,,,,,,,,,,,
0.0,0.0,19.1279,10174.46,0.8,0.72,0.76,0.08,1.0,1.0,1.0,0.0,0.1854
,,,,,,,,,,,,
0.0,0.2987,19.0796,10173.49,0.8,0.72,0.76,0.08,1.0,1.0,1.0,0.0,0.1951
,,,,,,,,,,,,
0.0,0.0,19.2422,10174.39,0.8,0.72,0.76,0.08,1.0,1.0,1.0,0.0,0.1861
,,,,,,,,,,,,
0.0,0.546,20.2159,10188.03,0.84,0.84,0.84,0.0,1.0,1.0,1.0,0.0,0.2097
,,,,,,,,,,,,
0.0,0.8871,19.3076,10173.42,0.84,0.75,0.79,0.09,1.0,1.0,1.0,0.0,0.2158
,,,,,,,,,,,,
0.0,0.5904,20.1648,10187.91,0.84,0.84,0.84,0.0,1.0,1.0,1.0,0.0,0.2109
,,,,,,,,,,,,
0.0,0.5853,20.1938,10187.92,0.84,0.84,0.84,0.0,1.0,1.0,1.0,0.0,0.2108
,,,,,,,,,,,,
0.0,0.0,19.1306,10174.46,0.8,0.72,0.76,0.08,1.0,1.0,1.0,0.0,0.1854
,,,,,,,,,,,,
0.0,0.857,18.9925,10173.71,0.84,0.75,0.79,0.09,1.0,1.0,1.0,0.0,0.2129
,,,,,,,,,,,,
0.0,0.0,19.4379,10179.28,0.8,0.75,0.78,0.05,1.0,1.0,1.0,0.0,0.1872
,,,,,,,,,,,,
0.0,0.0,19.2024,10174.42,0.8,0.72,0.76,0.08,1.0,1.0,1.0,0.0,0.1858
,,,,,,,,,,,,
0.0,0.0,0.8928,,,,,,,,,,
0.2901,0.866,19.2028,10208.3,0.84,0.75,0.79,0.09,1.0,1.0,1.0,0.0,0.117
,,,,,,,,,,,,
0.0,0.0,19.2468,10174.39,0.8,0.72,0.76,0.08,1.0,1.0,1.0,0.0,0.1861
,,,,,,,,,,,,
0.0,1.1301,19.1542,10172.74,0.84,0.75,0.79,0.09,1.0,1.0,1.0,0.0,0.2226
,,,,,,,,,,,,
0.0,0.0,19.4791,10179.26,0.8,0.75,0.78,0.05,1.0,1.0,1.0,0.0,0.1874
,,,,,,,,,,,,
0.0,0.8745,19.194,10173.53,0.84,0.75,0.79,0.09,1.0,1.0,1.0,0.0,0.2147
,,,,,,,,,,,,
0.2888,0.862,19.2566,10172.58,0.84,0.75,0.79,0.09,1.0,1.0,1.0,0.0,0.2242
,,,,,,,,,,,,
0.0,0.2971,19.2165,10173.42,0.8,0.72,0.76,0.08,1.0,1.0,1.0,0.0,0.1958
,,,,,,,,,,,,
0.0,0.2897,19.016,10173.56,0.8,0.72,0.76,0.08,1.0,1.0,1.0,0.0,0.1944
,,,,,,,,,,,,
0.0,0.0,19.252,10174.39,0.8,0.72,0.76,0.08,1.0,1.0,1.0,0.0,0.1861
,,,,,,,,,,,,
0.0,0.0,18.9387,10174.58,0.8,0.72,0.76,0.08,1.0,1.0,1.0,0.0,0.1842
,,,,,,,,,,,,
0.2984,0.0,19.0944,10173.5,0.8,0.72,0.76,0.08,1.0,1.0,1.0,0.0,0.195
,,,,,,,,,,,,
0.0,0.299,19.4722,10178.26,0.8,0.75,0.78,0.05,1.0,1.0,1.0,0.0,0.1974
,,,,,,,,,,,,
0.2917,0.8937,19.2699,10172.46,0.84,0.75,0.79,0.09,1.0,1.0,1.0,0.0,0.2254
,,,,,,,,,,,,
0.0,0.0,0.6236,,,,,,,,,,
0.2616,0.0,0.0,,,,,,,,,,
0.4828,0.0,0.0,10263.45,0.84,0.75,0.79,0.09,1.0,1.0,1.0,0.0,0.0655
0.2836,1.1458,18.8215,,,,,,,,,,
,,,,,,,,,,,,
1.3253,0.0,0.0,,,,,,,,,,
0.5238,0.4349,1.7511,10238.56,0.84,0.78,0.81,0.06,1.0,1.0,1.0,0.0,0.1144
0.6187,1.4042,18.9083,,,,,,,,,,
,,,,,,,,,,,,
0.7036,1.0317,0.9134,,,,,,,,,,
0.5585,0.297,0.0,,,,,,,,,,
0.0,0.2793,0.8179,10266.09,0.84,0.78,0.81,0.06,1.0,1.0,1.0,0.0,0.0891
0.6643,1.1484,18.8113,,,,,,,,,,
,,,,,,,,,,,,
1.768,0.5425,0.9931,,,,,,,,,,
0.1516,0.5189,0.8854,,,,,,,,,,
1.5386,0.4534,0.5969,10265.56,0.8,0.78,0.79,0.02,1.0,1.0,1.0,0.0,0.1144
1.42,2.8574,12.8131,,,,,,,,,,
,,,,,,,,,,,,
2.3098,4.5141,4.0405,,,,,,,,,,
1.4594,1.1444,0.6657,,,,,,,,,,
0.8822,0.3545,0.0,10255.22,0.72,0.81,0.77,0.09,1.0,1.0,1.0,0.0,0.1278
0.6869,3.3095,0.0,,,,,,,,,,
,,,,,,,,,,,,
3.4204,2.9878,3.6031,,,,,,,,,,
0.6157,0.8929,1.8223,,,,,,,,,,
0.0,0.4412,0.4097,10259.66,0.72,0.81,0.77,0.09,1.0,1.0,1.0,0.0,0.0834
0.2192,0.0376,0.0,,,,,,,,,,
,,,,,,,,,,,,
4.246,1.6354,0.8109,,,,,,,,,,
0.9269,0.5562,3.3494,,,,,,,,,,
0.864,2.2218,13.0837,10471.06,1.0,1.0,1.0,0.0,3.0,3.0,3.0,0.0,0.2894
10.0,10.0,30.0,,,,,,,,,,
,,,,,,,,,,,,
3.2198,2.3306,8.0046,,,,,,,,,,
0.7557,0.528,0.8431,10231.49,0.8,0.72,0.76,0.08,1.0,1.0,1.0,0.0,0.1081
0.0,0.0,1.23,,,,,,,,,,
,,,,,,,,,,,,
3.1761,4.6377,4.5455,,,,,,,,,,
0.4984,0.7305,-0.3422,10208.87,0.8,0.88,0.84,0.08,1.0,1.0,1.0,0.0,0.1661
,,,,,,,,,,,,
3.8648,4.9644,4.7046,,,,,,,,,,
2.1462,0.2405,0.641,,,,,,,,,,
0.4136,0.4042,0.8702,10273.39,0.88,0.94,0.91,0.06,1.0,1.0,1.0,0.0,0.1161
0.2906,0.2854,0.821,,,,,,,,,,
,,,,,,,,,,,,
2.8638,3.2387,7.1322,,,,,,,,,,
1.2277,0.9154,2.2674,,,,,,,,,,
1.9628,0.761,6.6124,10355.27,0.76,0.81,0.79,0.05,2.0,2.0,2.0,0.0,0.1873
1.5426,2.8892,8.0072,,,,,,,,,,
,,,,,,,,,,,,
5.1145,3.989,5.1062,,,,,,,,,,
0.7617,1.7628,4.5158,,,,,,,,,,
0.5158,-0.0781,1.6651,10365.82,0.88,0.97,0.93,0.09,2.0,2.0,2.0,0.0,0.1818
1.656,2.8215,7.981,,,,,,,,,,
,,,,,,,,,,,,
3.1548,2.6449,3.2246,,,,,,,,,,
0.8984,0.3546,0.8543,,,,,,,,,,
0.2817,0.2357,3.0047,10366.08,0.8,0.81,0.81,0.01,2.0,2.0,2.0,0.0,0.1392
0.6554,4.1501,8.3407,,,,,,,,,,
,,,,,,,,,,,,
3.0326,1.862,4.1026,,,,,,,,,,
0.9413,0.8641,0.8369,,,,,,,,,,
0.5958,0.4591,3.489,10353.76,0.72,0.78,0.75,0.06,2.0,2.0,2.0,0.0,0.1524
2.996,3.0383,7.7043,,,,,,,,,,
,,,,,,,,,,,,
3.2492,1.7156,5.5113,,,,,,,,,,
0.7252,0.9988,-0.0117,,,,,,,,,,
0.7239,0.7955,0.1847,10361.24,0.76,0.78,0.77,0.02,2.0,2.0,2.0,0.0,0.1376
1.3017,2.9322,8.5396,,,,,,,,,,
,,,,,,,,,,,,
2.5032,4.4507,4.4902,,,,,,,,,,
0.2884,0.2878,1.5342,10209.05,0.76,0.81,0.79,0.05,1.0,1.0,1.0,0.0,0.1495
,,,,,,,,,,,,
2.6896,3.2197,7.9405,,,,,,,,,,
0.6475,1.2059,0.8819,10231.45,0.72,0.81,0.77,0.09,1.0,1.0,1.0,0.0,0.1155
0.1749,0.0,0.0,,,,,,,,,,
,,,,,,,,,,,,
4.3414,2.8175,2.1907,,,,,,,,,,
0.9066,0.916,1.6958,10231.36,0.72,0.81,0.77,0.09,1.0,1.0,1.0,0.0,0.116
0.5482,0.243,0.2444,,,,,,,,,,
,,,,,,,,,,,,
3.2608,3.7577,4.0391,,,,,,,,,,
1.6056,0.8301,0.6154,,,,,,,,,,
0.8183,0.292,2.4439,10262.13,0.8,0.88,0.84,0.08,1.0,1.0,1.0,0.0,0.1387
0.0,1.4169,9.239,,,,,,,,,,
,,,,,,,,,,,,
2.8045,4.3622,6.0005,,,,,,,,,,
1.3882,0.8416,0.7297,10239.92,0.8,0.84,0.82,0.04,1.0,1.0,1.0,0.0,0.1308
0.5753,0.2332,0.0,,,,,,,,,,
,,,,,,,,,,,,
3.8569,1.5597,5.754,,,,,,,,,,
0.9332,0.7713,0.0,,,,,,,,,,
0.7618,0.2904,1.6129,10254.65,0.8,0.72,0.76,0.08,1.0,1.0,1.0,0.0,0.1335
0.5525,2.7356,8.3675,,,,,,,,,,
,,,,,,,,,,,,
3.6049,3.4073,7.4221,,,,,,,,,,
0.3653,0.7181,0.0,,,,,,,,,,
0.2804,0.5404,2.4938,10262.92,0.8,0.88,0.84,0.08,1.0,1.0,1.0,0.0,0.1308
0.2967,1.161,8.0228,,,,,,,,,,
,,,,,,,,,,,,
3.6304,3.4794,5.5938,,,,,,,,,,
0.8854,0.2439,0.0,,,,,,,,,,
0.2942,1.1491,2.5017,10368.67,0.88,0.94,0.91,0.06,2.0,2.0,2.0,0.0,0.1633
0.2995,3.7595,12.8079,,,,,,,,,,
,,,,,,,,,,,,
4.2637,2.4057,7.3118,,,,,,,,,,
1.3196,0.0,0.8628,10202.28,0.72,0.78,0.75,0.06,1.0,1.0,1.0,0.0,0.1672
,,,,,,,,,,,,
4.2659,2.5068,5.0545,,,,,,,,,,
0.5401,0.47,1.5858,10233.29,0.72,0.78,0.75,0.06,1.0,1.0,1.0,0.0,0.1071
0.0,0.0,0.8194,,,,,,,,,,
,,,,,,,,,,,,
3.2408,4.4699,3.3198,,,,,,,,,,
0.7797,0.388,0.8337,10210.06,0.8,0.88,0.84,0.08,1.0,1.0,1.0,0.0,0.1594
,,,,,,,,,,,,
2.1686,4.558,5.4746,,,,,,,,,,
0.7543,0.6482,1.9545,,,,,,,,,,
0.0,0.0,1.2449,10258.87,0.72,0.81,0.77,0.09,1.0,1.0,1.0,0.0,0.0913
0.4936,0.0,0.0,,,,,,,,,,
,,,,,,,,,,,,
4.2225,2.3789,4.5746,,,,,,,,,,
0.297,0.8607,1.7627,10233.1,0.72,0.78,0.75,0.06,1.0,1.0,1.0,0.0,0.109
0.0,0.2856,0.7963,,,,,,,,,,
,,,,,,,,,,,,
3.3496,2.9582,7.8443,,,,,,,,,,
0.4101,0.5511,1.5062,10241.27,0.8,0.84,0.82,0.04,1.0,1.0,1.0,0.0,0.1173
0.2354,0.4616,0.0,,,,,,,,,,
,,,,,,,,,,,,
3.0679,4.5053,5.1288,,,,,,,,,,
0.4964,0.443,1.7041,10209.12,0.8,0.88,0.84,0.08,1.0,1.0,1.0,0.0,0.1688
,,,,,,,,,,,,
3.5793,4.2375,1.2848,,,,,,,,,,
0.8946,1.2533,3.9848,,,,,,,,,,
1.2188,0.7889,1.8757,10263.2,0.8,0.88,0.84,0.08,1.0,1.0,1.0,0.0,0.128
0.7615,0.7906,0.8702,,,,,,,,,,
,,,,,,,,,,,,
3.2529,2.3055,4.7297,,,,,,,,,,
2.2584,1.6215,4.1352,,,,,,,,,,
1.6754,1.3771,6.7716,10351.58,0.76,0.84,0.8,0.08,2.0,2.0,2.0,0.0,0.2042
2.0476,4.3372,5.129,,,,,,,,,,
,,,,,,,,,,,,
4.2862,4.1667,8.4801,,,,,,,,,,
2.3887,1.4824,0.0,,,,,,,,,,
0.1717,1.9916,0.0,10268.67,0.88,0.97,0.93,0.09,1.0,1.0,1.0,0.0,0.1533
1.1809,0.5402,1.6899,,,,,,,,,,
,,,,,,,,,,,,
3.0733,4.3957,4.4111,,,,,,,,,,
0.7266,0.1881,2.3415,10239.5,0.8,0.88,0.84,0.08,1.0,1.0,1.0,0.0,0.115
0.2301,0.1495,0.0,,,,,,,,,,
,,,,,,,,,,,,
2.6715,2.4658,7.1463,,,,,,,,,,
1.2106,1.0401,0.0,,,,,,,,,,
0.5092,0.786,2.6425,10354.97,0.84,0.75,0.79,0.09,2.0,2.0,2.0,0.0,0.1503
0.5797,1.9394,12.8255,,,,,,,,,,
,,,,,,,,,,,,
2.4861,4.4182,3.9186,,,,,,,,,,
0.9844,0.2936,1.6867,10237.06,0.76,0.81,0.79,0.05,1.0,1.0,1.0,0.0,0.1115
0.2851,0.2853,0.0,,,,,,,,,,
,,,,,,,,,,,,
4.8215,3.7835,7.7259,,,,,,,,,,
0.6189,0.8498,2.5661,10243.68,0.88,0.97,0.93,0.09,1.0,1.0,1.0,0.0,0.146
0.2491,0.2847,0.0,,,,,,,,,,
,,,,,,,,,,,,
2.5557,4.3836,3.9295,,,,,,,,,,
0.9909,0.5313,2.2254,,,,,,,,,,
0.2585,0.0,0.8623,10264.81,0.76,0.81,0.79,0.05,1.0,1.0,1.0,0.0,0.0919
0.2927,0.2732,0.0,,,,,,,,,,
,,,,,,,,,,,,
1.9145,4.1048,7.9677,,,,,,,,,,
1.5751,0.3163,0.7978,,,,,,,,,,
0.295,0.0,0.808,10259.76,0.72,0.78,0.75,0.06,1.0,1.0,1.0,0.0,0.0924
0.2311,0.0,0.0,,,,,,,,,,
,,,,,,,,,,,,
2.5371,3.0974,10.8868,,,,,,,,,,
2.2413,0.5338,0.8733,,,,,,,,,,
0.2958,0.0,1.7186,10263.95,0.8,0.78,0.79,0.02,1.0,1.0,1.0,0.0,0.1305
0.8463,1.4751,2.6212,,,,,,,,,,
,,,,,,,,,,,,
1.4604,4.7433,4.9697,,,,,,,,,,
0.6303,0.5451,4.1283,10232.73,0.72,0.78,0.75,0.06,1.0,1.0,1.0,0.0,0.1127
0.2181,0.0,0.0,,,,,,,,,,
,,,,,,,,,,,,
1.6622,4.5272,4.8795,,,,,,,,,,
0.406,0.0314,1.4665,10233.08,0.72,0.81,0.77,0.09,1.0,1.0,1.0,0.0,0.0992
0.1308,0.0,1.5772,,,,,,,,,,
,,,,,,,,,,,,
3.9593,2.6204,4.8917,,,,,,,,,,
0.0,0.6153,0.8646,,,,,,,,,,
0.8844,0.0,0.8932,10257.47,0.72,0.78,0.75,0.06,1.0,1.0,1.0,0.0,0.1153
0.2821,2.8755,3.432,,,,,,,,,,
,,,,,,,,,,,,
3.4777,2.293,8.0118,,,,,,,,,,
0.5672,1.1234,2.4763,,,,,,,,,,
1.7098,0.8069,3.9198,10350.23,0.8,0.72,0.76,0.08,2.0,2.0,2.0,0.0,0.1777
2.8562,2.3808,6.9549,,,,,,,,,,
,,,,,,,,,,,,
1.8249,4.3236,5.878,,,,,,,,,,
0.381,0.5281,1.7211,,,,,,,,,,
0.0,0.2867,2.532,10258.97,0.72,0.81,0.77,0.09,1.0,1.0,1.0,0.0,0.0903
0.2901,0.2914,0.0,,,,,,,,,,
,,,,,,,,,,,,
4.1786,4.5263,4.8509,,,,,,,,,,
1.8874,0.5034,2.0255,10245.25,0.88,0.94,0.91,0.06,1.0,1.0,1.0,0.0,0.1475
0.2962,0.5704,0.0,,,,,,,,,,
,,,,,,,,,,,,
4.4461,4.7556,7.7583,,,,,,,,,,
2.5113,2.5156,4.3471,,,,,,,,,,
2.5495,1.4808,0.8685,10368.05,0.92,0.97,0.95,0.05,2.0,2.0,2.0,0.0,0.2195
1.1292,2.6993,4.9958,,,,,,,,,,
,,,,,,,,,,,,
4.24,2.2745,6.5164,,,,,,,,,,
0.2734,0.838,2.3532,10231.89,0.72,0.78,0.75,0.06,1.0,1.0,1.0,0.0,0.1138
0.2733,0.0,0.0,,,,,,,,,,
,,,,,,,,,,,,
1.7508,4.4473,5.6219,,,,,,,,,,
0.7776,0.2968,0.8849,10203.07,0.72,0.81,0.77,0.09,1.0,1.0,1.0,0.0,0.1493
,,,,,,,,,,,,
3.4626,5.0169,8.6553,,,,,,,,,,
1.3471,2.7364,4.2648,,,,,,,,,,
1.1503,2.3177,2.5077,10368.25,0.92,0.91,0.92,0.01,2.0,2.0,2.0,0.0,0.2275
2.1916,2.5396,8.6884,,,,,,,,,,
,,,,,,,,,,,,
1.6053,4.742,2.2178,,,,,,,,,,
2.0486,1.6015,2.5515,,,,,,,,,,
0.7133,1.3203,3.0651,10253.68,0.72,0.78,0.75,0.06,1.0,1.0,1.0,0.0,0.1532
1.3507,3.113,0.8205,,,,,,,,,,
,,,,,,,,,,,,
1.3835,3.2059,4.0035,,,,,,,,,,
2.3004,2.351,0.8057,,,,,,,,,,
1.0938,1.1079,4.1913,10258.95,0.76,0.75,0.76,0.01,1.0,1.0,1.0,0.0,0.1605
0.8773,1.4145,9.7922,,,,,,,,,,
,,,,,,,,,,,,
2.6881,4.357,6.1464,,,,,,,,,,
1.4147,0.2881,1.7732,,,,,,,,,,
0.0,0.2872,2.5704,10261.37,0.76,0.84,0.8,0.08,1.0,1.0,1.0,0.0,0.1063
0.5828,0.0,0.8821,,,,,,,,,,
,,,,,,,,,,,,
3.1634,4.3302,5.9841,,,,,,,,,,
0.5559,0.2389,0.8527,,,,,,,,,,
0.2291,0.2547,0.0,10266.9,0.8,0.88,0.84,0.08,1.0,1.0,1.0,0.0,0.091
0.2742,0.2506,0.0,,,,,,,,,,
,,,,,,,,,,,,
3.6397,2.8057,7.4727,,,,,,,,,,
1.9264,1.35,3.2734,10229.36,0.72,0.78,0.75,0.06,1.0,1.0,1.0,0.0,0.1464
0.0,0.5894,0.0,,,,,,,,,,
,,,,,,,,,,,,
4.3885,3.9432,9.1696,,,,,,,,,,
1.1494,1.1692,4.1177,,,,,,,,,,
1.6783,0.0,2.6272,10268.09,0.88,0.94,0.91,0.06,1.0,1.0,1.0,0.0,0.1691
1.7295,0.8801,3.5443,,,,,,,,,,
,,,,,,,,,,,,
2.798,3.0124,8.4888,,,,,,,,,,
1.1523,0.6678,0.0,,,,,,,,,,
0.5704,0.8492,3.1811,10263.5,0.8,0.78,0.79,0.02,1.0,1.0,1.0,0.0,0.135
1.7447,1.2829,2.6597,,,,,,,,,,
,,,,,,,,,,,,
1.1942,4.4703,7.0023,,,,,,,,,,
1.4668,1.8822,0.6753,,,,,,,,,,
0.7168,0.3465,4.3827,10352.66,0.72,0.78,0.75,0.06,2.0,2.0,2.0,0.0,0.1634
1.6864,2.8364,5.4872,,,,,,,,,,
,,,,,,,,,,,,
1.788,4.4198,6.7566,,,,,,,,,,
1.6883,0.4944,2.5102,10228.68,0.72,0.81,0.77,0.09,1.0,1.0,1.0,0.0,0.1357
0.8204,0.264,0.7339,,,,,,,,,,
,,,,,,,,,,,,
2.418,3.848,7.8291,,,,,,,,,,
1.4054,0.907,0.8917,,,,,,,,,,
0.0,0.8043,0.7904,10257.85,0.72,0.78,0.75,0.06,1.0,1.0,1.0,0.0,0.1115
0.273,0.5436,1.7575,,,,,,,,,,
,,,,,,,,,,,,
1.4754,4.7935,5.1803,,,,,,,,,,
1.3053,1.8373,3.3973,,,,,,,,,,
0.1931,0.2639,0.0,10258.71,0.72,0.78,0.75,0.06,1.0,1.0,1.0,0.0,0.1029
0.2332,0.0,0.0,,,,,,,,,,
,,,,,,,,,,,,
1.6198,4.2585,8.2053,,,,,,,,,,
2.6847,2.5119,6.1021,,,,,,,,,,
1.4599,1.6681,7.2148,10353.43,0.76,0.84,0.8,0.08,2.0,2.0,2.0,0.0,0.1857
1.1039,0.7877,0.0,,,,,,,,,,
,,,,,,,,,,,,
1.639,4.2891,6.8588,,,,,,,,,,
1.9773,1.5045,3.4827,,,,,,,,,,
1.3245,0.3152,2.5942,10254.3,0.72,0.81,0.77,0.09,1.0,1.0,1.0,0.0,0.137
0.5446,0.9354,0.8851,,,,,,,,,,
,,,,,,,,,,,,
2.8609,3.0381,9.1295,,,,,,,,,,
1.1341,0.0,1.6705,10209.84,0.8,0.78,0.79,0.02,1.0,1.0,1.0,0.0,0.1687
,,,,,,,,,,,,
1.6456,4.4437,4.6586,,,,,,,,,,
1.1214,0.2946,0.0,10233.16,0.72,0.81,0.77,0.09,1.0,1.0,1.0,0.0,0.0984
0.2921,0.0,0.0,,,,,,,,,,
,,,,,,,,,,,,
1.8152,3.3188,2.534,,,,,,,,,,
2.9189,1.9725,2.5041,,,,,,,,,,
1.5689,1.5742,5.147,10456.79,0.8,0.88,0.84,0.08,3.0,3.0,3.0,0.0,0.1921
3.1477,4.3721,1.3377,,,,,,,,,,
,,,,,,,,,,,,
-0.1651,1.0033,5.5102,,,,,,,,,,
2.2796,0.2931,7.8883,10210.25,0.76,0.81,0.79,0.05,1.0,1.0,1.0,0.0,0.1944
3.6773,2.9472,-26.5735,,,,,,,,,,
,,,,,,,,,,,,
3.3547,2.7789,7.712,,,,,,,,,,
0.8243,0.8693,2.6147,,,,,,,,,,
1.1594,0.5808,0.8307,10254.87,0.8,0.72,0.76,0.08,1.0,1.0,1.0,0.0,0.1313
0.8627,1.1136,3.3434,,,,,,,,,,
,,,,,,,,,,,,
1.4204,4.2375,8.2003,,,,,,,,,,
2.2052,1.3594,4.0783,,,,,,,,,,
0.8057,0.5793,3.4769,10255.13,0.72,0.78,0.75,0.06,1.0,1.0,1.0,0.0,0.1387
1.185,0.0,0.862,,,,,,,,,,
,,,,,,,,,,,,
1.6819,4.3872,5.4932,,,,,,,,,,
1.4063,1.9369,2.6153,,,,,,,,,,
2.4503,0.2975,4.4021,10255.47,0.76,0.84,0.8,0.08,1.0,1.0,1.0,0.0,0.1653
2.5921,1.7594,0.7206,,,,,,,,,,
,,,,,,,,,,,,
1.743,4.1033,9.9228,,,,,,,,,,
1.1383,1.2024,5.1129,,,,,,,,,,
1.1582,0.8191,3.1742,10364.45,0.88,0.84,0.86,0.04,2.0,2.0,2.0,0.0,0.1755
2.897,2.0146,2.599,,,,,,,,,,
,,,,,,,,,,,,
1.2391,2.8719,3.4013,,,,,,,,,,
1.729,2.1896,5.4822,,,,,,,,,,
1.6909,1.481,4.7061,10255.71,0.76,0.75,0.76,0.01,1.0,1.0,1.0,0.0,0.1929
1.2661,3.4708,10.8856,,,,,,,,,,
,,,,,,,,,,,,
2.347,3.8503,8.1805,,,,,,,,,,
2.3792,2.5783,4.3156,,,,,,,,,,
1.1837,1.8594,3.4036,10349.2,0.72,0.78,0.75,0.06,2.0,2.0,2.0,0.0,0.198
1.4684,2.1435,5.2634,,,,,,,,,,
,,,,,,,,,,,,
1.781,3.1161,8.2953,,,,,,,,,,
2.9959,0.7423,7.6567,,,,,,,,,,
1.6928,3.6066,3.4309,10348.45,0.72,0.81,0.77,0.09,2.0,2.0,2.0,0.0,0.1955
1.6773,1.6718,2.5069,,,,,,,,,,
,,,,,,,,,,,,
1.5472,3.7782,5.6294,,,,,,,,,,
2.0208,1.2967,2.4665,,,,,,,,,,
0.8321,0.8765,5.954,10357.14,0.76,0.75,0.76,0.01,2.0,2.0,2.0,0.0,0.1786
0.8878,3.1183,9.6033,,,,,,,,,,
,,,,,,,,,,,,
2.6142,2.563,5.2635,,,,,,,,,,
0.2995,0.2837,0.8787,,,,,,,,,,
0.577,0.5502,8.6084,10254.56,0.72,0.78,0.75,0.06,1.0,1.0,1.0,0.0,0.1444
1.191,3.0729,5.6163,,,,,,,,,,
,,,,,,,,,,,,
1.8649,3.6312,8.4832,,,,,,,,,,
0.7054,0.5463,2.6578,,,,,,,,,,
0.8626,1.6206,7.9057,10348.8,0.72,0.81,0.77,0.09,2.0,2.0,2.0,0.0,0.192
2.0413,4.0498,6.9202,,,,,,,,,,
,,,,,,,,,,,,
1.5115,2.979,10.2372,,,,,,,,,,
2.6137,0.5844,4.8076,,,,,,,,,,
2.1905,1.7049,3.3588,10257.9,0.76,0.78,0.77,0.02,1.0,1.0,1.0,0.0,0.171
1.1175,1.3844,3.4539,,,,,,,,,,
,,,,,,,,,,,,
0.8597,3.1563,11.8797,,,,,,,,,,
1.3917,1.2982,3.4728,,,,,,,,,,
0.8511,1.4406,2.5191,10259.77,0.76,0.75,0.76,0.01,1.0,1.0,1.0,0.0,0.1523
1.729,1.466,2.3888,,,,,,,,,,
,,,,,,,,,,,,
2.4142,2.6432,11.3416,,,,,,,,,,
2.6549,1.4275,5.4927,,,,,,,,,,
1.6142,1.8243,3.0987,10347.95,0.8,0.72,0.76,0.08,2.0,2.0,2.0,0.0,0.2005
1.4011,2.8544,5.0919,,,,,,,,,,
,,,,,,,,,,,,
1.0815,3.8924,5.6514,,,,,,,,,,
1.6973,1.3212,0.0,,,,,,,,,,
1.729,0.2936,9.4426,10375.15,1.0,1.0,1.0,0.0,2.0,2.0,2.0,0.0,0.2485
2.2868,10.0,30.0,,,,,,,,,,
,,,,,,,,,,,,
0.6244,3.704,8.8265,,,,,,,,,,
3.3164,0.7231,2.6355,,,,,,,,,,
1.4345,2.2963,6.1202,10250.79,0.72,0.81,0.77,0.09,1.0,1.0,1.0,0.0,0.1721
1.682,1.3781,1.7536,,,,,,,,,,
,,,,,,,,,,,,
1.5765,4.3366,5.9915,,,,,,,,,,
2.0523,2.0502,4.7085,,,,,,,,,,
0.4638,1.346,5.3226,10350.51,0.72,0.78,0.75,0.06,2.0,2.0,2.0,0.0,0.1849
1.9711,2.9191,3.4341,,,,,,,,,,
,,,,,,,,,,,,
2.1988,4.2431,7.3132,,,,,,,,,,
2.7615,1.8516,3.5228,,,,,,,,,,
0.8621,0.8463,3.4918,10354.54,0.76,0.84,0.8,0.08,2.0,2.0,2.0,0.0,0.1746
2.2696,1.6381,1.7655,,,,,,,,,,
,,,,,,,,,,,,
0.0,4.4012,9.5582,,,,,,,,,,
1.692,0.5843,1.7808,,,,,,,,,,
1.1211,1.1602,2.5996,10262.4,0.8,0.78,0.79,0.02,1.0,1.0,1.0,0.0,0.146
1.1269,2.3528,3.445,,,,,,,,,,
,,,,,,,,,,,,
2.6696,2.2262,5.3486,,,,,,,,,,
0.7364,0.9254,0.8443,,,,,,,,,,
1.6298,0.1955,5.2348,10353.29,0.84,0.75,0.79,0.09,2.0,2.0,2.0,0.0,0.1671
1.9226,2.53,12.9816,,,,,,,,,,
,,,,,,,,,,,,
1.0419,4.9451,8.4532,,,,,,,,,,
1.4134,1.3852,6.108,,,,,,,,,,
2.2259,1.3237,3.3899,10249.8,0.72,0.78,0.75,0.06,1.0,1.0,1.0,0.0,0.192
1.9765,2.1416,4.9006,,,,,,,,,,
,,,,,,,,,,,,
1.5206,3.5228,9.1618,,,,,,,,,,
2.4475,2.9106,6.5166,,,,,,,,,,
1.16,2.1088,4.6348,10452.63,0.76,0.75,0.76,0.01,3.0,3.0,3.0,0.0,0.2237
2.2849,3.4839,5.6921,,,,,,,,,,
,,,,,,,,,,,,
1.7369,2.969,3.607,,,,,,,,,,
1.5727,0.9854,2.5229,,,,,,,,,,
0.6095,0.8586,4.5725,10361.13,0.8,0.78,0.79,0.02,2.0,2.0,2.0,0.0,0.1587
1.3947,1.8966,12.488,,,,,,,,,,
,,,,,,,,,,,,
2.4484,2.698,7.9121,,,,,,,,,,
1.0905,1.852,5.8022,,,,,,,,,,
0.6658,0.6335,5.2398,10355.77,0.76,0.78,0.77,0.02,2.0,2.0,2.0,0.0,0.1923
2.2793,4.1194,5.8224,,,,,,,,,,
,,,,,,,,,,,,
2.5,4.3862,3.6004,,,,,,,,,,
0.2947,0.5546,0.8234,,,,,,,,,,
0.1617,0.7081,2.804,10263.39,0.76,0.78,0.77,0.02,1.0,1.0,1.0,0.0,0.1161
0.8522,2.1859,1.6812,,,,,,,,,,
,,,,,,,,,,,,
3.4579,5.4354,10.2281,,,,,,,,,,
2.0699,2.4905,8.839,,,,,,,,,,
2.2088,3.2866,10.447,10565.97,1.0,1.0,1.0,0.0,4.0,4.0,4.0,0.0,0.3403
5.2203,5.5527,13.1096,,,,,,,,,,
,,,,,,,,,,,,
1.392,4.4048,7.334,,,,,,,,,,
1.1853,1.2096,2.832,,,,,,,,,,
0.2557,1.1557,8.7318,10259.02,0.76,0.81,0.79,0.05,1.0,1.0,1.0,0.0,0.1498
0.5829,1.1821,2.6188,,,,,,,,,,
,,,,,,,,,,,,
4.0453,4.2618,8.2482,,,,,,,,,,
2.9436,2.1369,5.2497,,,,,,,,,,
1.4756,3.0818,5.2339,10564.84,0.92,0.94,0.93,0.02,4.0,4.0,4.0,0.0,0.2616
3.043,2.8632,9.6525,,,,,,,,,,
,,,,,,,,,,,,
2.7166,4.0293,3.4852,,,,,,,,,,
0.0717,-0.0879,1.6932,,,,,,,,,,
0.2274,0.2967,0.8544,10260.34,0.72,0.81,0.77,0.09,1.0,1.0,1.0,0.0,0.0766
0.2921,0.0,0.0,,,,,,,,,,
,,,,,,,,,,,,
1.2495,3.0188,10.7663,,,,,,,,,,
2.0567,2.4318,8.7275,,,,,,,,,,
2.108,2.2789,3.7372,10453.44,0.76,0.75,0.76,0.01,3.0,3.0,3.0,0.0,0.2156
2.2814,3.3997,1.7325,,,,,,,,,,
,,,,,,,,,,,,
2.4757,4.2667,12.0233,,,,,,,,,,
2.5457,2.1467,10.737,,,,,,,,,,
3.3007,1.1959,7.7068,10554.85,0.96,0.88,0.92,0.08,4.0,4.0,4.0,0.0,0.2915
2.816,5.3928,8.7143,,,,,,,,,,
,,,,,,,,,,,,
1.1616,4.9177,5.9327,,,,,,,,,,
1.5792,0.9045,0.7634,,,,,,,,,,
0.8682,0.8916,1.2526,10255.93,0.72,0.78,0.75,0.06,1.0,1.0,1.0,0.0,0.1307
0.8093,1.721,2.5915,,,,,,,,,,
,,,,,,,,,,,,
2.7138,3.9576,6.1032,,,,,,,,,,
1.875,3.8393,4.2181,,,,,,,,,,
2.2583,3.1718,7.6465,10546.65,0.76,0.84,0.8,0.08,4.0,4.0,4.0,0.0,0.2535
2.8522,4.2003,4.3834,,,,,,,,,,
,,,,,,,,,,,,
0.8712,3.7544,9.9626,,,,,,,,,,
1.6366,0.7719,7.2962,,,,,,,,,,
0.8686,1.0631,3.3629,10256.16,0.8,0.75,0.78,0.05,1.0,1.0,1.0,0.0,0.1684
2.4455,2.1176,1.7627,,,,,,,,,,
,,,,,,,,,,,,
2.1644,3.9655,3.2422,,,,,,,,,,
3.9065,1.122,8.44,,,,,,,,,,
2.0067,0.8479,4.4638,10457.94,0.8,0.84,0.82,0.04,3.0,3.0,3.0,0.0,0.2006
2.2357,3.084,2.3695,,,,,,,,,,
,,,,,,,,,,,,
1.9073,4.5634,3.0843,,,,,,,,,,
1.1893,0.6842,1.4312,10232.71,0.72,0.78,0.75,0.06,1.0,1.0,1.0,0.0,0.1129
0.0486,0.8227,0.0,,,,,,,,,,
,,,,,,,,,,,,
1.6331,4.4499,3.1255,,,,,,,,,,
0.6829,0.4239,0.6895,10234.65,0.72,0.78,0.75,0.06,1.0,1.0,1.0,0.0,0.0935
0.4254,0.0,0.0,,,,,,,,,,
,,,,,,,,,,,,
3.1422,4.1112,4.3397,,,,,,,,,,
1.0564,1.5212,0.8892,,,,,,,,,,
0.0,0.8299,4.3955,10260.36,0.8,0.88,0.84,0.08,1.0,1.0,1.0,0.0,0.1564
0.5486,2.6236,7.7451,,,,,,,,,,
,,,,,,,,,,,,
2.3087,4.5135,6.0279,,,,,,,,,,
1.5799,1.0678,1.7925,,,,,,,,,,
0.8829,0.0,1.6304,10255.23,0.72,0.81,0.77,0.09,1.0,1.0,1.0,0.0,0.1277
0.2963,1.3592,2.6567,,,,,,,,,,
,,,,,,,,,,,,
2.6323,4.4004,4.0307,,,,,,,,,,
1.3957,0.8064,1.7789,,,,,,,,,,
0.2984,0.0,2.4668,10261.1,0.76,0.84,0.8,0.08,1.0,1.0,1.0,0.0,0.109
0.5786,0.585,0.8618,,,,,,,,,,
,,,,,,,,,,,,
2.5249,4.4358,7.146,,,,,,,,,,
1.0038,0.4302,2.3897,,,,,,,,,,
0.1938,0.0,2.4961,10263.04,0.76,0.81,0.79,0.05,1.0,1.0,1.0,0.0,0.1096
0.5831,0.0,1.7238,,,,,,,,,,
,,,,,,,,,,,,
1.9301,4.3204,8.6912,,,,,,,,,,
2.5273,0.7769,5.7503,,,,,,,,,,
1.9472,2.0266,4.3348,10361.29,0.88,0.84,0.86,0.04,2.0,2.0,2.0,0.0,0.2071
3.6831,1.6824,3.2523,,,,,,,,,,
,,,,,,,,,,,,
2.5321,4.6541,2.3659,,,,,,,,,,
0.0,0.4786,0.6775,10240.18,0.76,0.75,0.76,0.01,1.0,1.0,1.0,0.0,0.0982
0.6318,0.1366,0.0,,,,,,,,,,
,,,,,,,,,,,,
2.1968,3.5706,3.4422,,,,,,,,,,
2.6171,2.7035,7.8453,,,,,,,,,,
2.0894,2.8923,8.3506,10544.91,0.72,0.81,0.77,0.09,4.0,4.0,4.0,0.0,0.2309
2.6296,3.4669,1.7278,,,,,,,,,,
,,,,,,,,,,,,
1.4723,4.0392,9.1073,,,,,,,,,,
0.7818,1.767,2.6689,,,,,,,,,,
0.8759,0.8503,3.5258,10260.3,0.76,0.78,0.77,0.02,1.0,1.0,1.0,0.0,0.147
1.3294,1.1452,2.6369,,,,,,,,,,
,,,,,,,,,,,,
1.8346,6.9749,3.6808,,,,,,,,,,
0.7953,0.6629,0.6211,10201.5,0.72,0.78,0.75,0.06,1.0,1.0,1.0,0.0,0.175
,,,,,,,,,,,,
3.3505,5.4493,8.8249,,,,,,,,,,
2.018,3.0234,6.66,,,,,,,,,,
2.6121,2.8728,2.583,10564.02,0.92,0.91,0.92,0.01,4.0,4.0,4.0,0.0,0.2698
3.4835,3.7418,6.0293,,,,,,,,,,
,,,,,,,,,,,,
3.3683,4.3962,7.1076,,,,,,,,,,
3.2904,1.5813,5.7918,,,,,,,,,,
1.1097,1.3726,6.7378,10459.1,0.84,0.91,0.88,0.07,3.0,3.0,3.0,0.0,0.219
1.6643,2.9983,4.1503,,,,,,,,,,
,,,,,,,,,,,,
2.2073,4.4255,3.5869,,,,,,,,,,
1.7911,0.279,0.435,10232.57,0.72,0.78,0.75,0.06,1.0,1.0,1.0,0.0,0.1143
0.5924,0.2921,0.0,,,,,,,,,,
,,,,,,,,,,,,
1.6979,2.0,6.3487,,,,,,,,,,
3.1397,2.6613,15.9836,,,,,,,,,,
1.7484,1.1833,6.4899,10364.28,0.88,0.88,0.88,0.0,2.0,2.0,2.0,0.0,0.2372
1.5285,3.0196,10.23,,,,,,,,,,
,,,,,,,,,,,,
2.6734,3.6527,10.0912,,,,,,,,,,
1.52,1.9128,2.6514,,,,,,,,,,
0.86,1.6366,3.4957,10361.26,0.8,0.81,0.81,0.01,2.0,2.0,2.0,0.0,0.1874
1.4767,2.9051,4.4083,,,,,,,,,,
,,,,,,,,,,,,
2.8049,3.2817,4.1025,,,,,,,,,,
0.5538,1.8512,-0.1755,,,,,,,,,,
0.284,0.0,4.3082,10261.04,0.76,0.81,0.79,0.05,1.0,1.0,1.0,0.0,0.1296
0.8279,0.8349,8.503,,,,,,,,,,
,,,,,,,,,,,,
1.6258,4.8399,3.2841,,,,,,,,,,
0.0,0.0,1.2274,10206.57,0.72,0.78,0.75,0.06,1.0,1.0,1.0,0.0,0.1243
,,,,,,,,,,,,
3.0263,4.0045,5.8681,,,,,,,,,,
1.5714,1.8169,6.04,,,,,,,,,,
1.6911,2.4844,8.6269,10457.35,0.84,0.91,0.88,0.07,3.0,3.0,3.0,0.0,0.2365
3.727,3.1162,5.0295,,,,,,,,,,
,,,,,,,,,,,,
1.1552,5.5066,4.8542,,,,,,,,,,
2.1455,0.749,1.4141,,,,,,,,,,
0.7465,0.0,0.0,10258.81,0.72,0.78,0.75,0.06,1.0,1.0,1.0,0.0,0.1019
0.0,0.5887,0.0,,,,,,,,,,
,,,,,,,,,,,,
2.0357,3.5917,10.0348,,,,,,,,,,
1.1812,0.9296,3.4974,,,,,,,,,,
1.6982,1.7527,4.3719,10257.35,0.76,0.75,0.76,0.01,1.0,1.0,1.0,0.0,0.1765
1.4444,1.9196,4.4594,,,,,,,,,,
,,,,,,,,,,,,
1.9813,4.5277,8.5525,,,,,,,,,,
1.5346,0.2949,4.1218,,,,,,,,,,
1.1523,1.1656,3.3548,10256.02,0.76,0.84,0.8,0.08,1.0,1.0,1.0,0.0,0.1598
1.4437,1.6852,2.5731,,,,,,,,,,
,,,,,,,,,,,,
2.3417,4.1096,6.378,,,,,,,,,,
2.9876,2.8105,7.4389,,,,,,,,,,
2.7959,0.8819,6.0054,10456.47,0.84,0.91,0.88,0.07,3.0,3.0,3.0,0.0,0.2453
3.422,4.872,1.7442,,,,,,,,,,
,,,,,,,,,,,,
1.9931,4.5913,3.83,,,,,,,,,,
0.5803,0.2715,0.0,10205.35,0.72,0.78,0.75,0.06,1.0,1.0,1.0,0.0,0.1365
,,,,,,,,,,,,
2.8891,4.3175,6.8238,,,,,,,,,,
0.8767,1.0574,4.2623,,,,,,,,,,
0.5749,0.2833,3.5248,10263.77,0.8,0.84,0.82,0.04,1.0,1.0,1.0,0.0,0.1423
0.8634,1.1768,2.5897,,,,,,,,,,
,,,,,,,,,,,,
2.7757,4.9511,5.2238,,,,,,,,,,
1.0478,1.7078,6.0876,,,,,,,,,,
1.696,1.4269,5.2184,10357.72,0.8,0.84,0.82,0.04,2.0,2.0,2.0,0.0,0.2028
1.7465,2.8993,5.3246,,,,,,,,,,
,,,,,,,,,,,,
2.3973,4.2417,5.8746,,,,,,,,,,
0.5605,0.0,0.8961,,,,,,,,,,
0.234,0.2788,0.0,10259.65,0.72,0.81,0.77,0.09,1.0,1.0,1.0,0.0,0.0835
0.0,0.5792,0.0,,,,,,,,,,
,,,,,,,,,,,,
1.6727,3.4491,9.3446,,,,,,,,,,
0.8554,0.2987,1.7919,,,,,,,,,,
0.0,0.5875,1.7693,10265.04,0.76,0.75,0.76,0.01,1.0,1.0,1.0,0.0,0.0996
0.5943,0.0,1.7739,,,,,,,,,,
,,,,,,,,,,,,
2.963,4.2044,2.7103,,,,,,,,,,
0.5729,0.0,0.0,10205.27,0.72,0.78,0.75,0.06,1.0,1.0,1.0,0.0,0.1339
,,,,,,,,,,,,
1.009,4.7434,9.1477,,,,,,,,,,
1.0355,1.7157,2.1945,,,,,,,,,,
1.9888,0.8549,0.0,10260.05,0.76,0.78,0.77,0.02,1.0,1.0,1.0,0.0,0.1495
0.7952,1.403,4.1267,,,,,,,,,,
,,,,,,,,,,,,
2.0171,3.9236,9.2647,,,,,,,,,,
0.513,0.5144,2.7917,,,,,,,,,,
0.0,0.8566,2.6648,10261.68,0.76,0.81,0.79,0.05,1.0,1.0,1.0,0.0,0.1232
0.2858,1.4023,2.6526,,,,,,,,,,
,,,,,,,,,,,,
1.4221,4.7257,6.5731,,,,,,,,,,
1.0433,0.7855,2.423,,,,,,,,,,
1.4695,0.2865,1.6981,10256.37,0.72,0.78,0.75,0.06,1.0,1.0,1.0,0.0,0.1263
0.5733,1.6462,0.8797,,,,,,,,,,
,,,,,,,,,,,,
2.4951,3.2186,8.7248,,,,,,,,,,
1.6762,0.2449,3.4469,,,,,,,,,,
1.8618,1.1238,1.6617,10259.7,0.76,0.78,0.77,0.02,1.0,1.0,1.0,0.0,0.153
1.7342,1.4015,2.4787,,,,,,,,,,
,,,,,,,,,,,,
2.2626,4.3547,7.5198,,,,,,,,,,
0.0,0.8654,1.6718,,,,,,,,,,
1.169,1.1645,3.3338,10253.47,0.72,0.81,0.77,0.09,1.0,1.0,1.0,0.0,0.1453
1.7333,1.9429,1.6622,,,,,,,,,,
,,,,,,,,,,,,
3.6185,2.8416,6.7089,,,,,,,,,,
0.5837,0.0,3.54,10232.66,0.8,0.88,0.84,0.08,1.0,1.0,1.0,0.0,0.1834
0.593,3.66,7.8245,,,,,,,,,,
,,,,,,,,,,,,
1.8715,4.3414,3.9295,,,,,,,,,,
2.3279,2.1465,8.3191,,,,,,,,,,
1.1284,1.7341,4.4121,10353.72,0.76,0.84,0.8,0.08,2.0,2.0,2.0,0.0,0.1828
1.3902,1.6404,2.3647,,,,,,,,,,
,,,,,,,,,,,,
3.9989,4.5254,10.6721,,,,,,,,,,
2.5152,2.1509,7.5162,,,,,,,,,,
1.9726,1.7801,12.9171,10565.56,0.96,1.0,0.98,0.04,4.0,4.0,4.0,0.0,0.2844
5.2789,3.041,2.9318,,,,,,,,,,
,,,,,,,,,,,,
2.0133,4.5795,9.9109,,,,,,,,,,
0.8458,1.7142,7.3873,,,,,,,,,,
1.303,3.0298,7.5348,10361.18,0.84,0.84,0.84,0.0,2.0,2.0,2.0,0.0,0.2282
1.9877,2.8221,6.0264,,,,,,,,,,
,,,,,,,,,,,,
3.0915,4.3562,6.6159,,,,,,,,,,
0.865,0.7999,2.6475,,,,,,,,,,
0.5688,0.8781,5.2807,10260.27,0.8,0.88,0.84,0.08,1.0,1.0,1.0,0.0,0.1573
1.7218,1.7442,2.5773,,,,,,,,,,
,,,,,,,,,,,,
2.2364,3.6507,10.0837,,,,,,,,,,
1.9683,1.2335,2.5824,,,,,,,,,,
0.8095,0.8878,3.3758,10259.18,0.76,0.78,0.77,0.02,1.0,1.0,1.0,0.0,0.1582
2.2877,0.5851,2.5244,,,,,,,,,,
,,,,,,,,,,,,
3.0358,4.5013,6.0984,,,,,,,,,,
2.5684,1.1552,5.9138,,,,,,,,,,
1.6558,1.167,3.2912,10357.51,0.8,0.84,0.82,0.04,2.0,2.0,2.0,0.0,0.2049
2.6146,3.718,1.7308,,,,,,,,,,
,,,,,,,,,,,,
2.5796,3.2282,8.2479,,,,,,,,,,
2.3561,1.3554,4.5014,,,,,,,,,,
1.4198,1.452,5.1801,10250.36,0.72,0.81,0.77,0.09,1.0,1.0,1.0,0.0,0.1764
1.6818,1.1318,2.6639,,,,,,,,,,
,,,,,,,,,,,,
4.1346,6.0265,9.3662,,,,,,,,,,
1.1684,0.5502,4.3344,,,,,,,,,,
1.1513,2.0237,4.2505,10371.28,0.96,0.94,0.95,0.02,2.0,2.0,2.0,0.0,0.2172
2.33,2.6341,5.1552,,,,,,,,,,
,,,,,,,,,,,,
2.3576,4.4784,5.0463,,,,,,,,,,
0.8641,0.5598,0.0,,,,,,,,,,
0.5747,0.5531,1.7249,10257.83,0.72,0.81,0.77,0.09,1.0,1.0,1.0,0.0,0.1017
1.1833,0.0,0.0,,,,,,,,,,
,,,,,,,,,,,,
1.621,4.1799,7.8975,,,,,,,,,,
2.1234,0.7647,5.5315,,,,,,,,,,
2.0929,2.1831,3.4643,10249.63,0.72,0.81,0.77,0.09,1.0,1.0,1.0,0.0,0.1837
1.855,1.4548,3.4399,,,,,,,,,,
,,,,,,,,,,,,
4.9287,4.6396,9.7231,,,,,,,,,,
2.2243,2.7377,8.4082,,,,,,,,,,
2.9813,1.8764,10.6005,10570.6,1.0,1.0,1.0,0.0,4.0,4.0,4.0,0.0,0.294
2.7204,4.641,4.2121,,,,,,,,,,
,,,,,,,,,,,,
2.219,6.3131,10.0979,,,,,,,,,,
3.0454,1.6678,4.2426,,,,,,,,,,
2.3031,3.7263,5.9065,10554.65,0.92,0.84,0.88,0.08,4.0,4.0,4.0,0.0,0.2535
2.1755,2.8653,4.3734,,,,,,,,,,
,,,,,,,,,,,,
1.1088,4.826,7.3356,,,,,,,,,,
0.4391,0.2512,1.2558,,,,,,,,,,
0.9406,1.0944,2.5377,10256.18,0.72,0.78,0.75,0.06,1.0,1.0,1.0,0.0,0.1282
1.6961,2.0185,0.0,,,,,,,,,,
,,,,,,,,,,,,
2.4436,3.2805,3.2996,,,,,,,,,,
2.6928,2.8483,4.6,,,,,,,,,,
1.9023,3.1067,5.8694,10554.89,0.8,0.84,0.82,0.04,4.0,4.0,4.0,0.0,0.2311
2.9705,4.539,3.3971,,,,,,,,,,
,,,,,,,,,,,,
2.9134,2.8406,8.6105,,,,,,,,,,
0.8841,1.0091,2.6626,,,,,,,,,,
1.9855,0.8466,3.5293,10252.26,0.8,0.72,0.76,0.08,1.0,1.0,1.0,0.0,0.1574
2.3159,1.1788,2.4851,,,,,,,,,,
,,,,,,,,,,,,
1.7923,5.2801,0.735,,,,,,,,,,
2.0779,0.584,0.4015,10224.77,0.72,0.78,0.75,0.06,1.0,1.0,1.0,0.0,0.1309
-0.5618,-0.6485,3.8123,,,,,,,,,,
,,,,,,,,,,,,
2.3985,4.0028,8.1984,,,,,,,,,,
0.8818,2.0068,3.4545,,,,,,,,,,
1.4727,0.8079,3.5511,10258.39,0.76,0.78,0.77,0.02,1.0,1.0,1.0,0.0,0.1661
1.7567,1.1804,3.5606,,,,,,,,,,
,,,,,,,,,,,,
2.6143,3.5755,5.1452,,,,,,,,,,
0.8651,0.5793,2.6578,,,,,,,,,,
2.9434,1.4527,7.8691,10356.89,0.76,0.81,0.79,0.05,2.0,2.0,2.0,0.0,0.1711
0.5211,2.8841,2.6001,,,,,,,,,,
,,,,,,,,,,,,
1.8159,3.2058,9.3862,,,,,,,,,,
1.9911,1.3356,6.4222,,,,,,,,,,
1.7736,2.0211,7.5697,10255.03,0.76,0.75,0.76,0.01,1.0,1.0,1.0,0.0,0.1997
1.0972,3.1497,2.2294,,,,,,,,,,
,,,,,,,,,,,,
1.3661,6.4625,4.2293,,,,,,,,,,
1.5251,0.8765,0.4666,,,,,,,,,,
0.3828,1.5786,4.5886,10256.41,0.72,0.78,0.75,0.06,1.0,1.0,1.0,0.0,0.1259
0.1129,0.6306,-0.3165,,,,,,,,,,
,,,,,,,,,,,,
2.2429,4.1208,8.4431,,,,,,,,,,
1.6831,1.4585,4.433,,,,,,,,,,
1.3705,2.0367,6.8174,10250.09,0.72,0.81,0.77,0.09,1.0,1.0,1.0,0.0,0.1791
1.1755,1.1461,1.6756,,,,,,,,,,
,,,,,,,,,,,,
1.8776,4.0056,5.5574,,,,,,,,,,
3.5117,1.1541,7.3195,,,,,,,,,,
2.9766,0.2696,8.3505,10456.59,0.8,0.84,0.82,0.04,3.0,3.0,3.0,0.0,0.2141
2.2703,3.1581,2.6228,,,,,,,,,,
,,,,,,,,,,,,
1.0437,4.1764,6.8709,,,,,,,,,,
2.5327,3.0458,4.3516,,,,,,,,,,
1.6766,1.8482,5.2831,10349.5,0.72,0.81,0.77,0.09,2.0,2.0,2.0,0.0,0.185
1.9791,1.1867,0.8832,,,,,,,,,,
,,,,,,,,,,,,
3.9702,4.0188,10.8615,,,,,,,,,,
2.1627,2.8264,4.1017,,,,,,,,,,
2.7393,3.3173,7.749,10555.77,0.88,0.94,0.91,0.06,4.0,4.0,4.0,0.0,0.2923
3.1696,3.6557,11.8972,,,,,,,,,,
,,,,,,,,,,,,
1.1354,3.2789,5.6744,,,,,,,,,,
2.8032,1.8709,4.8247,,,,,,,,,,
1.9223,2.1422,8.7964,10357.98,0.8,0.78,0.79,0.02,2.0,2.0,2.0,0.0,0.1902
1.7377,2.2561,0.8746,,,,,,,,,,
,,,,,,,,,,,,
2.1599,3.1887,6.6889,,,,,,,,,,
2.8691,1.3606,6.0741,,,,,,,,,,
1.7479,2.9079,7.6335,10447.83,0.72,0.81,0.77,0.09,3.0,3.0,3.0,0.0,0.2017
2.3026,1.45,1.7744,,,,,,,,,,
,,,,,,,,,,,,
4.2716,3.9585,9.1653,,,,,,,,,,
2.2491,2.6793,9.1623,,,,,,,,,,
2.5905,3.0679,7.1813,10557.41,0.88,0.94,0.91,0.06,4.0,4.0,4.0,0.0,0.2759
4.2578,2.2413,4.3843,,,,,,,,,,
,,,,,,,,,,,,
2.1578,3.613,4.1326,,,,,,,,,,
2.0255,1.0998,3.0123,,,,,,,,,,
2.0086,1.453,10.3746,10358.41,0.76,0.78,0.77,0.02,2.0,2.0,2.0,0.0,0.1659
1.1899,1.4445,0.0,,,,,,,,,,
,,,,,,,,,,,,
1.9571,5.0058,10.3754,,,,,,,,,,
2.0405,3.0687,7.5091,,,,,,,,,,
4.6059,4.3881,8.1687,10562.51,0.96,1.0,0.98,0.04,4.0,4.0,4.0,0.0,0.3149
2.6214,4.9355,9.1956,,,,,,,,,,
,,,,,,,,,,,,
1.6979,3.9863,7.9616,,,,,,,,,,
1.9423,1.5563,2.596,,,,,,,,,,
1.3775,1.74,7.4539,10250.65,0.72,0.78,0.75,0.06,1.0,1.0,1.0,0.0,0.1835
1.7311,1.4249,4.3092,,,,,,,,,,
,,,,,,,,,,,,
4.3492,2.707,2.6097,10169.78,0.72,0.78,0.75,0.06,1.0,1.0,1.0,0.0,0.2422
,,,,,,,,,,,,
1.868,3.1027,9.2265,,,,,,,,,,
2.455,1.4544,3.2133,,,,,,,,,,
2.0477,1.7106,5.492,10355.83,0.76,0.78,0.77,0.02,2.0,2.0,2.0,0.0,0.1917
1.4407,3.1653,2.5477,,,,,,,,,,
,,,,,,,,,,,,
1.2562,4.5911,3.5919,,,,,,,,,,
1.366,1.001,4.9887,,,,,,,,,,
0.8791,2.2083,3.7862,10254.66,0.72,0.78,0.75,0.06,1.0,1.0,1.0,0.0,0.1434
1.7622,0.7812,0.0,,,,,,,,,,
,,,,,,,,,,,,
1.2946,2.9634,9.5652,,,,,,,,,,
2.5356,0.4754,5.3819,,,,,,,,,,
2.1674,2.0332,4.1818,10257.42,0.76,0.75,0.76,0.01,1.0,1.0,1.0,0.0,0.1758
2.2226,1.7132,0.8615,,,,,,,,,,
,,,,,,,,,,,,
1.7857,2.4129,13.5035,,,,,,,,,,
2.9313,2.7413,11.17,,,,,,,,,,
3.044,3.0278,8.5791,10555.68,0.88,0.84,0.86,0.04,4.0,4.0,4.0,0.0,0.2632
3.8858,1.8064,2.5051,,,,,,,,,,
,,,,,,,,,,,,
2.9707,2.5724,8.8436,,,,,,,,,,
1.3992,2.7752,6.1666,,,,,,,,,,
1.2656,1.7087,4.2593,10248.72,0.8,0.72,0.76,0.08,1.0,1.0,1.0,0.0,0.1928
1.7022,2.8279,1.577,,,,,,,,,,
,,,,,,,,,,,,
2.4273,3.9654,2.4078,,,,,,,,,,
1.0612,1.3062,0.8711,,,,,,,,,,
1.1163,2.4287,6.9516,10353.62,0.76,0.84,0.8,0.08,2.0,2.0,2.0,0.0,0.1838
2.6015,4.5129,1.6152,,,,,,,,,,
,,,,,,,,,,,,
1.644,2.9469,3.3341,,,,,,,,,,
3.154,1.5828,4.7352,,,,,,,,,,
2.2291,3.1436,8.4136,10455.82,0.76,0.81,0.79,0.05,3.0,3.0,3.0,0.0,0.1818
1.6982,0.7918,0.7494,,,,,,,,,,
,,,,,,,,,,,,
2.777,4.2586,8.3503,,,,,,,,,,
1.7688,3.6113,10.2189,,,,,,,,,,
2.3851,2.8843,6.3007,10554.02,0.92,0.84,0.88,0.08,4.0,4.0,4.0,0.0,0.2598
3.9935,2.5955,1.7182,,,,,,,,,,
,,,,,,,,,,,,
4.2603,2.7663,3.8706,,,,,,,,,,
0.5867,0.2314,0.0,10204.49,0.72,0.78,0.75,0.06,1.0,1.0,1.0,0.0,0.1413
,,,,,,,,,,,,
1.3872,3.4231,9.793,,,,,,,,,,
1.7752,1.2825,5.2608,,,,,,,,,,
1.1609,2.3903,5.2452,10256.99,0.76,0.75,0.76,0.01,1.0,1.0,1.0,0.0,0.1801
1.7212,2.2741,0.8913,,,,,,,,,,
,,,,,,,,,,,,
2.6684,3.26,7.7944,,,,,,,,,,
1.4113,1.076,6.8958,,,,,,,,,,
1.3992,0.8888,4.1481,10251.46,0.72,0.81,0.77,0.09,1.0,1.0,1.0,0.0,0.1654
1.9772,1.0837,1.7254,,,,,,,,,,
,,,,,,,,,,,,
3.2234,3.8219,4.9931,,,,,,,,,,
0.8396,0.8018,0.8674,,,,,,,,,,
1.1761,0.2804,6.9103,10364.18,0.84,0.88,0.86,0.04,2.0,2.0,2.0,0.0,0.1782
1.1489,3.6915,9.4709,,,,,,,,,,
,,,,,,,,,,,,
1.1401,4.962,4.8261,,,,,,,,,,
1.3882,1.4635,4.8646,,,,,,,,,,
1.2682,1.7806,6.023,10252.3,0.72,0.78,0.75,0.06,1.0,1.0,1.0,0.0,0.167
1.678,1.4268,1.6426,,,,,,,,,,
,,,,,,,,,,,,
3.0468,4.1112,6.6633,,,,,,,,,,
2.2154,3.0563,9.1237,,,,,,,,,,
3.6561,3.8354,5.7908,10554.05,0.84,0.91,0.88,0.07,4.0,4.0,4.0,0.0,0.2695
2.819,2.1629,6.7372,,,,,,,,,,
,,,,,,,,,,,,
1.8191,4.2999,6.3365,,,,,,,,,,
1.2509,4.0606,4.6157,,,,,,,,,,
1.1508,2.0532,3.5357,10351.16,0.72,0.81,0.77,0.09,2.0,2.0,2.0,0.0,0.1684
1.1411,0.2867,0.8838,,,,,,,,,,
,,,,,,,,,,,,
2.4974,2.907,5.4752,,,,,,,,,,
1.4658,0.4287,8.1893,,,,,,,,,,
1.2531,2.6418,5.437,10258.09,0.76,0.78,0.77,0.02,1.0,1.0,1.0,0.0,0.1691
3.0571,0.5759,0.1818,,,,,,,,,,
,,,,,,,,,,,,
4.3243,1.3295,3.7251,,,,,,,,,,
0.8107,0.7913,1.0021,,,,,,,,,,
2.1044,2.0752,3.362,10351.45,0.72,0.81,0.77,0.09,2.0,2.0,2.0,0.0,0.1655
3.2522,2.8503,2.7916,,,,,,,,,,
,,,,,,,,,,,,
1.5566,3.0471,4.9038,,,,,,,,,,
1.4893,3.0902,4.8355,,,,,,,,,,
1.941,2.6416,9.9201,10456.99,0.76,0.75,0.76,0.01,3.0,3.0,3.0,0.0,0.1801
0.5694,1.6531,0.0,,,,,,,,,,
,,,,,,,,,,,,
0.5475,3.4803,7.9524,,,,,,,,,,
3.0292,1.8558,2.9948,,,,,,,,,,
3.2408,0.4742,7.2983,10352.49,0.76,0.84,0.8,0.08,2.0,2.0,2.0,0.0,0.1951
1.6774,3.0765,3.5255,,,,,,,,,,
,,,,,,,,,,,,
2.3622,3.8664,7.7091,,,,,,,,,,
3.0931,1.1042,10.5477,,,,,,,,,,
1.6203,2.388,8.3949,10462.68,0.84,0.84,0.84,0.0,3.0,3.0,3.0,0.0,0.2132
2.7511,0.5785,0.8912,,,,,,,,,,
,,,,,,,,,,,,
2.1637,4.387,7.3081,,,,,,,,,,
2.41,1.1404,6.6262,,,,,,,,,,
0.8802,3.0364,6.1568,10247.49,0.72,0.81,0.77,0.09,1.0,1.0,1.0,0.0,0.2051
2.2946,2.2577,1.6814,,,,,,,,,,
,,,,,,,,,,,,
1.9116,3.7773,5.85,,,,,,,,,,
1.7005,2.2684,10.2192,,,,,,,,,,
3.2535,3.4815,7.8524,10557.81,0.84,0.88,0.86,0.04,4.0,4.0,4.0,0.0,0.2419
2.476,2.2866,4.3698,,,,,,,,,,
,,,,,,,,,,,,
1.6516,4.4036,5.1728,,,,,,,,,,
2.5598,3.7307,6.1828,,,,,,,,,,
2.5703,2.4547,4.2476,10453.73,0.76,0.81,0.79,0.05,3.0,3.0,3.0,0.0,0.2027
2.2775,0.6859,0.7051,,,,,,,,,,
,,,,,,,,,,,,
1.6622,2.355,8.6391,,,,,,,,,,
4.4561,3.4769,6.9618,,,,,,,,,,
2.3825,3.0575,9.3443,10462.52,0.88,0.94,0.91,0.06,3.0,3.0,3.0,0.0,0.2248
1.3469,1.3536,0.2448,,,,,,,,,,
,,,,,,,,,,,,
2.0843,2.8812,9.0157,,,,,,,,,,
2.2442,2.1031,5.9872,,,,,,,,,,
0.8705,2.4511,8.5322,10255.13,0.76,0.75,0.76,0.01,1.0,1.0,1.0,0.0,0.1987
2.6121,1.6978,0.3188,,,,,,,,,,
,,,,,,,,,,,,
4.1543,2.3416,8.2685,,,,,,,,,,
1.3885,1.026,7.2098,,,,,,,,,,
2.2154,2.1854,5.9573,10252.3,0.8,0.75,0.78,0.05,1.0,1.0,1.0,0.0,0.207
2.2718,2.1492,3.5945,,,,,,,,,,
,,,,,,,,,,,,
2.3922,2.9502,9.8489,,,,,,,,,,
0.7614,2.8635,3.927,,,,,,,,,,
0.2885,0.8676,7.5685,10251.37,0.8,0.72,0.76,0.08,1.0,1.0,1.0,0.0,0.1663
0.9633,1.7442,2.1148,,,,,,,,,,
,,,,,,,,,,,,
4.0025,3.0402,2.3746,,,,,,,,,,
0.6856,0.0,0.0,10232.2,0.72,0.81,0.77,0.09,1.0,1.0,1.0,0.0,0.0962
0.4309,0.2555,0.2777,,,,,,,,,,
,,,,,,,,,,,,
3.5067,3.8804,8.1327,,,,,,,,,,
2.6593,1.3373,8.3504,,,,,,,,,,
2.4487,3.3468,6.7943,10551.35,0.8,0.88,0.84,0.08,4.0,4.0,4.0,0.0,0.2465
3.8476,2.5513,0.4791,,,,,,,,,,
,,,,,,,,,,,,
1.7801,3.7232,4.2392,,,,,,,,,,
0.8367,0.8266,8.1385,,,,,,,,,,
2.1515,2.1758,5.8443,10355.39,0.76,0.81,0.79,0.05,2.0,2.0,2.0,0.0,0.1861
2.7265,1.9025,3.3941,,,,,,,,,,
,,,,,,,,,,,,
2.2649,3.0176,8.485,,,,,,,,,,
1.1981,0.6852,3.7348,,,,,,,,,,
-0.1787,1.3044,7.7371,10259.38,0.76,0.78,0.77,0.02,1.0,1.0,1.0,0.0,0.1562
2.7085,1.1625,0.8861,,,,,,,,,,
,,,,,,,,,,,,
4.2443,4.0202,6.7187,,,,,,,,,,
0.0,1.1535,1.7004,,,,,,,,,,
1.1392,1.4395,3.5247,10366.95,0.88,0.94,0.91,0.06,2.0,2.0,2.0,0.0,0.1805
1.4432,2.3208,9.0867,,,,,,,,,,
,,,,,,,,,,,,
2.1887,3.1345,8.7161,,,,,,,,,,
0.5982,1.9,1.6647,,,,,,,,,,
2.5239,2.3542,6.8244,10356.97,0.76,0.78,0.77,0.02,2.0,2.0,2.0,0.0,0.1803
2.3619,1.5716,0.8866,,,,,,,,,,
,,,,,,,,,,,,
3.3262,3.4533,6.8865,,,,,,,,,,
0.0,1.1105,7.7776,,,,,,,,,,
2.2953,3.1799,2.6196,10451.5,0.76,0.84,0.8,0.08,3.0,3.0,3.0,0.0,0.205
2.0303,3.0739,5.0037,,,,,,,,,,
,,,,,,,,,,,,
4.27,2.5245,4.1355,10168.85,0.72,0.78,0.75,0.06,1.0,1.0,1.0,0.0,0.2515
,,,,,,,,,,,,
3.0168,4.0331,6.4238,,,,,,,,,,
1.7842,-0.0999,1.7081,,,,,,,,,,
1.6885,2.3501,8.4364,10457.43,0.8,0.84,0.82,0.04,3.0,3.0,3.0,0.0,0.2057
2.5814,3.7132,3.9503,,,,,,,,,,
,,,,,,,,,,,,
1.6965,3.9269,8.2155,,,,,,,,,,
1.3858,1.1984,6.2282,,,,,,,,,,
2.8991,2.148,3.8574,10351.72,0.76,0.84,0.8,0.08,2.0,2.0,2.0,0.0,0.2028
1.6595,2.1985,6.5846,,,,,,,,,,
,,,,,,,,,,,,
2.5223,2.8031,4.3867,,,,,,,,,,
1.7774,0.3734,8.6551,,,,,,,,,,
1.7867,2.98,7.2621,10354.06,0.76,0.78,0.77,0.02,2.0,2.0,2.0,0.0,0.2094
2.9279,-2.9252,-7.8426,,,,,,,,,,
,,,,,,,,,,,,
1.6146,2.4188,5.8802,,,,,,,,,,
2.5989,2.6144,6.6355,,,,,,,,,,
2.1632,3.623,14.802,10457.99,0.84,0.88,0.86,0.04,3.0,3.0,3.0,0.0,0.2401
1.253,3.696,4.0171,,,,,,,,,,
,,,,,,,,,,,,
1.9778,2.4372,9.3797,,,,,,,,,,
1.771,1.6662,3.2026,,,,,,,,,,
2.8971,2.9214,7.4717,10353.86,0.84,0.78,0.81,0.06,2.0,2.0,2.0,0.0,0.2114
0.9219,-1.9339,-28.7616,,,,,,,,,,
,,,,,,,,,,,,
3.6081,2.4968,5.0631,,,,,,,,,,
0.0403,2.1805,1.6739,,,,,,,,,,
2.3413,2.6582,7.7941,10350.54,0.8,0.72,0.76,0.08,2.0,2.0,2.0,0.0,0.1746
1.8016,2.1083,-0.1004,,,,,,,,,,
,,,,,,,,,,,,
3.1248,3.1447,4.2739,,,,,,,,,,
1.8981,1.9078,9.6404,10322.59,0.84,0.84,0.84,0.0,2.0,2.0,2.0,0.0,0.2199
2.1803,2.0967,5.4048,,,,,,,,,,
,,,,,,,,,,,,
2.7508,3.1829,3.8637,,,,,,,,,,
0.1419,2.4241,4.6202,10223.73,0.76,0.81,0.79,0.05,1.0,1.0,1.0,0.0,0.1697
1.4031,0.4899,8.0933,,,,,,,,,,
,,,,,,,,,,,,
3.1151,1.7291,4.6696,,,,,,,,,,
2.593,1.1245,10.0571,,,,,,,,,,
2.6363,2.877,4.9136,10452.89,0.84,0.75,0.79,0.09,3.0,3.0,3.0,0.0,0.1711
0.7778,-0.2156,0.0,,,,,,,,,,
,,,,,,,,,,,,
2.5424,2.8402,2.9936,,,,,,,,,,
1.6237,2.914,20.5263,,,,,,,,,,
4.0688,7.4707,19.3203,10561.06,0.96,1.0,0.98,0.04,4.0,4.0,4.0,0.0,0.3294
3.3372,4.8179,-2.2404,,,,,,,,,,
,,,,,,,,,,,,
2.0223,2.6908,4.9096,,,,,,,,,,
1.4393,2.9019,12.9657,,,,,,,,,,
4.8303,4.8606,11.0855,10474.03,1.0,1.0,1.0,0.0,3.0,3.0,3.0,0.0,0.2597
3.0063,1.9205,0.1164,,,,,,,,,,
,,,,,,,,,,,,
3.5101,1.6311,3.4118,,,,,,,,,,
1.416,3.9931,7.5655,,,,,,,,,,
4.1656,3.6846,2.9513,10462.87,0.84,0.91,0.88,0.07,3.0,3.0,3.0,0.0,0.1813
0.2366,0.0,0.0,,,,,,,,,,
,,,,,,,,,,,,
3.0327,1.9475,2.5815,,,,,,,,,,
1.8586,2.5417,11.0099,,,,,,,,,,
3.882,2.8218,5.0972,10461.01,0.84,0.81,0.82,0.03,3.0,3.0,3.0,0.0,0.1799
0.2882,0.2903,0.0,,,,,,,,,,
,,,,,,,,,,,,
2.7807,2.0592,2.3521,,,,,,,,,,
2.1376,3.5761,8.3012,,,,,,,,,,
5.9466,3.4501,2.5997,10465.03,0.88,0.97,0.93,0.09,3.0,3.0,3.0,0.0,0.1897
0.2642,0.0,0.0,,,,,,,,,,
,,,,,,,,,,,,
3.0351,1.4957,4.7039,,,,,,,,,,
3.3608,3.3103,15.4091,,,,,,,,,,
1.8994,1.8731,8.4666,10464.28,0.88,0.91,0.9,0.03,3.0,3.0,3.0,0.0,0.2272
3.1419,1.0238,1.2162,,,,,,,,,,
,,,,,,,,,,,,
2.9757,1.7313,3.0109,,,,,,,,,,
1.6392,1.6282,11.8313,,,,,,,,,,
2.102,1.8022,0.0,10354.5,0.8,0.72,0.76,0.08,2.0,2.0,2.0,0.0,0.135
0.2355,0.0,0.0,,,,,,,,,,
,,,,,,,,,,,,
3.4226,1.9604,-4.9284,,,,,,,,,,
1.5771,-1.6821,-9.2247,,,,,,,,,,
-5.7223,-1.412,2.4717,10250.48,0.72,0.78,0.75,0.06,1.0,1.0,1.0,0.0,0.1852
0.0621,3.8425,4.7641,,,,,,,,,,
,,,,,,,,,,,,
2.5493,2.5213,4.2897,,,,,,,,,,
0.5179,2.5201,6.6951,,,,,,,,,,
3.3051,1.8231,7.9009,10350.16,0.8,0.72,0.76,0.08,2.0,2.0,2.0,0.0,0.1784
0.9108,-0.7858,3.479,,,,,,,,,,
,,,,,,,,,,,,
2.5106,2.482,5.084,,,,,,,,,,
1.7184,0.8543,13.7888,,,,,,,,,,
3.8236,2.8043,0.8747,10460.5,0.88,0.81,0.84,0.07,3.0,3.0,3.0,0.0,0.165
0.2916,0.0,0.0,,,,,,,,,,
,,,,,,,,,,,,
1.1641,1.9379,5.0341,,,,,,,,,,
2.2493,3.0999,11.2442,10234.61,0.76,0.78,0.77,0.02,1.0,1.0,1.0,0.0,0.1539
0.5756,0.0,0.0,,,,,,,,,,
,,,,,,,,,,,,
3.0238,1.6237,4.3401,,,,,,,,,,
1.4461,2.494,11.931,,,,,,,,,,
3.1211,2.9006,3.3923,10457.41,0.84,0.78,0.81,0.06,3.0,3.0,3.0,0.0,0.1759
0.5878,0.5189,0.0,,,,,,,,,,
,,,,,,,,,,,,
0.7844,1.8692,1.746,,,,,,,,,,
3.3099,2.8375,8.477,10234.06,0.8,0.75,0.78,0.05,1.0,1.0,1.0,0.0,0.1323
0.298,0.0,0.0,,,,,,,,,,
,,,,,,,,,,,,
1.6976,2.1769,6.5011,,,,,,,,,,
1.5449,4.0326,14.2317,,,,,,,,,,
7.6825,3.0677,9.0395,10462.39,0.92,0.97,0.95,0.05,3.0,3.0,3.0,0.0,0.2761
4.4038,1.868,-0.7653,,,,,,,,,,
,,,,,,,,,,,,
2.2826,2.2025,5.9442,,,,,,,,,,
0.7502,4.4468,6.9604,,,,,,,,,,
5.7944,2.2115,-2.128,10363.8,0.88,0.88,0.88,0.0,2.0,2.0,2.0,0.0,0.242
1.2972,-10.0,-30.0,,,,,,,,,,
,,,,,,,,,,,,
2.4704,1.3038,4.8727,,,,,,,,,,
0.8979,1.5894,4.961,,,,,,,,,,
3.8851,3.7801,11.9536,10364.38,0.88,0.94,0.91,0.06,2.0,2.0,2.0,0.0,0.2062
2.9614,2.1213,0.0,,,,,,,,,,
,,,,,,,,,,,,
2.7669,1.6165,4.184,,,,,,,,,,
0.5472,2.2775,15.272,,,,,,,,,,
6.8768,7.1967,9.3955,10571.56,1.0,1.0,1.0,0.0,4.0,4.0,4.0,0.0,0.2844
5.8522,1.6367,0.0,,,,,,,,,,
,,,,,,,,,,,,
2.8666,0.8104,-1.992,,,,,,,,,,
0.6681,0.7571,9.7202,,,,,,,,,,
7.1743,5.0376,17.2975,10275.28,1.0,1.0,1.0,0.0,1.0,1.0,1.0,0.0,0.2472
5.4127,0.4051,-1.6178,,,,,,,,,,
,,,,,,,,,,,,
2.4391,1.7467,1.9445,,,,,,,,,,
0.8001,2.3857,14.1138,10228.65,0.84,0.75,0.79,0.09,1.0,1.0,1.0,0.0,0.1635
1.6841,0.9915,0.2785,,,,,,,,,,
,,,,,,,,,,,,
3.2922,1.3623,2.7701,,,,,,,,,,
0.4737,1.6135,8.8302,,,,,,,,,,
7.7915,8.3891,17.4116,10372.99,1.0,1.0,1.0,0.0,2.0,2.0,2.0,0.0,0.2701
3.1521,1.9638,0.0208,,,,,,,,,,
,,,,,,,,,,,,
2.4695,1.4462,0.8205,,,,,,,,,,
0.6559,1.5361,7.4096,,,,,,,,,,
3.8094,1.7874,7.8315,10252.44,0.8,0.72,0.76,0.08,1.0,1.0,1.0,0.0,0.1556
1.262,1.2366,0.0,,,,,,,,,,
,,,,,,,,,,,,
2.5168,1.8698,1.9899,,,,,,,,,,
0.0,1.3719,5.1149,,,,,,,,,,
2.995,3.9198,8.0897,10256.65,0.76,0.84,0.8,0.08,1.0,1.0,1.0,0.0,0.1535
1.0662,0.5508,0.0,,,,,,,,,,
,,,,,,,,,,,,
1.1196,2.2555,2.9544,,,,,,,,,,
2.3886,1.6186,14.6584,,,,,,,,,,
1.9134,2.5179,1.7583,10255.22,0.84,0.75,0.79,0.09,1.0,1.0,1.0,0.0,0.1478
0.4373,0.0,0.0,,,,,,,,,,
,,,,,,,,,,,,
2.9436,1.3709,4.3906,,,,,,,,,,
1.7212,0.7058,16.7809,,,,,,,,,,
5.2372,2.7853,22.6359,10466.52,0.96,1.0,0.98,0.04,3.0,3.0,3.0,0.0,0.2748
7.3201,0.3164,-2.6744,,,,,,,,,,
,,,,,,,,,,,,
3.3515,1.1396,0.8242,,,,,,,,,,
1.0005,0.5353,6.0499,,,,,,,,,,
4.1264,4.4523,14.74,10374.06,0.96,0.97,0.96,0.01,2.0,2.0,2.0,0.0,0.2094
3.275,1.9814,0.0,,,,,,,,,,
,,,,,,,,,,,,
0.946,1.6875,0.0,,,,,,,,,,
1.0876,0.7517,12.6466,,,,,,,,,,
1.6893,1.1503,4.7583,10264.71,0.8,0.81,0.81,0.01,1.0,1.0,1.0,0.0,0.1529
1.455,3.1831,3.8759,,,,,,,,,,
,,,,,,,,,,,,
3.6584,2.6546,5.1805,,,,,,,,,,
1.3257,3.1617,11.172,,,,,,,,,,
9.8263,7.9519,26.6877,10465.18,1.0,1.0,1.0,0.0,3.0,3.0,3.0,0.0,0.3482
4.4853,-6.6572,1.2695,,,,,,,,,,
,,,,,,,,,,,,
2.0388,1.3451,2.6106,,,,,,,,,,
1.5942,1.0144,12.0934,,,,,,,,,,
5.5619,3.5381,15.1136,10365.48,0.92,0.97,0.95,0.05,2.0,2.0,2.0,0.0,0.2452
6.7169,0.7266,0.0,,,,,,,,,,
,,,,,,,,,,,,
3.1233,1.9145,4.5274,,,,,,,,,,
0.0,0.2918,3.6637,,,,,,,,,,
3.3466,4.1617,7.8722,10365.17,0.84,0.91,0.88,0.07,2.0,2.0,2.0,0.0,0.1583
1.3245,0.5856,0.0,,,,,,,,,,
,,,,,,,,,,,,
2.8015,0.8757,2.4065,,,,,,,,,,
0.8189,1.5272,7.1151,,,,,,,,,,
2.9782,3.1426,7.7912,10258.5,0.76,0.81,0.79,0.05,1.0,1.0,1.0,0.0,0.155
1.5906,0.0,0.0,,,,,,,,,,
,,,,,,,,,,,,
3.298,1.1585,2.0518,,,,,,,,,,
0.5856,3.5534,8.4773,,,,,,,,,,
5.9747,6.9923,20.3539,10470.6,1.0,1.0,1.0,0.0,3.0,3.0,3.0,0.0,0.294
5.9828,2.0421,0.0,,,,,,,,,,
,,,,,,,,,,,,
2.3261,1.66,0.0,,,,,,,,,,
1.311,2.7338,7.6219,,,,,,,,,,
2.3462,2.102,2.605,10249.14,0.72,0.81,0.77,0.09,1.0,1.0,1.0,0.0,0.1886
2.3398,4.4629,3.6629,,,,,,,,,,
,,,,,,,,,,,,
3.8195,1.4649,0.0,,,,,,,,,,
0.0,0.8135,7.3344,,,,,,,,,,
1.4173,4.4848,15.9212,10364.8,0.96,0.88,0.92,0.08,2.0,2.0,2.0,0.0,0.192
2.7751,1.9989,-0.522,,,,,,,,,,
,,,,,,,,,,,,
3.0612,1.428,0.0336,,,,,,,,,,
0.3942,2.3289,9.2184,10242.44,0.96,0.94,0.95,0.02,1.0,1.0,1.0,0.0,0.2023
4.1383,5.1535,0.1139,,,,,,,,,,
,,,,,,,,,,,,
3.4112,1.303,0.0,,,,,,,,,,
1.2212,1.6905,10.8603,,,,,,,,,,
4.0823,2.6901,10.14,10360.45,0.88,0.84,0.86,0.04,2.0,2.0,2.0,0.0,0.2155
1.1369,4.2591,2.051,,,,,,,,,,
,,,,,,,,,,,,
3.0758,1.1845,2.3895,,,,,,,,,,
0.4804,1.1299,7.6926,,,,,,,,,,
6.2852,3.9403,8.1945,10363.09,0.88,0.97,0.93,0.09,2.0,2.0,2.0,0.0,0.2091
2.6227,2.3048,0.0,,,,,,,,,,
,,,,,,,,,,,,
3.1588,1.4374,2.3852,,,,,,,,,,
0.0,0.8005,6.4282,,,,,,,,,,
4.9931,4.4413,10.7695,10378.72,1.0,1.0,1.0,0.0,2.0,2.0,2.0,0.0,0.2128
2.2922,2.9963,2.0504,,,,,,,,,,
,,,,,,,,,,,,
2.3275,1.8827,1.6063,,,,,,,,,,
2.3029,2.3116,14.1528,,,,,,,,,,
3.6886,2.6366,9.5243,10464.14,0.88,0.88,0.88,0.0,3.0,3.0,3.0,0.0,0.2386
2.5039,3.9403,1.5086,,,,,,,,,,
,,,,,,,,,,,,
3.9788,0.8858,1.3237,,,,,,,,,,
0.0,1.3976,11.926,,,,,,,,,,
2.6609,2.0532,8.1344,10255.25,0.84,0.75,0.79,0.09,1.0,1.0,1.0,0.0,0.1475
0.56,0.0,0.0,,,,,,,,,,
,,,,,,,,,,,,
3.4034,1.7524,0.87,,,,,,,,,,
0.0,1.4166,8.9627,,,,,,,,,,
2.8524,2.2224,2.7818,10355.21,0.8,0.72,0.76,0.08,2.0,2.0,2.0,0.0,0.1279
0.35,0.0,0.0,,,,,,,,,,
,,,,,,,,,,,,
3.7566,0.5869,0.7171,,,,,,,,,,
0.2985,2.1393,13.8481,10342.78,0.88,0.91,0.9,0.03,2.0,2.0,2.0,0.0,0.1922
3.1854,3.163,1.7135,,,,,,,,,,
,,,,,,,,,,,,
3.9164,1.1546,1.7059,,,,,,,,,,
1.1923,2.9682,13.1026,,,,,,,,,,
4.7029,9.0097,8.4807,10473.16,1.0,1.0,1.0,0.0,3.0,3.0,3.0,0.0,0.2684
1.4089,3.1393,3.2542,,,,,,,,,,
,,,,,,,,,,,,
2.6367,1.7449,0.8827,,,,,,,,,,
0.8425,2.4568,14.8783,,,,,,,,,,
3.9216,3.0048,2.5001,10370.18,0.88,0.91,0.9,0.03,2.0,2.0,2.0,0.0,0.1682
0.5667,0.2952,0.0,,,,,,,,,,
,,,,,,,,,,,,
3.4502,1.4,0.8832,,,,,,,,,,
0.2672,2.609,9.0261,,,,,,,,,,
5.23,5.6656,11.8012,10375.57,1.0,1.0,1.0,0.0,2.0,2.0,2.0,0.0,0.2443
2.1931,3.1879,1.135,,,,,,,,,,
,,,,,,,,,,,,
2.5769,1.6269,0.0,,,,,,,,,,
0.5072,1.4248,9.3665,,,,,,,,,,
3.4184,2.8584,7.5749,10263.51,0.84,0.81,0.82,0.03,1.0,1.0,1.0,0.0,0.1549
0.8645,0.5653,0.0,,,,,,,,,,
,,,,,,,,,,,,
3.4357,1.4096,0.8731,,,,,,,,,,
0.2604,0.9733,7.6496,,,,,,,,,,
4.4097,4.028,12.1698,10371.23,0.96,0.94,0.95,0.02,2.0,2.0,2.0,0.0,0.2177
0.8469,4.25,4.0238,,,,,,,,,,
,,,,,,,,,,,,
1.3721,2.2673,2.3642,,,,,,,,,,
2.8501,2.6483,5.5307,,,,,,,,,,
2.9846,2.3361,10.7113,10350.57,0.84,0.75,0.79,0.09,2.0,2.0,2.0,0.0,0.1943
0.1799,2.8988,-2.5773,,,,,,,,,,
